fips,cropland_acres,land_area_acres,cropland_share_of_land
01001,35509,380451.218769992,0.0933339104939695
01003,104184,1017512.01683928,0.102390928338742
01005,55435,566405.107425873,0.0978716457059049
01007,11423,398380.506169765,0.0286735917623746
01009,40551,412730.011274217,0.09825066966855
01011,29173,398601.604944941,0.0731883656214321
01013,16242,497176.656196511,0.0326684686369915
01015,21694,387769.718082217,0.055945575397923
01017,22465,381794.757660975,0.0588405145676421
01019,84248,354255.426348794,0.237817105212246
01021,18568,443415.510042564,0.0418749447853496
01023,8734,584626.641664752,0.0149394491758527
01025,11917,792589.047434961,0.0150355345415972
01027,17895,386535.933023047,0.0462958252290946
01029,8363,358467.486572484,0.0233298703878656
01031,56841,434551.103652059,0.130803948079515
01033,57928,379489.781647808,0.152647061400354
01035,22165,544178.777049514,0.0407310996584184
01037,3786,416581.856099808,0.00908824987109597
01039,49819,659565.172655878,0.0755330967512934
01041,21393,389673.513320118,0.054899805269612
01043,60539,470233.123880829,0.128742525622977
01045,45359,359112.360203439,0.126308657196605
01047,76472,626392.274056579,0.122083242669581
01049,86905,497329.29664983,0.174743375436396
01051,35814,395850.208103354,0.0904736167036426
01053,57211,605061.040914978,0.0945540964156032
01055,32445,342467.490002507,0.0947389195971929
01057,16315,401717.550671694,0.0406131123042058
01059,40332,405733.686969318,0.0994051056032967
01061,87425,367670.179982473,0.237781046056462
01063,23461,414094.762926633,0.0566561137701631
01065,29246,412153.654529095,0.0709589728942594
01067,82731,359610.82661431,0.23005703354068
01069,113408,371088.587143467,0.305608967586371
01071,118882,689929.255524629,0.172310420304761
01073,6971,711385.765163868,0.00979918398900522
01075,12850,387101.61802808,0.0331954179511279
01077,98755,427531.222049873,0.230988977896168
01079,127305,442038.019119337,0.287995589731461
01081,16941,388828.465056333,0.0435693410397451
01083,150019,360578.453232077,0.416050927767012
01085,44644,458294.458194239,0.0974133533621707
01087,35489,389545.719312858,0.0911035553480117
01089,139102,513025.05756893,0.271140752186964
01091,47697,625214.945905122,0.0762889631996068
01093,28546,475098.939938393,0.0600843268640035
01095,53220,362140.802949515,0.146959413483764
01097,39631,786799.380466295,0.0503698922290874
01099,44699,656427.950414505,0.0680942972823972
01101,41709,502627.011399679,0.0829820106242437
01103,56580,370988.093832911,0.152511632962224
01105,57083,460588.665107798,0.12393487796023
01107,39890,564100.823307772,0.0707143091302246
01109,35248,430122.837092631,0.0819486829349846
01111,20138,371552.186243763,0.0541996541686021
01113,17530,410356.167485576,0.0427189875259184
01115,22860,404205.015985574,0.0565554584825239
01117,17910,502681.953551406,0.0356288899441632
01119,31209,578448.718273562,0.0539529244582759
01121,40156,471562.877998133,0.0851551338614041
01123,12587,458577.66962509,0.0274479130444588
01125,28032,845342.575683385,0.033160520724203
01127,15174,506259.072297825,0.0299727962031925
01129,14578,691363.440823841,0.0210858705265476
01131,25661,568228.845709543,0.0451596222081217
01133,9458,392318.70328053,0.0241079508086491
02010,2737,,
02020,15894,1092482.81139159,0.0145485126486837
02090,51038,4694241.37435031,0.0108724703162636
02110,92,1730689.93082913,5.31579911347409e-05
02122,2947,10251218.7375719,0.000287478013633531
04001,37526,7166920.23854081,0.00523600078569318
04003,143907,3974312.46277204,0.0362092818186788
04005,12466,11914465.8367322,0.00104629113640726
04007,2570,3044849.46772509,0.000844048294420326
04009,39511,2958001.14629957,0.013357330861561
04011,4659,1179415.97348441,0.00395026021755129
04012,99798,2877810.65557936,0.034678445507357
04013,264018,5889289.93403922,0.0448301922569672
04015,33338,8532554.77154811,0.0039071533547216
04017,35267,6367674.80942648,0.00553844237582484
04019,39294,5880756.90510754,0.00668179294503272
04021,295876,3434669.18736862,0.0861439585180772
04023,3974,791206.627500698,0.00502270817997729
04025,7714,5198676.51759911,0.0014838391990511
04027,201881,3528844.42426854,0.0572088127806445
05001,360977,634969.752304198,0.568494796311282
05003,111754,592314.648525823,0.188673368585663
05005,16350,354515.920640653,0.0461192263818607
05007,70047,542548.924319622,0.129107250720001
05009,46147,377422.659390175,0.122268758517473
05011,6823,415466.929717321,0.0164224863929418
05013,3214,402304.324638363,0.00798897700860936
05015,45315,403153.632751811,0.11240131879922
05017,253653,407665.660869342,0.622208403472317
05019,22802,554221.581557775,0.0411423891792691
05021,214201,409103.206307525,0.523586705499894
05023,34156,354533.869140002,0.0963405839979485
05025,8335,382662.688624357,0.0217815853172508
05027,9487,490281.509189863,0.0193501076874717
05029,64146,353226.919389888,0.181599975762879
05031,269905,452583.808854572,0.596364683666199
05033,56120,380971.91947594,0.147307444803801
05035,341923,392233.492696473,0.871733307753489
05037,256027,394443.246156861,0.649084507072999
05039,2381,427086.636720223,0.00557498126910431
05041,242899,474385.10784429,0.512029142533134
05043,57619,530346.854428207,0.108643993113001
05045,61960,414235.579387471,0.149576721757267
05047,53910,389739.08199165,0.138323310365767
05049,33400,395516.220223289,0.0844465998920196
05051,8531,433673.31293687,0.0196714894495753
05053,14885,404408.144021917,0.0368068749851717
05055,190252,369497.745928494,0.514893533442063
05057,60727,465407.985569768,0.130481216229361
05059,18358,393564.073134171,0.0466455178538146
05061,27537,375892.262869555,0.0732576930149693
05063,88264,488775.366309493,0.180581932077385
05065,31381,371328.653480583,0.0845100417267985
05067,263397,405510.925916244,0.649543534258318
05069,251794,558301.173775924,0.451000305618305
05071,39286,423033.476376259,0.0928673549349505
05073,57872,338862.377675896,0.17078319640238
05075,196029,376017.875677616,0.521328938542454
05077,289708,383876.587136674,0.754690464872904
05079,175838,358057.907673738,0.491088162644974
05081,54739,340002.938276397,0.160995667500677
05083,73483,453833.693817735,0.161916140209527
05085,325410,493727.829868905,0.659087821900587
05087,58279,533912.042185515,0.109154683534465
05089,19400,381822.985744174,0.0508088845468257
05091,93039,399385.859107365,0.232955168237413
05093,509082,577339.450110089,0.881772412924367
05095,160038,388774.987745304,0.411646852407194
05097,17806,499489.893189671,0.0356483689515587
05099,25607,395385.36556878,0.0647646631107936
05101,13714,525488.453508916,0.02609762385534
05103,4820,468941.686665218,0.0102784634786394
05105,29477,352854.968215929,0.0835385715242688
05107,370463,441830.390305583,0.838473333044783
05109,21794,384214.575899963,0.056723511722456
05111,323983,485308.889985838,0.667581012186804
05113,25484,548376.454998713,0.0464717253406873
05115,62796,519009.23675062,0.120992066332286
05117,219326,414410.52777327,0.529248137537655
05119,38331,485354.462148624,0.0789752706306889
05121,113809,417224.090645294,0.272776674577872
05123,265707,406261.750180094,0.654029083176581
05125,25131,463050.42948521,0.0542727063830587
05127,30934,571423.948432729,0.054134937964788
05129,26199,426162.511769254,0.0614765477405143
05131,37024,339956.953447626,0.108907906205554
05133,31925,360684.112280623,0.0885123544758783
05135,24900,386970.380854442,0.0643460100099136
05137,26858,388121.821504868,0.0691999225806558
05139,8280,665002.608201306,0.012451078985082
05141,27324,454124.845238687,0.0601684763264573
05143,86582,602527.968349349,0.143697893787728
05145,159308,661738.098518704,0.240741768316816
05147,202036,375022.621689832,0.538730168035295
05149,70003,595447.01835883,0.117563776191108
06001,14619,471973.874046238,0.0309741720970085
06003,,472537.793236218,
06005,9434,380534.151783752,0.024791467351296
06007,207138,1047353.35494637,0.197772794655922
06009,4685,652810.316516923,0.00717666354446859
06011,276014,736434.687642872,0.374797663162019
06013,26729,458813.621657613,0.058256770806919
06015,6866,643968.937382662,0.0106620049530744
06017,9246,1093018.26898378,0.00845914497714328
06019,1182023,3813364.6579121,0.309968520201051
06021,241032,840939.220805837,0.28662237892654
06023,15970,2283535.72229001,0.00699354069398342
06025,702024,2672338.00480149,0.262700301660436
06027,13854,6526246.60881991,0.00212281282495163
06029,994576,5206190.48344534,0.191037189892025
06031,452269,890222.320280037,0.508040508193201
06033,19386,803252.490219725,0.0241343789605895
06035,84824,2906475.88895373,0.0291844843173754
06037,30500,2598557.25123118,0.0117372822882964
06039,390554,1367627.3524066,0.285570480374457
06041,18725,332890.273792859,0.0562497659864091
06043,3797,927257.255072156,0.0040948722474051
06045,60650,2244356.08428195,0.0270233410931333
06047,550570,1240322.51248829,0.443892612168641
06049,170943,2526869.22819045,0.0676501174231388
06051,18647,1951298.59447495,0.00955620019037503
06053,363670,2100299.29203427,0.173151512919744
06055,68190,481264.045973471,0.141689371085408
06057,4133,612966.469623156,0.00674262003685278
06059,5114,507430.700963668,0.0100782234702944
06061,22264,900533.634931611,0.0247231187557928
06063,17908,1633959.81184265,0.0109598778808426
06065,234583,4613921.93687624,0.0508424293278832
06067,134941,617779.02137453,0.218429236557374
06069,48007,888737.010607234,0.0540171045281427
06071,18906,12843626.2173866,0.00147201418664821
06073,55411,2694693.96320124,0.0205630029816717
06075,,29887.8082508309,
06077,614128,891032.063609617,0.689232211815292
06079,231838,2112538.7109156,0.109743787795263
06081,7003,287107.529531365,0.0243915581434968
06083,151355,1749722.29862653,0.0865022981754355
06085,25318,826293.884104516,0.0306404301024665
06087,21984,284867.553106037,0.0771727062640119
06089,46940,2416416.6567375,0.0194254578858
06091,5087,610027.714269324,0.00833896539617562
06093,169826,4018410.70175942,0.0422619818142639
06095,162145,525911.201147625,0.308312505316816
06097,131237,1008215.55805695,0.130167600520788
06099,432109,957536.061626819,0.451271776924895
06101,199339,385725.446153376,0.516789861773176
06103,99441,1887447.58111029,0.052685436668659
06105,1558,2034731.2098484,0.0007657031024339
06107,759238,3087295.30487525,0.245923348764552
06109,2542,1421383.07484454,0.00178839895098513
06111,139944,1178095.90787489,0.118788291398481
06113,271083,648312.579986208,0.418136263846318
06115,99158,404483.799782207,0.245147024561654
08001,474220,746713.579597405,0.635076169708442
08003,69773,462493.063529934,0.150862803146634
08005,144975,510645.726311093,0.283905244928417
08007,20400,864056.39177966,0.0236095701554652
08009,692426,1635195.28809105,0.423451562662188
08011,106434,968221.930954646,0.109927276585295
08013,30777,464886.243314639,0.06620329261748
08014,,21099.6210208842,
08015,12151,648581.371335444,0.0187347348182092
08017,519454,1138096.70236861,0.456423429502003
08019,,252846.642001372,
08021,79147,823954.086742374,0.0960575367893611
08023,41930,785659.773198353,0.0533691572744097
08025,56676,503953.603062317,0.112462733981072
08027,12920,472720.497518611,0.0273311609456735
08029,66410,730960.200869512,0.0908530996913404
08031,,97967.4351815403,
08033,81279,682989.020187532,0.119004841362871
08035,19894,538168.171429958,0.0369661400583018
08037,17892,1078060.90465761,0.0165964649331965
08039,163715,1184054.89713404,0.138266393218985
08041,34493,1360906.25827585,0.025345610537275
08043,14954,981654.212020105,0.0152334700110203
08045,63548,1886352.23115741,0.0336883000694992
08047,401,96014.463254661,0.00417645411333936
08049,40239,1181726.32527514,0.034051031223859
08051,40878,2073049.61196627,0.0197187755488531
08053,299,715027.706570674,0.000418165614076728
08055,15360,1018261.05675518,0.0150845403524973
08057,88555,1032784.41013227,0.085743935647381
08059,7813,489205.26616635,0.0159708010938363
08061,697802,1131397.5835665,0.61676108393331
08063,893957,1382925.74662199,0.64642443904427
08065,1366,241228.193011964,0.00566268802557523
08067,76417,1081396.22609371,0.0706651254702805
08069,100176,1661277.80394612,0.0603005708991277
08071,54897,3054680.3084499,0.0179714387290032
08073,614900,1649747.07291907,0.372723801177591
08075,558940,1176703.34723,0.475005022562199
08077,57663,2130381.49759412,0.0270669831037867
08079,6275,560486.667665533,0.0111956275893873
08081,93748,3035675.72369891,0.0308820864060441
08083,92081,1298783.41593009,0.0708978871077275
08085,68131,1434205.45312678,0.0475043515219277
08087,259031,819510.537703552,0.316080133302326
08089,76011,807645.233898001,0.0941143422999504
08091,13529,346029.726333144,0.0390977970111585
08093,10261,1403846.5906063,0.007309203205436
08095,391660,440273.829278801,0.889582741362497
08097,7430,621248.849929783,0.0119597806914891
08099,378200,1048580.51807554,0.360678072385046
08101,106748,1527418.36505488,0.0698878594380163
08103,43637,2061421.04574125,0.0211684071481423
08105,99839,583652.057794983,0.171059107333894
08107,143204,1511692.57168909,0.0947309014292444
08109,129699,2027882.09610317,0.0639578603949572
08113,13086,823504.034206169,0.0158906325366268
08115,200975,350746.07650022,0.572992867105882
08117,2598,389330.149273476,0.00667299977884604
08119,2043,356570.143008975,0.00572958796482457
08121,840813,1611573.55338107,0.521734176039299
08123,875694,2550373.06126288,0.34335917882005
08125,648661,1513215.04502277,0.428664122877683
09001,2846,,
09003,24294,,
09005,33409,,
09007,6154,,
09009,10577,,
09011,24070,,
09013,15765,,
09015,22443,,
10001,156461,375079.057099377,0.41714139203071
10003,62613,272855.476364439,0.229473129270717
10005,206899,599133.12713433,0.345330596205894
12001,72230,560413.000115138,0.128887088602799
12003,5038,374547.255431292,0.0134509061992691
12005,5413,485502.944559697,0.0111492629666933
12007,15822,188138.262911008,0.0840977255513622
12009,19059,649580.723318867,0.029340464265354
12011,2966,769861.938235575,0.00385263883391572
12013,30676,363095.311731027,0.0844847041779602
12015,21339,435915.335147647,0.0489521663484776
12017,9885,372423.929054752,0.0265423331553617
12019,1605,386942.537514321,0.00414790271007771
12021,86169,1277982.40644161,0.0674258108450237
12023,31227,510321.31277612,0.0611908599900068
12027,75001,407484.627760641,0.184058477033043
12029,8355,451222.083748863,0.0185163809594261
12031,2008,488075.023203927,0.00411412160945802
12033,51343,420476.171915653,0.12210680040699
12035,16231,311162.422182641,0.05216246835382
12037,89,348799.091936722,0.000255161214743489
12039,15125,330480.041760023,0.0457667577123553
12041,62554,223804.720195778,0.279502594696303
12043,42430,516366.070336173,0.082170387323041
12045,1444,354214.92034053,0.00407662104863282
12047,32513,329148.951049712,0.098778987131238
12049,82558,408044.377788632,0.202326032397303
12051,290667,739807.91158495,0.392895230570434
12053,23916,302697.952391809,0.0790094541803949
12055,80896,651302.215079303,0.12420654824604
12057,69061,654401.056665794,0.105533142553084
12059,30010,306468.225507183,0.0979220601102629
12061,41654,321617.558590697,0.129514073120027
12063,126158,587667.344050096,0.214675872799979
12065,41701,382770.834047246,0.108945082254759
12067,41646,347740.604670361,0.11976168281952
12069,47958,609363.215776116,0.0787018296450965
12071,34192,499856.871367837,0.0684035810219735
12073,12237,427793.752737177,0.0286049058026288
12075,70837,715682.463181342,0.0989782531279533
12077,625,534760.53139173,0.00116874743611579
12079,59327,445778.474028386,0.133086282663847
12081,76790,475367.509881208,0.161538174998938
12083,50315,1016590.1783544,0.0494938875776342
12085,46492,348046.295524826,0.133579930594847
12086,48289,1215951.63160711,0.0397129283310199
12087,73,629141.538872939,0.000116031124142231
12089,3002,415155.712598115,0.00723102178026884
12091,13261,595111.630873887,0.0222832142946475
12093,46684,492343.300890216,0.0948200166745231
12095,11302,577914.836966591,0.0195565146922389
12097,31336,849626.799821225,0.0368820757614915
12099,401859,1257146.56596704,0.319659625121654
12101,26179,477826.28428351,0.0547876934799742
12103,1354,175220.394460868,0.00772741097956144
12105,141588,1150796.01846452,0.123034836520305
12107,13359,466146.673005725,0.0286583617852743
12109,12508,384410.178836138,0.0325381602481753
12111,34381,365998.945749951,0.0939374290533857
12113,59909,647936.600994539,0.0924612067107241
12115,11784,355844.014209797,0.0331156336187587
12117,3369,198002.482383578,0.0170149381939235
12119,20853,356572.175203628,0.0584818486975083
12121,85965,440695.172370525,0.195066806694499
12123,2886,667735.624356233,0.00432206983532203
12125,9338,155875.196687441,0.0599069011519804
12127,17774,704714.149437767,0.0252215739022416
12129,3554,388107.599354665,0.00915725434366526
12131,26436,664510.656229594,0.0397826577379463
12133,12266,374193.155891373,0.0327798619693642
13001,66855,325287.841254966,0.205525665337113
13003,41366,219339.823723092,0.188593203449562
13005,37767,181812.780294448,0.207724671163577
13007,46558,218852.681410515,0.212736712659546
13009,9102,165567.537811464,0.0549745446499584
13011,11104,148874.551250744,0.0745862869557734
13013,4572,103063.427430453,0.0443610319779555
13015,23446,293703.771691521,0.0798287330971885
13017,16503,160075.390416524,0.103095172574987
13019,70410,290160.916330126,0.242658456178475
13021,1152,159604.899052941,0.00721782355576619
13023,14962,138162.085723655,0.108293095907124
13025,6970,283670.12219052,0.024570793519519
13027,120278,315637.902673006,0.381063234109135
13029,5876,280040.632423863,0.0209826693688729
13031,115781,432616.092579797,0.267629896311922
13033,115869,529305.514792655,0.218907600169988
13035,3259,117561.569633947,0.02772164415759
13037,66975,179445.827780672,0.373232416871014
13039,647,403374.238057542,0.00160396956215063
13043,29357,155557.987509851,0.188720620971912
13045,25647,319446.19443388,0.0802858210455487
13047,4824,103783.994628821,0.046481155569824
13049,1538,499255.577983191,0.0030805865128497
13051,5155,276938.113415092,0.018614267052052
13053,,159191.669666402,
13055,18196,200529.080294014,0.0907399563859826
13057,6837,269452.448301042,0.0253736792636653
13059,1254,76351.9977396683,0.0164239317519323
13061,25009,125058.524498644,0.199978370928815
13063,464,90723.5527985835,0.00511443815510766
13065,17840,521597.248255607,0.0342026344265865
13067,359,217412.12474616,0.00165124185423951
13069,96909,379038.260564324,0.255670759610702
13071,131456,350100.754620104,0.375480481733447
13073,3730,185724.09621919,0.0200835544548721
13075,49095,146208.400082178,0.335787820483677
13077,14223,282285.147927935,0.0503852225467811
13079,12067,207945.119513281,0.0580297341348726
13081,80208,174515.197711409,0.459604670835819
13083,6259,111408.725214979,0.0561805189667358
13085,2854,134929.97971098,0.0211517114737086
13087,113951,382233.189325322,0.298119062348129
13089,,171317.043483873,
13091,26820,317416.252393189,0.0844947282875031
13093,155678,251283.598412024,0.619531083539875
13095,18039,210331.993415768,0.0857644132357074
13097,1754,128131.579155995,0.0136890531713855
13099,77146,328063.682749264,0.235155562948923
13101,11276,269060.563383104,0.0419087801579624
13103,19579,306451.106540598,0.0638894739882631
13105,23164,224705.80677076,0.103085898548369
13107,41167,435567.572872329,0.0945134637285467
13109,23598,117052.559730678,0.201601742450534
13111,3716,247747.242416361,0.0149991578665281
13113,1491,124522.753823929,0.0119737152786407
13115,21479,326293.21593784,0.0658272956679915
13117,4513,143764.193283402,0.0313916831230954
13119,20446,167259.041357073,0.122241523292908
13121,2210,337113.269912291,0.0065556600621951
13123,7505,272777.994248278,0.0275132164553167
13125,6084,91997.1467817374,0.0661324857653928
13127,415,268566.866106085,0.00154523901632777
13129,31932,228123.541805118,0.139976785154769
13131,45054,290855.739348586,0.154901533319938
13133,7535,248010.896691831,0.0303817295953842
13135,1282,275919.540586713,0.00464628201856949
13137,7815,177194.671566592,0.0441040350192643
13139,12404,251282.051779444,0.0493628570451472
13141,6535,301482.753116766,0.0216761984970628
13143,6963,180585.746648499,0.0385578603473791
13145,7601,296840.483413177,0.0256063455786118
13147,31399,148750.177181958,0.211085462853542
13149,7472,189422.918813648,0.0394461242958191
13151,5266,203968.850209406,0.0258176677203094
13153,27294,240669.551004501,0.113408613121523
13155,66025,226792.14171887,0.2911256073495
13157,18924,217328.501814175,0.0870755554012919
13159,10534,235779.957478755,0.0446772495535342
13161,28699,211788.064838575,0.135508108173491
13163,80297,336995.241509688,0.238273394129488
13165,33107,222322.180574295,0.148914516376545
13167,27942,193932.066423753,0.144081381255151
13169,7812,252122.646462947,0.0309849198776679
13171,21168,117440.391626158,0.18024463054741
13173,30586,125784.244338416,0.243162410052803
13175,70921,516694.892231143,0.137258953139164
13177,62501,227740.459769272,0.274439597001433
13179,858,330536.075870429,0.00259578322196921
13181,6927,134643.959927474,0.0514467934820932
13183,6403,256255.354476953,0.0249867949611015
13185,31806,318232.77431758,0.0999457081949053
13187,7459,181083.915297386,0.0411908478328978
13189,15945,164718.352509391,0.0968015995612327
13191,2536,276062.27606794,0.00918633301196096
13193,78391,256423.709596976,0.305708860242323
13195,26061,180687.049723388,0.144232804951415
13197,16786,234061.636821673,0.0717161523261026
13199,21186,320580.211683892,0.0660864246383694
13201,87600,180750.606957119,0.484645675468089
13205,135716,327781.10810898,0.414044606728455
13207,12612,253498.602614654,0.0497517535399265
13209,18320,154332.89265272,0.118704442618228
13211,26720,222343.218385118,0.120174567023307
13213,15589,220476.216150026,0.0707060392826783
13215,317,138559.813942538,0.00228782062403363
13217,6381,175241.173305251,0.0364126756266633
13219,7809,117978.75542474,0.0661898828470133
13221,18310,280999.671882535,0.0651602184348956
13223,4002,199926.296122605,0.0200173767914241
13225,31987,96181.7627404971,0.332568244629727
13227,6438,148518.007591502,0.043348278800694
13229,43780,217891.899117591,0.200925322039499
13231,9469,138295.117623675,0.0684695176713814
13233,21006,198617.491599501,0.105761077893166
13235,39407,159527.269661973,0.247023597178719
13237,15270,220596.343465735,0.069221455623864
13239,3083,96791.937833852,0.0318518263916993
13241,1982,236886.060222297,0.00836689165305914
13243,56272,274071.058652822,0.205319015720234
13245,10758,207577.566073788,0.051826409777711
13247,1835,83083.8762905608,0.0220861144415391
13249,4995,106821.482173158,0.0467602573787835
13251,91381,413325.415890528,0.221087299466246
13253,58651,152029.424229482,0.385787161250237
13255,5510,125421.104448133,0.043932000314019
13257,4445,114471.642868286,0.038830577500443
13259,20529,293599.013094984,0.0699218971603238
13261,75123,309041.428480897,0.243083913924646
13263,3202,250481.527210314,0.0127833778229541
13265,2020,124548.313416119,0.0162186058132408
13267,58327,307737.507748544,0.189534907287478
13269,33349,241079.244313037,0.138332107747513
13271,22653,279876.766714401,0.0809391942958814
13273,100451,214906.509789151,0.467417204339479
13275,92733,348565.023835624,0.266042183405444
13277,50652,166969.679720395,0.303360466911245
13279,29533,232968.001533024,0.126768482390976
13281,1932,106546.425961197,0.01813294047708
13283,13861,127635.88304355,0.108597987254655
13285,7771,264965.717349786,0.0293283224627184
13287,51562,182667.15653926,0.282272965632538
13289,20272,229926.144177129,0.0881674420825453
13291,14790,206133.244264742,0.071749707587219
13293,9522,207018.680173313,0.0459958492249507
13295,29378,285622.875182032,0.102855907396342
13297,18158,209165.026640042,0.086811836049669
13299,19532,575513.547430387,0.0339383843998261
13301,8638,181989.062555095,0.0474643908745064
13303,35885,434256.561698173,0.0826354813377387
13305,22408,410760.079763724,0.0545525261678045
13307,44506,134180.714929189,0.331687008997434
13309,21233,189113.302195995,0.112276607480495
13311,5322,154076.290764823,0.0345413299708994
13313,10398,185884.692971566,0.0559379034054758
13315,46736,241798.886348859,0.193284595746942
13317,18056,300480.494679852,0.0600904229049471
13319,4935,287497.195937193,0.0171653848097987
13321,126385,365242.498108946,0.346030378869826
15001,53076,2578195.47995901,0.0205864917585085
15003,22756,384502.810736103,0.0591829223730128
15007,20514,396697.392840263,0.0517119607293722
15009,61707,743385.475121055,0.0830080786686766
16001,42862,673290.053179822,0.0636605275803064
16003,15981,872195.244632314,0.0183227323220926
16005,180641,711992.85094575,0.253711817134192
16007,80192,624465.730050197,0.128416974929199
16009,76672,497236.05192852,0.154196381583011
16011,363334,1339988.71932601,0.271147058747442
16013,65168,1688152.2147091,0.0386031540474741
16015,5603,1215715.5881456,0.00460880822343207
16017,29739,1109264.19026525,0.026809663794239
16019,245149,1194214.58149909,0.205280528137804
16021,47442,811954.420374326,0.0584293881645824
16023,62624,1431351.49692654,0.0437516571816698
16025,91268,687509.906785866,0.132751541612951
16027,228177,375711.738056623,0.607319327259379
16029,202628,1129083.98234001,0.179462292592317
16031,366476,1641990.0228377,0.223190150307158
16033,74836,1128412.77122912,0.0663197031335307
16035,23877,1572680.66560002,0.0151823574373824
16037,35609,3150192.99111632,0.011303751897239
16039,101245,1968050.39088082,0.0514443128433754
16041,114176,424332.113007144,0.269072258497857
16043,203276,1192934.11897477,0.170400021901209
16045,27426,358252.448798092,0.0765549547309781
16047,140588,466766.053762944,0.301195853611498
16049,171167,5425599.11415598,0.0315480367049985
16051,182195,699955.512621052,0.260295114067683
16053,150930,382427.634572788,0.394662901828747
16055,55698,792179.443084361,0.0703098275097105
16057,228085,688554.951519501,0.331251702564426
16059,37311,2920764.49246599,0.0127743952298251
16061,167431,306445.751766992,0.546364239133937
16063,60741,768872.7188083,0.0790000718118135
16065,142882,300330.95935275,0.475748488627107
16067,278599,484477.522464367,0.575050414274876
16069,207955,542925.074802425,0.383027068837586
16071,171013,767328.740387518,0.222867971703542
16073,129722,4907650.02521988,0.026432610176637
16075,64778,260411.817225444,0.248752152226334
16077,343636,898448.577518321,0.382477092845075
16079,559,1687951.79519484,0.000331170594795022
16081,80005,287418.145443179,0.278357512455026
16083,249600,1229896.88070983,0.202943843435023
16085,6428,2345675.82395822,0.00274036161960055
16087,69792,929825.516185356,0.0750592436808191
17001,328198,547296.732237225,0.599671038886713
17003,45761,150652.185847954,0.30375264548889
17005,133047,243415.269364433,0.546584445369393
17007,117544,179673.93520577,0.654207299825563
17009,88340,195665.114314437,0.45148569436878
17011,419356,556205.690245293,0.75395848578079
17013,56373,162450.829517505,0.347015771895
17015,226630,285060.125047609,0.795025259889118
17017,131686,240482.51274083,0.547590752022451
17019,526778,637506.682679035,0.826309769469847
17021,332299,454069.207732417,0.731824564055935
17023,213107,320879.904302338,0.66413320729243
17025,187059,299744.517989924,0.624061454916376
17027,248692,303322.388183807,0.819893320401058
17029,184495,325293.978364209,0.567163895648366
17031,9169,604752.142879772,0.0151615833163287
17033,204211,283931.807036105,0.719225514505434
17035,131840,221403.944144555,0.595472680079815
17037,344166,404055.723810167,0.851778553597958
17039,172097,254439.054312356,0.676378083801275
17041,211069,266653.942054094,0.791546520460523
17043,209,209814.424276313,0.000996118358977836
17045,305335,398927.092894111,0.765390482217879
17047,101403,142335.780860101,0.712421004664083
17049,239219,306412.133327013,0.780709945792839
17051,270163,458523.324974173,0.589202305063144
17053,260462,310781.99875359,0.838085864189686
17055,143430,261713.008678864,0.548043067190428
17057,293076,554037.405021522,0.528982334664959
17059,160484,206682.31316264,0.77647669771198
17061,241424,347612.183015434,0.694521112308888
17063,182204,267601.627020509,0.680877773534747
17065,190878,278174.331226737,0.686181212904282
17067,338568,507998.92448228,0.66647385197724
17069,19444,113528.883947641,0.171269190041254
17071,162550,242427.378375686,0.670510076415952
17073,414221,526759.312776818,0.78635724125394
17075,637185,715132.779979467,0.891002367446078
17077,240838,373484.857228066,0.644840066040305
17079,214489,316552.771056403,0.677577388705855
17081,188580,365590.063935486,0.515823646764311
17083,128255,236515.315663913,0.54226932255943
17085,207282,384591.196871411,0.538967094635047
17087,51338,219991.342511952,0.233363728834969
17089,138648,332392.671015294,0.417121110331643
17091,309237,432953.672136575,0.714249629698143
17093,124123,204952.061516447,0.605619670676204
17095,371828,458486.456110012,0.810990150406496
17097,23275,283907.413287103,0.0819809519255597
17099,574703,726488.232735033,0.791069936310459
17101,175502,238194.297885656,0.73680185276412
17103,347472,463851.908375322,0.749101154325415
17105,579188,667921.860762942,0.867149338903828
17107,358401,395553.508425282,0.906074633054861
17109,231793,377166.729381809,0.614563751102643
17111,165895,386173.886079864,0.429586271832196
17113,575956,757278.480709912,0.760560368043298
17115,251582,371550.87732656,0.677113190554741
17117,387530,552303.037835209,0.701661901985822
17119,238664,457929.889787749,0.521180218462309
17121,199322,366424.074743217,0.543965349819552
17123,185426,247566.308891128,0.748995292738096
17125,289571,345185.175739597,0.83888596716114
17127,101201,151776.654451834,0.666775798725463
17129,131093,201210.337721267,0.651522190582478
17131,218545,359193.466120012,0.608432559647343
17133,168292,246592.398630627,0.682470347563658
17135,340250,450410.174293513,0.755422544647656
17137,249580,364133.452340316,0.685408051350209
17139,183224,215013.155035273,0.852152511179804
17141,325320,485538.289524973,0.670019248777016
17143,226052,395964.858081187,0.570889045799239
17145,143672,282833.67665347,0.507973455282795
17147,223408,281080.416036831,0.794818803636345
17149,341442,532065.014219686,0.641729846681896
17151,42018,236075.100640032,0.177985733718141
17153,85594,127531.239103909,0.671161047296499
17155,39225,102462.076964464,0.382824564581138
17157,203893,368234.980103136,0.553703507317239
17159,196941,230421.833370624,0.854697652210886
17161,120382,273597.495769353,0.439996717299942
17163,253333,420950.548517141,0.601811782624828
17165,118046,243194.124627655,0.485398239701454
17167,434823,555667.063526585,0.782524336138193
17169,136879,279872.236284346,0.489076736646835
17171,90248,160505.332281296,0.562274154492479
17173,320915,485445.789826388,0.661072784491077
17175,153091,184387.540279168,0.830267597085008
17177,267273,361117.841282464,0.740126821346777
17179,318086,413740.046364577,0.768806410679693
17181,94550,264583.457680648,0.35735416276146
17183,419530,574924.012555296,0.729713824502416
17185,111722,142926.739309292,0.781673188235512
17187,247865,347125.805494012,0.714049477385443
17189,307204,360062.236994583,0.853196943295727
17191,255730,456850.99359376,0.559766758934532
17193,229514,316788.904958487,0.724501383752933
17195,309844,437823.518235799,0.707691540300326
17197,228134,534959.798406496,0.426450736447021
17199,66989,268934.419792684,0.249090466187409
17201,134411,328351.792302976,0.409350590283901
17203,244452,337636.608962392,0.724009166989438
18001,194254,216912.297278849,0.895541665626632
18003,303989,420573.488192325,0.722796392389309
18005,117050,260441.376959541,0.449429354761027
18007,209730,260107.191148066,0.806321421081401
18009,71489,105652.229919764,0.67664449727461
18011,197003,270644.643300641,0.72790282341248
18013,7719,199671.982924746,0.038658403081564
18015,180776,238223.773603923,0.758849535733418
18017,206665,263772.243332735,0.783497904816705
18019,63488,238391.884336725,0.266317790878838
18021,153589,228864.223134394,0.671092221827128
18023,199172,259242.99938331,0.768283041292504
18025,26133,195592.507093232,0.133609412693623
18027,159536,274889.126468477,0.580364898566823
18029,19722,195255.569022023,0.10100608192013
18031,149496,238443.381592336,0.626966447974603
18033,166001,232213.773886761,0.714862849095894
18035,146999,250950.0486498,0.585769960161023
18037,116979,273450.857752844,0.427788016323322
18039,165733,296422.731751061,0.559110291646541
18041,78443,137613.375869875,0.570024530712584
18043,9305,95029.7105042527,0.09791674572747
18045,169977,253227.253477618,0.671242915861833
18047,100256,246032.520107837,0.407490846966317
18049,159449,235771.48052866,0.676286205789075
18051,228940,311921.851644279,0.733965891755115
18053,150470,265016.674927245,0.567775593899171
18055,148040,347179.090062844,0.426408168686666
18057,115558,252403.721667779,0.457830016278844
18059,169667,195812.549987116,0.866476638045744
18061,96468,309811.60109608,0.311376332127999
18063,106925,260411.866646521,0.410599568203006
18065,161266,250801.566238727,0.643002364054211
18067,132328,187567.469990645,0.705495467879371
18069,205728,244889.129162302,0.840086290084573
18071,131346,326385.79891094,0.402425597064167
18073,286380,358195.002727539,0.799508641436394
18075,179668,245699.382023177,0.731251330469572
18077,52829,230846.899104912,0.228848644728777
18079,81026,241022.221781107,0.3361764712035
18081,113578,205065.525635557,0.553861989468922
18083,296444,330131.607852279,0.897957035766921
18085,261880,340125.568028299,0.769950937584942
18087,135706,242963.714427512,0.558544309053556
18089,111576,319289.289930106,0.349451120093707
18091,261283,382904.840777994,0.682370584475034
18093,58229,287453.369326819,0.202568507498678
18095,184642,289229.482496198,0.638392733709045
18097,12949,253433.504184661,0.0510942704346023
18099,182249,283916.664171252,0.641910190555324
18101,37333,214886.723567084,0.173733394880235
18103,181843,239259.03247026,0.760025643013513
18105,19894,252493.981108981,0.0787899969441784
18107,224288,322974.209634513,0.694445541809084
18109,110531,258453.166075594,0.4276635557549
18111,163644,257122.990149404,0.636442505218663
18113,140236,262941.311458051,0.533335744095781
18115,7458,55135.83885584,0.135265920583886
18117,59319,254962.284388985,0.232657940534843
18119,46228,246588.698968863,0.187470067336043
18121,129964,284621.481861056,0.456620488201395
18123,35269,244313.676081558,0.144359499499432
18125,68146,213984.384414925,0.318462490551936
18127,105600,267592.321278966,0.394630157903192
18129,230423,262006.371198766,0.879455713026131
18131,230969,277551.927876498,0.832164999778974
18133,140846,307543.869300147,0.457970436284462
18135,223436,289522.69304629,0.771739160233205
18137,136442,285713.484277348,0.477548339537076
18139,171935,261207.50050595,0.658231481358566
18141,141832,292979.682253052,0.484101828868451
18143,33011,121857.612575055,0.270898135146606
18145,199029,263127.294087534,0.756398155843878
18147,129934,254008.217184789,0.511534632383464
18149,83952,197852.291733006,0.424316540711542
18151,81491,197619.340301124,0.412363485657969
18153,151178,286205.337159802,0.528215167125238
18155,28353,141227.209780908,0.20076159575754
18157,213719,319294.470494419,0.669347639090217
18159,158350,166746.11779878,0.94964729668302
18161,61860,103161.67109362,0.599641313912622
18163,48697,149376.768968405,0.326001160262745
18165,84884,164412.309035547,0.51628737834737
18167,87806,258324.032015853,0.339906431913433
18169,166621,264024.954546408,0.631080498759115
18171,171984,233401.889423625,0.736857788189746
18173,107398,246162.923300814,0.436288286472607
18175,132342,328760.646194533,0.402548180665428
18177,127419,257122.877222245,0.495556837946649
18179,192626,235575.759723217,0.817681752258044
18181,281918,323287.238530372,0.872035658696482
18183,145401,214797.840502854,0.676920213255439
19001,275142,364333.209612157,0.755193303110898
19003,183787,270997.074385027,0.67818813327438
19005,190814,409005.505781985,0.466531617062659
19007,127560,318271.212300911,0.400790253940397
19009,233692,283494.691949228,0.824325839729842
19011,340015,458305.43263842,0.741896071452975
19013,271874,362084.30601073,0.750858282137043
19015,310616,365094.982868334,0.850781343418293
19017,222606,278706.764001965,0.798710432440134
19019,335890,365490.278581847,0.919012131603883
19021,301760,367935.432782653,0.820143897851381
19023,297323,371288.3945777,0.800787216465983
19025,290601,364701.495472,0.796818778118532
19027,319150,364450.094163951,0.875702888024026
19029,258335,361125.353533152,0.715361016534898
19031,337692,370855.442475177,0.910575823685272
19033,317458,363711.927626137,0.872828125467246
19035,284338,369220.200871136,0.770104125747006
19037,249939,322767.223541856,0.774363013868998
19039,103015,275911.345830963,0.373362681732965
19041,283746,363032.261804643,0.781599956404677
19043,311393,498216.667887745,0.62501521942289
19045,307766,444773.549077305,0.691961112881981
19047,401881,457086.987139987,0.879222142189141
19049,254834,376469.075029894,0.676905533289194
19051,127753,321400.560776424,0.397488416608174
19053,141247,340404.81366489,0.414938315587541
19055,303494,369717.436944315,0.82088094764573
19057,123052,266322.576950543,0.462041188580311
19059,151337,243540.773693232,0.621403133877806
19061,254871,389311.072985168,0.654671849032432
19063,201428,253369.335612218,0.794997545828852
19065,367999,467722.735589176,0.786788778904329
19067,281412,320365.188488718,0.878410046133681
19069,317147,372462.044071349,0.851488104756379
19071,238007,327147.314930415,0.727522400881159
19073,290956,364517.015984549,0.798195933910346
19075,309513,321187.49935087,0.963652074335196
19077,243073,377986.408324548,0.643073387420036
19079,350607,369107.617435604,0.949877443429269
19081,326880,365442.925036369,0.894476203000697
19083,310937,364356.398969532,0.853386960897045
19085,329362,445999.580216724,0.738480515699037
19087,190735,277944.179498822,0.686234913585618
19089,265610,302877.767270982,0.876954430802975
19091,214033,277998.001274753,0.769908413076919
19093,191499,276168.517049658,0.693413579671597
19095,286458,375331.251862804,0.763213823997555
19097,204268,407066.722151872,0.50180471378299
19099,376681,467472.747229696,0.805781732159277
19101,167974,278735.470728287,0.602628720202397
19103,222627,392318.290120333,0.567465258710511
19105,262257,368395.763420075,0.711889294179947
19107,219115,370672.1098038,0.591128909364073
19109,561473,622547.8599369,0.901895317826504
19111,164216,331232.051882596,0.495773277575824
19113,298331,458886.660077707,0.650119138240979
19115,159578,257137.068484275,0.620595081606286
19117,98072,275635.739315319,0.355802916717591
19119,285622,376069.99069668,0.75949160280212
19121,215369,359043.883101572,0.599840326312071
19123,260507,365344.563009725,0.713044688153922
19125,178626,354873.743564453,0.503350848687282
19127,304498,366401.945962138,0.831049079721496
19129,192439,279955.693902831,0.687390912887785
19131,239678,300324.02557576,0.798064688765764
19133,367975,444206.288775468,0.828387641729223
19135,112819,277573.252576668,0.406447663644531
19137,207007,271421.976041343,0.762675900526451
19139,170915,279961.619489867,0.610494396737072
19141,252795,366742.428760037,0.689298483556169
19143,189608,255159.485108554,0.743096028428393
19145,239671,342363.922948117,0.700047475610684
19147,348895,360872.835061676,0.966808709611992
19149,483108,552210.165254603,0.874862562113932
19151,305474,369434.207721878,0.826869828551369
19153,161105,366323.86239148,0.439788440065725
19155,508806,608814.275867227,0.835732702350369
19157,250979,374350.651965429,0.670438260711719
19159,213082,342710.109679526,0.621755804634
19161,324601,368014.093591482,0.882034154812362
19163,186204,293181.52287036,0.635115058333114
19165,319048,378096.820692203,0.843826190910311
19167,454943,491463.31340819,0.925690662127088
19169,277178,366428.257248896,0.75643183765636
19171,314988,461447.181850374,0.682609001396256
19173,239968,340417.037720983,0.70492358903812
19175,152957,271132.869170313,0.564140380574513
19177,144499,310266.918953743,0.465724803943869
19179,148040,276379.191437232,0.535640904187322
19181,223392,364580.827736823,0.612736553884996
19183,256810,364050.113085309,0.705424859845658
19185,233708,336299.933423366,0.694939180097269
19187,335107,458050.818219103,0.73159349720822
19189,187863,256313.011081291,0.732943673859844
19191,307133,441499.907121137,0.695658130491361
19193,423507,558653.60757847,0.758085143020424
19195,147388,256078.995366533,0.575556772194609
19197,352056,371463.699042354,0.947753443762103
20001,145938,320190.314975849,0.45578517892088
20003,172471,370970.408747898,0.464918483881573
20005,142103,275951.612147008,0.514956223282716
20007,223235,725808.001536427,0.307567565427007
20009,411762,572964.587965603,0.718651743316325
20011,127171,406695.091967803,0.312693717017042
20013,272572,365357.678869137,0.746041525235409
20015,321178,915018.112454641,0.351007259450202
20017,72254,494754.089898581,0.146040227812591
20019,54731,408883.824420535,0.133854647044461
20021,194573,376042.753258954,0.517422549201504
20023,399279,652729.339095148,0.611706837865607
20025,182255,623768.189860968,0.292183864073965
20027,243606,412990.785289367,0.589858197028087
20029,224207,457818.725231314,0.489728767399627
20031,188166,401206.204634154,0.469000722886581
20033,164980,504510.382883629,0.32701011831912
20035,235615,720472.351415592,0.327028510583454
20037,216316,377453.285878202,0.573093434586768
20039,324903,571851.104925646,0.568160133295965
20041,302753,542123.348312722,0.558457777076516
20043,126183,251824.179981401,0.501075790296704
20045,162496,291690.136134922,0.557084316093695
20047,271996,398012.449623716,0.683385658557031
20049,46197,412329.188307542,0.112039121435039
20051,329911,575943.907150358,0.572817935747122
20053,135634,457968.078935961,0.296164746493098
20055,695042,833278.351304812,0.834105432970446
20057,537636,702893.294132577,0.764889926377066
20059,152944,365933.960494224,0.417955195504229
20061,83462,246177.009048848,0.339032472294921
20063,394218,685866.17538225,0.574773934259541
20065,231654,575057.181598803,0.402836461160165
20067,291934,367877.135928273,0.793563860019069
20069,437987,556075.120009078,0.787639986469544
20071,448464,498178.757721508,0.90020699005938
20073,162310,731714.526616611,0.221821481050142
20075,489566,637768.691973985,0.767623130707034
20077,286615,512815.412375268,0.55890480879358
20079,292580,345443.729512899,0.846968623261911
20081,289791,369613.463401574,0.784037998326785
20083,336139,550394.902191291,0.610723316407415
20085,126187,419980.391787378,0.300459265402763
20087,105932,340880.490287788,0.310759937920082
20089,298832,582381.314913715,0.513120858014263
20091,30333,303112.655267735,0.100071704275123
20093,461332,557147.676961622,0.828024631666512
20095,265264,552588.204610939,0.480039200595613
20097,170763,462489.302091824,0.36922583771699
20099,200602,413051.645120759,0.485658397369056
20101,348571,459141.620691664,0.759179704673479
20103,94949,296580.415130995,0.320145886767548
20105,141415,460413.345322611,0.307147917054643
20107,142890,380211.833455305,0.375816814278078
20109,270638,686715.67006026,0.394104884742547
20111,244853,542385.989703236,0.451436808192576
20113,462367,574902.389351826,0.804253049846072
20115,338516,604351.245781483,0.560131218993794
20117,316869,576113.974216461,0.550010959951032
20119,387565,625972.884827102,0.619140236572784
20121,157131,368562.522486443,0.426334720470066
20123,289112,449146.877685796,0.643691438955633
20125,161470,411899.980592857,0.392012642893531
20127,176194,445019.308969505,0.395924393501033
20129,383167,467027.596522934,0.820437599089895
20131,301433,459153.540066822,0.656497170763688
20133,155703,365748.010976862,0.425711132602305
20135,429502,687833.207605308,0.624427543263448
20137,248670,561947.959436619,0.44251428593015
20139,180458,451524.131034485,0.399664132206076
20141,246217,571210.016702023,0.431044611965272
20143,222968,461267.45741177,0.48338116296151
20145,350434,482728.180197755,0.725944774668926
20147,248684,566957.510269571,0.438628989819287
20149,167637,538070.248015364,0.311552256639942
20151,397451,470424.632280841,0.844877101934415
20153,363951,684426.480868569,0.531760547222149
20155,606484,803396.918372811,0.754899584664034
20157,220346,459121.416120186,0.479929692372091
20159,302474,464789.43236847,0.650776413866932
20161,90613,390182.066819747,0.232232610633693
20163,328365,569937.241873207,0.576142381783591
20165,255856,459368.296882395,0.556973569435295
20167,243878,567206.397774579,0.429963415357883
20169,203613,460957.627789279,0.441717389462702
20171,398799,459254.453703631,0.868361747575682
20173,390720,638080.59925852,0.612336435951877
20175,280184,409377.829837964,0.684414200228918
20177,100817,348176.45606032,0.289557200796294
20179,320248,573412.559874499,0.55849491694094
20181,558204,675880.970396984,0.82589098443197
20183,364148,573097.122442491,0.635403644059548
20185,306067,506909.447235877,0.603790285758039
20187,384749,435425.228806026,0.883616691331864
20189,367091,465446.193745094,0.788686221808574
20191,657054,756267.42235617,0.868811720003663
20193,526711,687799.326739414,0.765791677198827
20195,267083,569263.425036081,0.469172949207253
20197,102107,508375.056185075,0.200849744214885
20199,377554,584737.394296516,0.645681298447188
20201,265340,572645.551937931,0.463358178723372
20203,392738,459882.436693373,0.853996518814348
20205,177063,365070.532285095,0.485010386600379
20207,136142,318603.923881683,0.427307982718248
20209,5492,97048.0146228146,0.0565905446015061
21001,61390,259387.147318895,0.236673253222243
21003,51635,219983.339262873,0.234722321122228
21005,19621,129446.104909985,0.151576596403918
21007,76698,158140.686743357,0.484998526182397
21009,125500,311913.706803816,0.402354873359046
21011,48515,177915.152772288,0.2726861610382
21013,1862,229759.431319468,0.00810412869368132
21015,26443,157611.29954195,0.167773504037139
21017,69060,185439.900567607,0.372411761377225
21019,6282,102314.430016684,0.0613989639484441
21021,52898,115414.987428684,0.458328690047177
21023,30766,129705.727414059,0.237198469284134
21025,5084,315149.926379769,0.0161320044031156
21027,110973,364623.823578906,0.304349284999435
21029,13686,190133.828886621,0.071980878311566
21031,78039,272711.437155222,0.286159615504435
21033,85233,220694.233026891,0.386204020064334
21035,106588,246303.732101386,0.432750243330155
21037,13141,96844.7519140385,0.135691400311131
21039,95352,121256.231715105,0.786367831585204
21041,12004,82367.9188430751,0.145736351829766
21043,21319,262078.374000209,0.0813458954075433
21045,65799,284324.883743296,0.231421883071645
21047,261610,459302.431931511,0.569581133937932
21049,51330,161588.343521194,0.317659051893601
21051,7577,300349.245645155,0.0252272982531535
21053,21087,126120.544877742,0.167197184411478
21055,84196,230122.418992836,0.365874825966527
21057,22343,195293.895807932,0.114407057668479
21059,226806,293373.903305263,0.77309534844346
21061,39792,193795.792006923,0.205329535734081
21063,8390,149965.364101732,0.0559462516578728
21065,12812,161971.89579858,0.0791001422612991
21067,34319,181667.345434039,0.188911220770057
21069,66449,223150.305331852,0.297776872414234
21071,2339,251712.185397992,0.00929235903419501
21073,24744,133061.457283584,0.185959183862424
21075,83847,131796.36619659,0.636185977046833
21077,11514,62900.076738528,0.183052240903664
21079,43965,147151.674958858,0.298773357573347
21081,31316,165104.510265914,0.18967380085234
21083,199265,353124.192740899,0.564291555481753
21085,100930,319703.005620035,0.315699252824526
21087,85007,183016.203268349,0.464477999663002
21089,17965,220450.293312927,0.0814922934781442
21091,26630,120112.061893409,0.221709623331854
21093,98625,399295.538631135,0.24699750049326
21095,496,298131.0303081,0.00166369800381871
21097,68065,196133.126469732,0.347034696408126
21099,72519,264108.504582305,0.274580328697445
21101,162388,279270.796613315,0.581471467726883
21103,58195,183200.518183615,0.317657398445092
21105,94224,155091.772799097,0.607537062085532
21107,149451,346999.737270733,0.43069485059407
21109,22914,220945.527585415,0.103708820225572
21111,6542,243731.015678167,0.0268410648591328
21113,30038,110151.434503548,0.272697311073444
21115,4219,167658.179065049,0.0251642957327068
21117,10542,102637.476317584,0.102711021141835
21119,1238,224975.322632974,0.00550282575667058
21121,8800,247251.310071171,0.0355913179892431
21123,68716,167065.607759037,0.411311465727351
21125,31814,277570.061457778,0.114616107489818
21127,7048,265982.243404294,0.0264980094527852
21129,5508,133645.232132244,0.0412135914773957
21131,2650,256561.983096339,0.0103288880449795
21133,661,216277.507277177,0.00305625863882773
21135,31105,309028.866384643,0.100654027450252
21137,67092,213058.013276043,0.314900148407345
21139,76444,200294.172775936,0.381658632103671
21141,194163,353418.217750327,0.549385940645445
21143,20344,136822.392533716,0.148689111652443
21145,39814,159222.736990428,0.250052227166485
21147,3379,273090.926773039,0.0123731683067165
21149,95634,161616.078629158,0.591735678845672
21151,56672,280274.585868065,0.202201708101631
21153,9591,197403.802632547,0.0485856902050309
21155,89538,219872.648160348,0.407226641190504
21157,51415,193359.961373816,0.265903032017064
21159,1796,146957.881328282,0.0122211887090832
21161,54185,153681.359531748,0.352580170848934
21163,69608,195496.487131388,0.356057548764128
21165,8505,130264.619245063,0.0652901766365264
21167,67482,159604.918080055,0.422806520073224
21169,59474,185376.779721979,0.32082766832608
21171,62262,210863.848458615,0.295271097701794
21173,27560,126320.777086126,0.218174718646716
21175,25143,243906.288266227,0.10308467312887
21177,72781,299059.208281528,0.24336652403455
21179,89973,267958.586311003,0.335772035666639
21181,34157,124995.751083181,0.273265288651847
21183,75500,375740.810746013,0.2009363844457
21185,21114,119868.152326301,0.176143534293614
21187,51756,224310.298793725,0.230733944354444
21189,5689,126337.271864518,0.0450302584189152
21191,30695,177374.772593796,0.173051666542763
21193,2266,217423.164426161,0.0104220725789756
21195,7644,503182.079522017,0.015191320023283
21197,12029,114535.559146135,0.105024152234262
21199,90550,421183.680335951,0.214989336547356
21201,7383,63738.0251705057,0.11583352292842
21203,27760,202602.710813171,0.137016922866342
21205,9856,179123.79485894,0.0550233988050644
21207,49606,162093.977717852,0.306032344312917
21209,47843,180604.246687058,0.264905177356654
21211,99543,243065.725212212,0.409531207713849
21213,94329,149872.186840191,0.629396300866573
21215,28043,119468.969645146,0.234730408099234
21217,45998,170505.099186664,0.269774922975428
21219,139477,239688.380787906,0.58190972604308
21221,63286,282516.812929203,0.224007907153686
21223,19586,94573.1173357185,0.207099020861003
21225,190949,219441.950894427,0.870157229379834
21227,140803,346703.177948517,0.406119727062058
21229,64237,190261.96587615,0.33762396863814
21231,38469,293147.672151323,0.131227376692735
21233,142680,212496.943705316,0.671444951217105
21235,16398,280269.78634025,0.0585079120162196
21237,8533,142181.977281754,0.0600146387266134
21239,35700,121327.024935707,0.294246067757104
22001,186126,419356.071146488,0.44383761868797
22003,48387,487733.83837964,0.0992077977627148
22005,26106,185580.693059223,0.140671960911736
22007,53200,220173.354899279,0.241627784725981
22009,202768,532272.135231881,0.380947989906827
22011,37822,740785.556101969,0.05105661103737
22013,4332,519259.932819912,0.00834264253063872
22015,22533,537328.563685347,0.0419352357623688
22017,81155,562859.749134074,0.144183342519788
22019,79126,681012.072861061,0.116188835929996
22021,16642,339052.906797284,0.0490837850564427
22023,33804,822168.975971862,0.0411156355784908
22025,204800,453089.317521696,0.452008008311061
22027,10283,483068.41391343,0.0212868399254164
22029,212030,446169.546958042,0.475222931384735
22031,38333,560927.379618335,0.0683386145744614
22033,14138,291521.309784937,0.0484973122905834
22035,238859,269367.718831162,0.886739513689521
22037,25993,290107.383420386,0.0895978575020764
22039,99053,423955.58272337,0.233640041637644
22041,184259,399551.003092963,0.461165154319807
22043,16881,412000.178859588,0.0409732831833384
22045,94580,367834.265368618,0.257126670635805
22047,68480,395980.451913361,0.172937829807274
22049,7356,364401.725262463,0.0201865125493075
22051,273,192552.783986513,0.00141779305574269
22053,199550,416973.067902689,0.478568078757955
22055,20885,172049.001251883,0.121389835733042
22057,43383,683387.550757587,0.0634822802257762
22059,4950,399906.264522384,0.0123779006210665
22061,11793,301847.228117423,0.0390694328172275
22063,6057,414804.113517546,0.0146020731294985
22065,185958,399286.452566275,0.465725793612129
22067,208806,508767.917169268,0.410415030023463
22069,77141,801925.37246973,0.0961947366279545
22071,104,108479.675419197,0.000958704933418299
22073,49869,390623.681448507,0.127665070932403
22075,902,499580.748896157,0.00180551392741415
22077,148377,356400.147850538,0.416321376112965
22079,114387,847430.143193135,0.134981037574363
22081,31634,248947.079149867,0.127071183594632
22083,153840,355592.401379542,0.432630167020354
22085,25664,554639.809144855,0.0462714712807377
22087,1631,241610.568573526,0.00675053251862888
22089,4079,177754.735171312,0.0229473493129105
22091,9244,261456.990453877,0.0353557194395638
22093,39929,152231.225557035,0.262291785761392
22095,13749,137263.2643637,0.100165183042492
22097,182550,591378.531056503,0.308685537964783
22099,80436,471980.87305905,0.170422160285162
22101,50694,357457.389211568,0.141818302068994
22103,15017,540979.520731978,0.027758906621236
22105,32720,506349.753053701,0.0646193659672425
22107,192143,386113.447810253,0.497633535142823
22109,7035,787128.417590051,0.00893755052261871
22111,18393,561224.298231775,0.0327729930046686
22113,194224,750114.885089191,0.258925671068247
22115,9078,849104.8786618,0.0106912587927972
22117,29667,428567.729539699,0.0692235974739947
22119,6604,379723.918197097,0.0173915828935805
22121,35526,123101.64534148,0.288590781231656
22123,73314,230198.967297762,0.318481011711788
22125,14176,258122.391553903,0.0549196833124788
22127,2859,608002.213700752,0.00470228551076814
23001,14888,299490.589535144,0.0497110778108537
23003,172979,4269527.00389798,0.0405147923510202
23005,18252,535163.4619202,0.0341054673921697
23007,11268,1086084.16927329,0.010374886513206
23009,11714,1015761.95549601,0.0115322295116673
23011,33245,555182.235355902,0.0598812387768283
23013,8442,233693.292892066,0.0361242716704712
23015,6029,291754.603457771,0.0206646268080998
23017,16827,1329252.58802238,0.0126589935965705
23019,36537,2174196.50118143,0.0168048288092388
23021,8636,2534941.88497101,0.0034067842151335
23023,5062,162546.365647013,0.0311418836087218
23025,26468,2511532.62159894,0.0105385849948265
23027,19387,467187.995096795,0.0414972135488697
23029,39623,1640144.01838236,0.0241582443711738
23031,16022,634365.600898716,0.0252567288915121
24001,12432,270207.234899677,0.0460091307496477
24003,22494,265476.112772925,0.0847307871320243
24005,45728,382949.253769438,0.119410077314138
24009,15176,136441.346646209,0.111227280974815
24011,95369,204442.699488011,0.46648278583111
24013,91499,286473.284397057,0.319398020630715
24015,58725,221631.914673272,0.264966352371101
24017,26188,293004.033252823,0.0893776092747615
24019,98684,346089.309618138,0.285140272344396
24021,140459,422797.426984215,0.332213469230133
24023,46041,415409.458442019,0.110832815826282
24025,44183,279760.183384067,0.157931695159578
24027,19811,160607.915609164,0.1233500847381
24029,111954,177272.133667217,0.631537499346428
24031,51340,315611.691711033,0.162668245024984
24033,19137,308891.713261079,0.0619537500632955
24035,133675,237868.232698317,0.561970795694847
24037,34917,229480.922304018,0.1521564391908
24039,41089,204639.159879859,0.200787571763502
24041,78560,171875.654603163,0.457074622821853
24043,84464,292981.793274322,0.288290951652806
24045,50460,239634.896557926,0.210570333139282
24047,75107,299777.482341961,0.250542500434787
25001,1509,252288.065971045,0.00598125794889239
25003,19678,593199.237110043,0.0331726657233539
25005,12260,353990.705072288,0.0346336777331382
25007,481,66049.5368738954,0.00728241290954615
25009,8523,315208.38904186,0.0270392549700451
25011,19592,447492.996922867,0.0437816907409102
25013,11051,394883.069271609,0.0279854996578719
25015,19129,337430.768203176,0.0566901474393169
25017,11949,523434.48541203,0.0228280717702315
25019,427,29563.0245519974,0.014443718343127
25021,2728,253506.129197453,0.0107610810383018
25023,18127,421440.792990671,0.0430119729781385
25025,139,37282.126165792,0.00372832813723856
25027,34018,966833.055639411,0.0351849782147781
26001,19598,431779.399690261,0.0453889185404833
26003,9811,585621.884532795,0.0167531307472007
26005,168011,528161.976325208,0.318105065360763
26007,39390,366015.309562492,0.107618449203898
26009,32019,304434.489904683,0.105175336769579
26011,66172,232434.156303439,0.28469137691456
26013,6305,574993.236656729,0.010965346369394
26015,106855,353986.678984315,0.301861641535767
26017,174916,283141.979658918,0.617767807552627
26019,7985,204605.38897586,0.0390263425610071
26021,121492,363379.912635434,0.334338789172115
26023,188564,324102.848388802,0.581802970684768
26025,161077,452007.677716663,0.356358991098753
26027,139837,313669.414505043,0.445810122165264
26029,12886,266450.962280979,0.0483616193001825
26031,20807,457778.532305568,0.0454521095500199
26033,51959,997445.052912179,0.0520920925401339
26035,24130,361194.861805773,0.0668060444696345
26037,204091,363103.472880445,0.562073941020109
26039,369,356105.64617483,0.00103620934956712
26041,30406,749500.336477698,0.040568360706673
26043,9660,487006.437976172,0.0198354667345746
26045,164288,368133.460811038,0.446272934924349
26047,13892,299229.972679017,0.0464258305263488
26049,100943,407643.358126074,0.247625768917301
26051,36175,321143.197062637,0.112644453723067
26053,1585,705366.743382141,0.00224705802317832
26055,30526,297175.134029874,0.102720572835449
26057,277097,363763.560048392,0.761750297262149
26059,243697,382817.427249466,0.636588051257116
26061,11518,645824.342962224,0.0178345708481195
26063,416734,535051.136709791,0.778867609856205
26065,163578,355895.391125087,0.459623822277898
26067,195307,365644.519289613,0.534144475567279
26069,17204,351665.209428282,0.0489215297355383
26071,6754,746301.547189332,0.0090499611389477
26073,175395,366528.257337112,0.478530635739448
26075,135713,449214.071816525,0.302112085338747
26077,118836,359651.497688969,0.330419866908968
26079,10930,358235.868768343,0.0305106242922536
26081,108356,543315.564316278,0.199434743115372
26083,66,345671.576488925,0.000190932678556851
26085,7767,363260.029459842,0.0213813779940208
26087,122549,414069.018005408,0.295962737299992
26089,30054,222207.510333821,0.13525195415245
26091,287358,479768.278553839,0.59895164571151
26093,67881,361781.063229274,0.187630052811751
26095,4219,575407.999085052,0.00733218864998153
26097,7881,654002.642976584,0.0120504100168937
26099,69636,306782.581111833,0.226988115647333
26101,19173,347088.262773476,0.0552395515964568
26103,7674,1157792.73887935,0.00662812932082113
26105,53574,316780.006199506,0.169120521975934
26107,70374,355298.885160093,0.198069858756496
26109,48666,668186.207674796,0.0728329909253164
26111,69844,331429.801670322,0.210735424660076
26113,87092,361464.187396844,0.240942264923146
26115,189302,351586.033404734,0.53842298047739
26117,191506,451410.496659768,0.424239138028596
26119,11247,349871.821368822,0.0321460583936076
26121,47071,322504.683217443,0.145954469654207
26123,80534,536887.432888923,0.150001648514395
26125,16525,555131.332388732,0.0297677306897683
26127,77975,344387.406395465,0.226416525552216
26129,52675,360642.056674515,0.146058949656945
26131,11966,839025.608318254,0.0142617816206882
26133,58886,362423.137897579,0.162478588816372
26135,6472,362031.144006167,0.0178769150310719
26137,18610,329604.085060972,0.0564616788549737
26139,112531,360652.494652913,0.312020578447123
26141,40970,421578.992358419,0.0971822617887184
26143,1602,332733.879561697,0.00481465849558295
26145,269150,512516.024684861,0.525154311351526
26147,149465,461752.256176913,0.323690892682363
26149,210902,320409.289386065,0.658226858541176
26151,430046,616045.701420822,0.698074832773218
26153,4129,750000.828164272,0.00550532725424622
26155,180653,339818.835377548,0.531615617478324
26157,298606,515097.843234789,0.579707338948983
26159,97689,388987.668875677,0.251136495617865
26161,146292,451842.05360531,0.323768004400467
26163,7727,391574.28052868,0.0197331652874838
26165,24533,361551.911042626,0.0678547097960372
27001,54562,1165676.05017329,0.0468071725346751
27003,21934,270062.755595776,0.0812181596518638
27005,279390,841623.45857109,0.331965556751886
27007,87778,1602971.34779219,0.0547595564455339
27009,104396,261313.916438278,0.399504172693605
27011,241318,319442.627220599,0.75543455831069
27013,452711,478615.149926555,0.945876870110506
27015,282635,391109.981378839,0.722648394202531
27017,36197,551162.116955063,0.0656739621365364
27019,137542,226482.373378513,0.607296709003178
27021,56299,1293736.81213946,0.0435165788526167
27023,332842,371983.019911855,0.894777401610618
27025,58198,265535.702976869,0.21917203354409
27027,508962,668912.560598555,0.760879717290062
27029,77211,639362.128289668,0.120762548458327
27031,283,929648.466415396,0.000304416142470725
27033,370705,409582.684152499,0.905079766169941
27035,43947,638949.841115947,0.0687800468394281
27037,187757,360036.304026163,0.521494632347842
27039,262797,281213.66094169,0.93451007721311
27041,201875,407601.8597426,0.495274972806758
27043,366048,455986.816408222,0.802760051010545
27045,377220,551253.354192257,0.68429515599544
27047,332702,452636.87374672,0.735030704074208
27049,357142,484296.451795648,0.737445006412515
27051,316178,350591.972688834,0.901840386062181
27053,21319,354564.008089111,0.0601273663249034
27055,134933,353352.486977665,0.381865148747429
27057,54892,592647.662316476,0.0926216426560162
27059,71210,278899.91466434,0.255324567186413
27061,48228,1707208.07951007,0.0282496320037568
27063,360718,449902.271916563,0.801769678697905
27065,58200,333830.193225571,0.174340132142193
27067,436466,510313.657204311,0.85528967104491
27069,514102,703359.65710656,0.730923354510952
27071,29974,1987011.47964843,0.0150849656919463
27073,373794,489613.375282289,0.763447280794744
27075,227,1349828.83292735,0.000168169470426638
27077,72744,830497.967519401,0.0875908224282327
27079,181375,287189.027851283,0.63155267928245
27081,185149,343543.169872857,0.538939545992204
27083,389195,457222.821215029,0.851215166744629
27085,228148,314566.302759602,0.725277939812756
27087,184318,357034.678638665,0.516246771049761
27089,804133,1136038.37557991,0.707839644580245
27091,433735,455891.665268898,0.951399275404983
27093,267627,389099.308862864,0.687811553256507
27095,62663,366275.80336014,0.171081462179981
27097,211270,720060.310111725,0.293405978684229
27099,351321,455214.634826292,0.771770002812108
27101,314260,450987.074917579,0.696827065514978
27103,262794,287050.841333015,0.915496358692522
27105,346087,457674.695412102,0.756185569071881
27107,454901,558584.873734112,0.814381164600841
27109,258221,418245.569927164,0.61739087886805
27111,545784,1261846.26172565,0.43252812688418
27113,222501,394572.708372548,0.563903674224521
27115,87197,903255.336378248,0.0965363795686288
27117,189619,297633.83599573,0.637088183759862
27119,986385,1261439.5662996,0.78195184799343
27121,254036,431714.510064315,0.588435167403001
27123,503,97439.5587824328,0.00516217444213925
27125,176822,276740.566747989,0.638944994865971
27127,535304,562286.804420053,0.952012381923345
27129,598705,629058.954771976,0.951747042877755
27131,216032,317341.054024959,0.680756546497791
27133,241588,308773.563035523,0.782411543349021
27135,418239,1069912.65908231,0.390909478871605
27137,80998,3998793.87166619,0.0202556077155961
27139,87877,227910.384008465,0.385576990633021
27141,64444,277085.946186118,0.232577656452894
27143,349255,376858.276630501,0.926754224751803
27145,512194,859440.658475831,0.59596203059365
27147,231083,274910.963418101,0.840573970302359
27149,312245,360741.587756717,0.865564189429075
27151,339539,474897.097591347,0.71497383690514
27153,200294,604862.527077414,0.331139707013732
27155,291513,367277.910321456,0.793712313775845
27157,180270,334670.314949375,0.538649506536812
27159,79942,343262.184861489,0.232889037958719
27161,251700,270952.317422894,0.928945736260874
27163,36745,246219.571220987,0.149236715090453
27165,251388,278366.358300945,0.903083266003796
27167,387669,480664.4091833,0.80652736627347
27169,217078,400753.315328176,0.541674870043771
27171,185511,423134.579048684,0.43842079845395
27173,350967,485824.737542104,0.722414839918652
28001,19182,295899.864178026,0.0648259844704061
28003,40261,256028.457374011,0.157252050857714
28005,17333,467264.134689421,0.0370946509976008
28007,25854,470372.331685636,0.0549649676615737
28009,37219,260234.441770593,0.143021038056177
28011,410138,560964.225254591,0.731130402859221
28013,97479,375407.014866829,0.259662169697547
28015,46110,402168.240739782,0.114653508977192
28017,89520,321140.230809643,0.278756728094473
28019,9249,267646.098575928,0.0345568272775558
28021,12635,311945.839152035,0.0405038260306528
28023,20177,442608.495003496,0.0455865629055326
28025,55442,262446.225695897,0.211250894742309
28027,218747,353985.004104043,0.617955555924358
28029,14958,497462.365368552,0.0300686062731965
28031,20018,264843.828666921,0.0755841663396864
28033,83307,304861.371369312,0.273261907947928
28035,7259,298266.79222837,0.0243372718289139
28037,8571,360936.654721321,0.0237465491184808
28039,18200,306365.430162898,0.0594061803589356
28041,13481,456152.555176471,0.0295537092733913
28043,35142,270158.114797831,0.130079379722864
28045,5402,303336.982227609,0.0178085769836881
28047,4237,367126.599295087,0.0115409779845301
28049,77331,556700.947745687,0.138909409644703
28051,152918,484271.400252122,0.315769215197073
28053,164234,267955.053939581,0.612916224513652
28055,89181,264307.438499017,0.337413886292616
28057,32673,340988.869472368,0.0958183768595054
28059,7952,462608.256151184,0.0171894900150706
28061,8697,432838.727856233,0.0200929340197319
28063,16819,332757.185058601,0.0505443631428666
28065,10065,261405.684952042,0.0385033707352101
28067,18839,444700.485452461,0.0423633448046099
28069,15895,490356.696685456,0.032415178802373
28071,24055,404286.274613272,0.0594999175349454
28073,10416,317804.650901307,0.0327748507470227
28075,8191,450351.594503472,0.0181880115446929
28077,18363,275585.265817301,0.0666327350467776
28079,21003,373054.29982379,0.0563001150500628
28081,66612,287977.665910272,0.231309604477297
28083,251969,380207.631675406,0.662714209311592
28085,15131,375172.626022946,0.0403307676266193
28087,52060,323486.94514561,0.160933851523951
28089,72175,457093.244342445,0.157899949065815
28091,12720,347134.672129293,0.0366428392818749
28093,57434,451958.50819374,0.127078036940904
28095,73929,489658.590624904,0.15098070658916
28097,37764,260467.562716766,0.144985423928065
28099,21471,364885.966804972,0.0588430412602742
28101,21899,369772.883932337,0.0592228390765593
28103,112590,444901.357663782,0.253067332927956
28105,23645,293273.143862211,0.0806244979973657
28107,92959,438512.031171249,0.211987342175562
28109,27082,519244.328362207,0.0521565639155302
28111,7959,414260.381848773,0.0192125541054164
28113,16157,261878.270039518,0.0616966042946667
28115,79806,318600.606986154,0.250489164960908
28117,59170,265590.496865369,0.222786585733879
28119,116622,259207.500224275,0.449917536719017
28121,43220,496317.622262372,0.0870813327219566
28123,25455,389908.095647514,0.0652846152315132
28125,156025,276300.80367985,0.564692530466855
28127,19197,377065.729752328,0.0509115480014834
28129,20126,407211.40111692,0.0494239599991488
28131,9462,285110.218250446,0.0331871655041434
28133,347311,446565.634644301,0.777737857676041
28135,197458,413177.380740195,0.477901282123092
28137,63679,259048.608004817,0.245818730663922
28139,27262,293006.360985512,0.0930423486654204
28141,7440,271550.315904389,0.0273982373219539
28143,195805,290643.282837004,0.67369525312515
28145,67922,265988.634784973,0.255356775130293
28147,24071,258514.057289369,0.0931129248923436
28149,52930,376661.755697834,0.140523956040978
28151,383142,463341.761787301,0.826910137610007
28153,15281,518858.436985284,0.0294511930629614
28155,21421,269541.001726693,0.0794721391653811
28157,12016,433988.101470147,0.0276873950214198
28159,18251,388640.719329957,0.0469611111040191
28161,37411,298976.426990472,0.125130266545035
28163,184742,590297.028642061,0.312964475570861
29001,123485,363087.270180613,0.340097299303757
29003,118553,276884.158696467,0.428168229479546
29005,249273,350262.642745201,0.711674525282828
29007,275747,443039.725769935,0.622397911430615
29009,85823,497998.065865338,0.172336010684843
29011,258519,378899.289980682,0.682289481231756
29013,254690,535485.623089625,0.475624347355022
29015,71785,450581.280684849,0.159316427639631
29017,65957,395458.698291383,0.166786064600358
29019,119577,438752.464706962,0.272538639936449
29021,99276,261279.662196153,0.379960687202166
29023,203718,444644.111077945,0.458159671801632
29025,147525,272891.690893551,0.540599090858894
29027,142478,534123.337796017,0.2667511226675
29029,33147,419862.710567836,0.0789472348119959
29031,182766,370250.648595704,0.4936277645784
29033,311649,444557.87377103,0.701031335597298
29035,7392,324709.42884018,0.0227649687488388
29037,181586,445833.289909263,0.407295740605096
29039,66322,303660.612685629,0.218408305948659
29041,265889,480753.89567887,0.553066761163817
29043,52855,360065.635434888,0.146792681107048
29045,135151,322948.132356551,0.41849135034101
29047,51805,254495.275481536,0.203559771009417
29049,132366,268121.634348759,0.493678924199848
29051,52460,250590.578027319,0.209345460683206
29053,174384,361439.869262089,0.482470294038177
29055,37793,475185.103113694,0.079533217166022
29057,135099,313606.622803783,0.430791284929364
29059,50165,346208.863155152,0.144898081299319
29061,229232,360500.470974625,0.635871568711862
29063,129726,269669.178253083,0.481056088205427
29065,27416,481766.826350084,0.0569071976327355
29067,54577,520718.770340354,0.104810894303517
29069,296902,346821.993134653,0.856064511124381
29071,131988,590514.131229016,0.223513702754747
29073,64160,332163.085900018,0.193158128411994
29075,163703,314509.984972219,0.520501757724672
29077,69133,432210.404108171,0.159952188431581
29079,155821,278587.411608731,0.5593253446026
29081,278734,462410.742843307,0.602784438540719
29083,207723,446038.915933903,0.465706001381237
29085,64042,255237.235334053,0.250911666223708
29087,189197,296123.574362869,0.638912320327994
29089,114695,296832.744566855,0.386396049961959
29091,68532,593393.048037996,0.115491747378226
29093,12377,352168.23295659,0.0351451347445232
29095,53062,386892.588373922,0.137149176785772
29097,146718,408643.93402245,0.359036285099829
29099,38891,420007.114010385,0.0925960506446051
29101,228817,530727.028033719,0.431138773632351
29103,156493,322566.492427708,0.485149585197763
29105,75889,489361.019159048,0.155077738170508
29107,226100,402099.215311075,0.56229903315052
29109,113536,391512.125617986,0.28999357253824
29111,170968,323211.412267369,0.528966470585422
29113,142157,400999.91068367,0.354506313374571
29115,194172,393976.554779827,0.492851662476496
29117,208994,340673.698914171,0.613472659222377
29119,40636,345244.632506636,0.117702047110664
29121,235584,512772.830681803,0.459431518020871
29123,24002,316406.847174445,0.075858029667629
29125,49209,337267.612674579,0.145904908003961
29127,139035,279630.207930504,0.497210229999736
29129,107191,290454.513847245,0.36904573656023
29131,67403,379246.540006545,0.177728714410517
29133,254354,263421.602773939,0.965577603816644
29135,80364,265621.289655316,0.30255104967032
29137,200384,414482.874792509,0.483455438539681
29139,137069,342430.067375187,0.400283190815189
29141,77520,382486.183721762,0.202673987451509
29143,341972,431925.601812878,0.791738203442157
29145,81442,399842.824910814,0.203685035534065
29147,279165,561257.027586594,0.497392435691024
29149,33013,505500.413310765,0.0653075628242953
29151,97911,388211.044091891,0.252210753635397
29153,28434,476804.069121816,0.0596345581789395
29155,292310,315267.186037531,0.927181809416734
29157,108638,303587.278233288,0.357847669481454
29159,215937,436630.982724985,0.494552628062149
29161,32734,429943.349133877,0.0761356119729328
29163,204471,429080.832496499,0.476532589000392
29165,110855,268687.0396305,0.412580376606361
29167,112379,406737.045025178,0.276293987416473
29169,22741,350151.928661877,0.0649460937910749
29171,150873,331082.840510649,0.45569561916075
29173,143500,300663.748524612,0.47727735952262
29175,120168,308936.242144946,0.38897346315108
29177,167501,364148.144484954,0.459980374846921
29179,14652,517425.420494525,0.0283171244002594
29181,34791,402890.04964269,0.0863535846339591
29183,136324,358720.920322291,0.380028016981893
29185,127374,431987.963550775,0.294855437528941
29186,80481,319457.923290789,0.251929891645673
29187,29514,289207.199768466,0.102051401291629
29189,15127,325116.546075119,0.0465279303148873
29195,348932,483526.410887634,0.721640001751814
29197,68556,196675.22625457,0.34857465937913
29199,144019,279364.584472252,0.51552347006356
29201,194358,268803.404519678,0.72304887784921
29203,20317,642444.689832343,0.0316245123067358
29205,186994,320552.567510709,0.583348938528634
29207,383815,526811.162898913,0.728562769793943
29209,19320,296841.093022152,0.0650853283260153
29211,156632,414708.537851178,0.377691765912495
29213,15099,404648.390745962,0.0373138763066999
29215,88012,753450.703207115,0.116811889119449
29217,317445,528890.485490522,0.600209322551122
29219,66763,274297.750411192,0.243396090197304
29221,15524,486314.253796076,0.0319217458234519
29223,18122,485878.70881679,0.0372973741618163
29225,75116,379240.425630998,0.198069601559535
29227,84509,170642.323229474,0.495240561665088
29229,65169,436335.460751159,0.149355268737064
30001,129645,3547319.34950799,0.0365473156562523
30003,342572,3198601.30442966,0.107100562838382
30005,475996,2705610.7653571,0.175929223114684
30007,116597,763109.814340817,0.152791902041933
30009,113991,1310579.84084042,0.0869775319654712
30011,212145,2137905.4077022,0.0992303023490695
30013,408237,1726851.53743205,0.236405383526528
30015,1481908,2542412.56166107,0.582874716065674
30017,136135,2421317.36036829,0.0562235261796883
30019,498272,912812.704342378,0.545864444731817
30021,398960,1518032.6137547,0.2628138528679
30023,6711,471476.78500076,0.0142339988171192
30025,172127,1037180.45538555,0.165956655957247
30027,614375,2777170.68328489,0.22122334925173
30029,72436,3255822.53305553,0.0222481413727487
30031,216776,1667425.91283756,0.130006375894146
30033,303714,2992998.01200212,0.101474841874965
30035,424584,1916896.55392659,0.221495520522628
30037,109013,751630.463441429,0.145035366848852
30039,26979,1105383.65971729,0.0244069104539685
30041,1405565,1855613.62721873,0.757466414011367
30043,44778,1060478.20084048,0.0422243474354411
30045,231032,1196599.54379435,0.193073782451405
30047,79393,953899.07962501,0.0832299786170361
30049,91586,2213363.6027922,0.0413786509746806
30051,696896,915192.183616338,0.761475034944299
30053,8783,2312037.59899201,0.00379881365416772
30055,510233,1691024.17006529,0.30173016390434
30057,108142,2296419.94956648,0.0470915609405045
30059,89028,1530795.57777202,0.0581579939821717
30061,3315,780556.431541199,0.00424697032276651
30063,29958,1659525.637265,0.018052146545547
30065,108240,1196132.80818545,0.0904916237221195
30067,85928,1793586.80013981,0.0479084703306815
30069,99833,1059599.69994443,0.094217655974455
30071,430120,3289869.65392121,0.130740742110356
30073,502835,1039722.67109738,0.483624156689093
30075,188480,2110845.53298393,0.0892912328518711
30077,70974,1488666.87196126,0.0476762137566041
30079,78178,1111425.68972815,0.0703402852053221
30081,56259,1530218.53333262,0.0367653369597316
30083,381332,1334115.65453837,0.285831291089939
30085,725331,1506945.40550416,0.481325333585881
30087,196521,3205206.41322509,0.061313055904646
30089,29517,1766656.22850136,0.0167078345655505
30091,709589,1073242.11176562,0.661163955663866
30093,6969,459513.462645044,0.0151660409683868
30095,143299,1149917.49112819,0.124616766946825
30097,66760,1187543.09006699,0.0562169074607927
30099,512318,1453834.02319666,0.352390982619547
30101,884212,1225513.05778292,0.72150353224276
30103,51399,625792.41882525,0.0821342644202805
30105,717985,3152713.74028949,0.227735550749391
30107,90555,910387.719376979,0.0994686088933307
30109,103822,569325.731916584,0.182359577619112
30111,269410,1685284.00720023,0.159860295860502
31001,296355,360485.627601494,0.822099349624034
31003,395148,548580.452104682,0.720310026512933
31005,31747,457697.127144378,0.0693624628978403
31007,184737,477464.817790867,0.386912277337502
31009,21181,454849.317196286,0.0465670700146606
31011,313409,439379.073049469,0.713299788778774
31013,407540,688102.783514129,0.592266169770016
31015,87509,345195.659926702,0.253505504729061
31017,103175,781698.469831879,0.131988233291783
31019,382339,619676.183809794,0.616998054773324
31021,223434,314615.531834921,0.710181085774353
31023,315127,374264.725764188,0.841989581990559
31025,275446,356415.399194653,0.77282294935177
31027,376702,473720.793691695,0.79519836371203
31029,288319,572431.679018306,0.503674081236129
31031,435881,3814463.39567976,0.114270594520235
31033,546240,765444.857395429,0.713624233963352
31035,302950,366265.249983528,0.827132795190438
31037,191468,263334.112395637,0.727091519811667
31039,316217,365113.775232559,0.866077977470408
31041,576202,1648292.97389141,0.349574990081805
31043,153895,169136.814668617,0.909884700746674
31045,192650,893719.947696442,0.215559695737523
31047,349710,648823.195580241,0.538991211137658
31049,191547,281488.272363965,0.680479504141932
31051,202873,304397.287201152,0.666474402138601
31053,312885,338459.29666025,0.924439077571204
31055,46026,208948.631021582,0.22027423570555
31057,180904,588594.194820523,0.307349276618608
31059,335849,368236.62063576,0.912046714474396
31061,152785,368522.058486093,0.414588479798599
31063,223250,623779.385464465,0.357898970697418
31065,287435,460290.809470753,0.624463912999905
31067,458558,544939.738070304,0.841483870535499
31069,160334,1091088.51013639,0.146948665035394
31071,58729,364387.652611015,0.161171761938633
31073,138722,293247.193596415,0.473054825516652
31075,43651,497085.428349321,0.0878138796885528
31077,80639,364688.752741712,0.221117320986074
31079,234815,349779.429161077,0.67132306940745
31081,279433,346899.137457758,0.805516560369155
31083,169819,354218.444557473,0.4794188518674
31085,162198,456361.603857744,0.355415527136591
31087,204358,454368.812875559,0.449762382912422
31089,649518,1543584.26372976,0.420785580199276
31091,8526,461418.308822131,0.018477810344727
31093,141653,364330.000948785,0.388804105154965
31095,225103,364916.750204916,0.616861242663143
31097,87249,240695.318906526,0.362487315484034
31099,272879,330363.455217318,0.825996325230634
31101,193886,679720.170840229,0.285243852275753
31103,108625,494640.772560068,0.219603813567166
31105,374138,609242.541369094,0.614103537745796
31107,283896,709270.219394459,0.40026493744849
31109,352208,536038.212744991,0.657057634373457
31111,447462,1641049.45920126,0.272668198689021
31113,30406,365246.939581064,0.0832477885642944
31115,20272,360538.155780755,0.0562270585649956
31117,23069,549925.662663568,0.0419493061812485
31119,268060,366471.538250589,0.731461988234141
31121,164234,312188.432882988,0.526073302855384
31123,268449,911171.649831354,0.294619570362715
31125,90151,282620.891738837,0.318982080359814
31127,209452,260672.538607148,0.803506196391707
31129,220855,368099.341488451,0.599987490080661
31131,310308,393993.60752217,0.787596534754791
31133,146578,275887.765305771,0.531295760207219
31135,443531,565319.981952334,0.784566288402303
31137,243469,345449.797926845,0.704788370006685
31139,211550,366879.094591791,0.576620481020816
31141,377553,432075.535968064,0.873812490110309
31143,193724,280852.320472791,0.689771762162698
31145,213583,458989.021010733,0.46533357057141
31147,256485,353178.159320582,0.72621987863974
31149,157266,645306.247982518,0.243707542723592
31151,248656,367404.364276234,0.676791089539283
31153,52414,152318.103361098,0.344108801537156
31155,425334,479147.608400742,0.887688871952515
31157,216092,473357.218895942,0.456509357782718
31159,311793,365715.347104969,0.852556510051267
31161,293604,1561708.46908959,0.188001797909925
31163,138831,362161.00282599,0.38334055548964
31165,76698,1322702.82440754,0.0579858140352533
31167,165944,273685.102040079,0.606331871055586
31169,261987,367225.251670554,0.713423161419832
31171,7981,456034.401244336,0.0175008726934263
31173,142379,251898.732416165,0.56522316978068
31175,116359,363577.518360723,0.320039040160219
31177,188824,249554.187912549,0.756645286458465
31179,236676,283466.096420328,0.834935828265873
31181,222111,367944.345873746,0.603653793001113
31183,97537,368117.313709917,0.264961729229777
31185,327970,366410.113536296,0.89508992214952
32001,38866,3168100.48233886,0.0122679189680585
32003,3762,5050663.12884826,0.000744852686474435
32005,23119,454743.838040458,0.0508396113724649
32007,164694,10990913.0303498,0.0149845603859499
32009,12560,2292409.0185437,0.00547895244626938
32011,45552,2672440.35090819,0.0170450951260782
32013,122170,6170106.5542092,0.0198003063523525
32015,48367,3532317.84993682,0.013692708882601
32017,17135,6805366.76505086,0.00251786576558919
32019,62407,1281954.12529989,0.0486811491677995
32021,,2400820.89318846,
32023,19487,11636424.4761233,0.00167465530670398
32027,49496,3863416.51804133,0.0128114583992858
32029,,168831.822133958,
32031,10664,4042158.93020813,0.0026381941393509
32033,31623,5687465.53895196,0.00556012160133936
32510,,92501.7671050174,
33001,6333,257182.37426746,0.0246245490890986
33003,3761,596392.647902686,0.00630624809548908
33005,9456,452293.596434067,0.0209067739949275
33007,13965,1148527.00320324,0.012159052387146
33009,19269,1093503.07639761,0.0176213496019407
33011,10350,560979.156597238,0.0184498833482167
33013,16375,597055.460642985,0.0274262628506325
33015,9289,445050.411876706,0.0208717928398938
33017,6303,235180.922884397,0.026800643192893
33019,10196,344240.360655077,0.0296188395242132
34001,18865,355569.632595526,0.0530557119355006
34003,230,148984.466442372,0.00154378510385823
34005,50776,511542.10750541,0.0992606459077526
34007,5051,141671.585565195,0.0356528797207229
34009,3638,160973.635773836,0.0225999741045255
34011,50465,309363.130034314,0.163125450645662
34013,,80692.813457655,
34015,32012,206085.07724835,0.155333905916064
34017,,29563.8911505686,
34019,53916,273814.083388694,0.196907329720741
34021,13302,143665.93380549,0.0925897994580232
34023,8576,197918.276282895,0.0433310160186616
34025,27235,299650.523303784,0.0908892122053441
34027,6831,295055.760845218,0.023151556100555
34029,2721,402105.511061972,0.00676688064486797
34031,412,119125.048128764,0.00345855054391803
34033,79218,212390.836160504,0.372982193733325
34035,17425,193194.910546947,0.090193887357947
34037,35048,331832.062296103,0.105619691350758
34039,67,65770.4506202756,0.0010186945561134
34041,43894,228185.985087791,0.192360630663239
35001,21210,743196.954966414,0.0285388682747745
35003,15969,4431479.58519866,0.00360353685332032
35005,123467,3882993.4989324,0.0317968598283634
35006,29602,2905589.8990349,0.0101879484127586
35007,19914,2405104.66364082,0.00827988914621886
35009,446772,899535.210334683,0.496669830004512
35011,14677,1486788.33805935,0.0098716136145898
35013,80104,2437234.34806315,0.0328667614846549
35015,38917,2672861.81038655,0.0145600494005232
35017,4284,2535172.29640668,0.00168982597595914
35019,31483,1939053.74915945,0.016236269888675
35021,17871,1360306.00965276,0.0131374851490672
35023,23460,2200672.3603704,0.0106603783563908
35025,92019,2810593.04119105,0.032740065406625
35027,4918,3091913.50626762,0.00159060076875718
35029,38016,1897713.43529071,0.0200325293023898
35031,101696,3488680.57047006,0.0291502755685935
35033,21780,1232799.51296354,0.0176671062658378
35035,6857,4232039.4244342,0.00162025900808255
35037,198356,1839331.01820135,0.107841382566347
35039,60052,3750959.17247786,0.0160097716980295
35041,313382,1565472.61695678,0.200183635667293
35043,15945,2374524.23902258,0.00671502936797284
35045,102544,3531028.45356455,0.0290408308368296
35047,26130,3021769.23455783,0.00864725198111416
35049,13512,1222643.14969481,0.0110514666551502
35051,35338,2675976.5803859,0.0132056462149246
35053,58756,4253687.26628732,0.0138129571644046
35055,16714,1409518.65098125,0.0118579488028515
35057,49509,2140936.18954781,0.0231249302252473
35059,57516,2448032.0839738,0.023494790111834
35061,13463,682716.138255818,0.01971976235159
36001,30989,334648.250168589,0.0926017093601665
36003,60288,658884.099816345,0.0915001591581956
36005,,26992.722348351,
36007,37393,451616.364600575,0.0827981511101167
36009,84781,837236.785283603,0.101262870301717
36011,176139,442617.02928204,0.39794899054316
36013,128934,678662.627763529,0.189982466582682
36015,33091,260693.32016969,0.126934591106747
36017,81778,571803.551471916,0.143017649662179
36019,76548,664160.706330338,0.115255237580898
36021,50497,406184.588806717,0.124320324777337
36023,53260,319215.167458705,0.166846708519544
36025,63275,923261.480010821,0.0685342141635308
36027,39811,509185.004859226,0.078185727427316
36029,88353,667368.233512081,0.132390179159465
36031,18317,1148237.7166866,0.0159522716714587
36033,75683,1042749.41005185,0.0725802376586688
36035,11395,317094.196243551,0.0359356939830202
36037,141047,315504.900178526,0.447051693714391
36039,11764,414183.33636782,0.028402880963692
36041,146,1099122.09362569,0.000132833286535428
36043,59732,902774.878019122,0.0661648894473721
36045,174537,811475.206437898,0.215086053911811
36047,,44401.0028786084,
36049,93535,816837.941532439,0.114508637814402
36051,158365,404258.612154291,0.391741808927889
36053,106112,419104.078762368,0.253187705338858
36055,72118,420444.131984847,0.171528140158701
36057,78642,257991.024155729,0.304824558363434
36059,266,182106.940717625,0.00146068018578413
36061,12,14501.1022788529,0.000827523299211517
36063,99687,334302.974020509,0.298193578121995
36065,114301,775963.081784097,0.147302110993733
36067,117495,498171.317625592,0.235852598981431
36069,140104,412208.376757034,0.339886348507131
36071,38789,519730.036722258,0.0746329772368511
36073,112303,250407.876463085,0.448480301763014
36075,41475,609028.495722807,0.0681002617960867
36077,71052,641112.050759715,0.110826180721145
36079,1355,147361.32336489,0.00919508571896306
36081,16,69583.4057538992,0.000229939880444892
36083,41466,417573.44081979,0.0993022925945505
36085,5,36814.4219038011,0.000135816338853979
36087,173,111158.13120021,0.00155634138620417
36089,147114,1714896.43948473,0.0857859382133901
36091,44846,518380.708893513,0.0865117069956636
36093,7678,130988.02024794,0.0586160473718644
36095,66325,397964.093571708,0.166660764303474
36097,44056,210139.751112774,0.209650957359119
36099,83602,207166.422750875,0.403549952206947
36101,214145,889924.929201109,0.240632656725595
36103,25018,582990.119313521,0.0429132487347453
36105,23237,619612.82524879,0.037502451616733
36107,59473,332010.793865286,0.179129718367323
36109,67433,303771.91759792,0.221985628339931
36111,27503,719511.011652928,0.0382245713471675
36113,898,555021.785631227,0.00161795450781937
36115,116042,531961.820788632,0.218139715041895
36117,124872,386451.410627476,0.323124710030808
36119,1812,275723.134558049,0.00657180980806858
36121,154159,379328.101338336,0.406400157162362
36123,82958,216409.264607642,0.383338486688201
37001,25766,271010.999020352,0.0950736320412776
37003,19261,166390.430853894,0.115757858797258
37005,24563,150294.503527116,0.163432457099593
37007,30535,340135.155469977,0.0897731372630645
37009,31917,272808.995348062,0.116993942810716
37011,11949,158296.235132799,0.0754850549033946
37013,119063,532951.059984338,0.22340325208003
37015,120788,447472.901324862,0.26993366445739
37017,53874,560020.247363101,0.0962000932174683
37019,28803,544044.18962112,0.0529423906173115
37021,20879,420153.653678952,0.0496937247056622
37023,14456,323991.448835151,0.0446184615426543
37025,34511,231188.688596066,0.149276334450332
37027,14213,302008.305489765,0.0470616196364231
37029,53421,153808.00746425,0.347322619158283
37031,44190,324866.661499899,0.136025038075548
37033,23474,272309.089548346,0.0862035124825769
37035,29154,256879.087254142,0.11349308467122
37037,33799,436148.083706011,0.0774943219119644
37039,6490,291545.365246672,0.0222606865813453
37041,64881,110500.569202152,0.587155346515053
37043,6622,137600.503656368,0.0481248238490262
37045,45000,297119.65936605,0.151454131631728
37047,85669,600397.466526755,0.142687144393842
37049,60898,452206.439153818,0.134668582150122
37051,37346,417642.014786966,0.0894210799625841
37053,32329,167622.544986477,0.192867850816895
37055,25,245266.558909663,0.000101929917030426
37057,32662,354034.100977983,0.0922566495989358
37059,37640,168767.425483248,0.223028821422272
37061,173062,521420.967724698,0.331904566007737
37063,7057,184029.826575946,0.0383470447769383
37065,116087,323479.204569551,0.358870055200227
37067,15882,261029.03951716,0.0608438050776949
37069,46700,314753.3652396,0.148370137248415
37071,16323,227680.339771391,0.0716926196455505
37073,53172,217991.847313676,0.243917378815956
37075,514,186859.776241311,0.00275072575992075
37077,32279,340474.200855875,0.0948060085576468
37079,86896,170710.028621235,0.509026919518604
37081,40358,413427.293732534,0.0976181316807534
37083,131418,463192.347541836,0.283722303914207
37085,76121,380842.185444335,0.199875441611565
37087,12026,354278.407396332,0.0339450549311815
37089,19572,238686.261718427,0.0819988543081239
37091,52222,226024.654397863,0.23104559163743
37093,20254,249697.917498723,0.0811140124951325
37095,101588,391898.76374737,0.259220006280721
37097,67941,367639.609340262,0.18480326459361
37099,4812,314310.282063561,0.0153097123276002
37101,117085,506892.350014566,0.230985928267877
37103,52569,301675.38115126,0.174256844557169
37105,14187,163243.353555715,0.0869070604773993
37107,105598,255415.536445662,0.413436087207112
37109,24909,189342.00143848,0.131555596807681
37111,4823,281570.821375964,0.0171289055322965
37113,5223,329961.349279505,0.0158291266883373
37115,7879,287753.802272987,0.0273810456639087
37117,102207,292103.898280662,0.34989947276156
37119,3019,335109.124190744,0.00900900567028902
37121,3496,141600.334705427,0.024689207177884
37123,12554,314583.837604544,0.0399066909972068
37125,29901,446473.97782217,0.0669714283144841
37127,86802,345884.004336283,0.250956965085924
37129,1040,123043.032439318,0.00845232744497668
37131,125219,343494.652955246,0.364544248135108
37133,33916,487734.513471541,0.0695378306501144
37135,20783,254424.238120817,0.0816863996665715
37137,39327,215369.827436419,0.182602180018044
37139,90549,145201.656929704,0.623608586256267
37141,44472,557629.211711788,0.0797519194941055
37143,74579,158190.435234186,0.471450754210219
37145,53145,251097.340260042,0.211650987401786
37147,122879,417514.236594451,0.294310922191038
37149,6154,152119.634496713,0.0404550012255845
37151,56732,500693.601570286,0.113306820422861
37153,22470,303161.118563478,0.0741190034740391
37155,196425,606268.586100844,0.323990067279072
37157,44255,362011.001952351,0.122247665848081
37159,61695,327430.073911313,0.188421910251013
37161,21145,361879.719064217,0.0584310169541381
37163,200922,605394.9717137,0.331885809079728
37165,26487,204249.891313695,0.129679383570982
37167,64498,252851.358007568,0.255082671923279
37169,29773,287567.208057686,0.103534058007155
37171,51240,340892.20456548,0.1503114454181
37173,1158,337744.45810593,0.00342862768642915
37175,3314,242149.336142301,0.0136857695040407
37177,54655,250097.004302991,0.218535204579203
37179,153274,404951.80032355,0.378499366782755
37181,18523,161533.153769875,0.114669958257538
37183,32997,534150.93328944,0.0617746744291841
37185,30846,274810.660625794,0.11224455386759
37187,71175,221766.256478918,0.320946031781739
37189,9325,199961.342584581,0.0466340137522114
37191,115097,354510.016551784,0.324665015447278
37193,38425,482353.730294183,0.0796614550416453
37195,108242,235247.506417729,0.460119648655467
37197,60812,214363.433443848,0.283686443266125
37199,6394,200058.993441939,0.0319605726790566
38001,383212,632029.8091148,0.606319503405566
38003,779028,954597.983835942,0.816079662005534
38005,503273,888675.354108094,0.566318169704507
38007,125360,735032.566737899,0.170550266305005
38009,842067,1068068.9702515,0.788401333110275
38011,320727,743557.550659695,0.43134119170123
38013,429300,706316.234935996,0.607801405044727
38015,397812,1044924.43210962,0.38070887020686
38017,909160,1129558.12221454,0.804881114233909
38019,824660,953040.120069591,0.865294107387403
38021,485403,724155.76402428,0.670301921374646
38023,500342,807122.973462888,0.619908014578408
38025,413314,1285434.6379505,0.32153637983413
38027,267671,403352.779426256,0.663615112261642
38029,549564,965376.438360817,0.569274303952503
38031,304066,405810.978567231,0.749279876738538
38033,184413,640566.445290837,0.287890509026383
38035,694049,919184.232575633,0.755070610877664
38037,456876,1061909.14065762,0.43024019900334
38039,301369,453558.523937298,0.66445449505357
38041,538215,724633.022615828,0.742741474929084
38043,485094,864679.535951831,0.561010154433704
38045,604057,733443.261282869,0.823590633232407
38047,275609,635263.217372833,0.433850083654767
38049,604283,1199322.9910405,0.503853427737377
38051,294277,623720.374475534,0.4718091825162
38053,519205,1766485.11272002,0.293919827719653
38055,780592,1350573.93941979,0.577970577705168
38057,189015,667379.749611257,0.283219561441742
38059,563055,1232568.09407924,0.456814518163087
38061,660142,1168104.34363264,0.565139581578005
38063,482785,628361.614243895,0.768323508400387
38065,163987,462338.479098582,0.354690356553762
38067,582403,715862.592131454,0.813568143386173
38069,369177,651702.173177145,0.566481155341569
38071,576201,758634.888354928,0.759523466221638
38073,345179,551982.238710644,0.62534439659923
38075,480047,561435.849843451,0.855034462323442
38077,741871,918831.458014767,0.807407053305392
38079,343691,577946.70392363,0.594675940993714
38081,403087,549429.331737399,0.733646670674395
38083,340624,622224.523287177,0.547429404100794
38085,158636,700192.992011935,0.226560393791111
38087,291962,777769.188357517,0.375383859852512
38089,484971,854344.351167558,0.56765284318581
38091,363602,455771.422802081,0.797772703177781
38093,926595,1422018.19399058,0.651605586985996
38095,504856,656072.126079027,0.769512954341225
38097,517054,551597.385670533,0.937375726267192
38099,679748,820228.356101662,0.828730188298622
38101,870276,1288338.05748196,0.675502827030465
38103,642353,813140.990514136,0.789965095221494
38105,805697,1329664.01255121,0.605940291979564
39001,83742,373678.011844127,0.224102027268684
39003,165982,257628.953737535,0.644267647684886
39005,113677,270710.912268823,0.419920272320297
39007,79528,449547.023089516,0.176906966157718
39009,28336,322331.538700924,0.0879094863450256
39011,216477,256888.337149868,0.84268909364191
39013,36012,340561.023802543,0.105743163436341
39015,122497,313307.823471288,0.390979703739271
39017,65726,298570.257157563,0.22013579190949
39019,61817,252551.808463137,0.244769579660417
39021,193824,274545.252643434,0.705981976136113
39023,144995,253362.593341897,0.572282585552549
39025,59900,289638.497994674,0.206809524337132
39027,219318,261588.102839298,0.838409689200331
39029,100480,340426.821117227,0.295158882223911
39031,86800,360902.74370857,0.240508008080125
39033,187202,257142.716324864,0.728008176453642
39035,627,292614.77901877,0.00214274891412706
39037,337189,382785.395226032,0.880882615181523
39039,185250,263321.195456056,0.703513439847326
39041,116702,283613.646255693,0.411482315962988
39043,68411,160824.373992391,0.425377063822656
39045,162719,322793.743632661,0.504095891601834
39047,187328,260070.971923951,0.720295689342745
39049,41888,340749.999125295,0.122928833771171
39051,196614,259486.160468218,0.757705149458563
39053,31076,298578.882123781,0.104079698399825
39055,28770,256274.919292599,0.112262253674353
39057,131972,264723.236298886,0.498528205703095
39059,53476,334234.620224228,0.15999539474434
39061,8986,259490.416611301,0.0346294098924679
39063,234870,340046.183694915,0.690700296788868
39065,229202,300982.537446903,0.761512617789111
39067,36026,257491.872027425,0.139911212405815
39069,233278,266246.513960585,0.876172974172854
39071,179798,353973.510985667,0.507941962943324
39073,13333,269663.586999627,0.0494430862852034
39075,85031,270473.223332577,0.314378624812871
39077,198615,315035.550936014,0.63045265656491
39079,23657,268998.652365421,0.0879446785029361
39081,29372,261199.555820846,0.112450420934659
39083,129291,336319.422624765,0.384429180423074
39085,8020,146812.625619274,0.0546274543226144
39087,12466,290171.4449962,0.0429608089113085
39089,144219,436753.525742898,0.33020683634938
39091,179983,293443.209198577,0.613348662903298
39093,89962,313943.223823252,0.286554998398845
39095,71779,217383.953744304,0.330194564794922
39097,218754,298680.154804709,0.732402191712509
39099,52066,263351.799457493,0.197705123364475
39101,195170,258436.473118685,0.755195261894668
39103,77294,269733.104415147,0.286557336622043
39105,20547,275264.98487272,0.0746444376479658
39107,251791,295966.074829338,0.85074277565491
39109,149207,260211.956169343,0.573405627460476
39111,30110,291662.865585075,0.10323563110991
39113,106327,295264.878715997,0.360107170423989
39115,34860,266512.613096696,0.130800563601664
39117,122431,259925.466391403,0.471023488770585
39119,94707,425309.33719791,0.222677923376815
39121,31557,254727.69983764,0.123885231249346
39123,108716,163009.122612171,0.666931999006312
39125,195259,266518.285400716,0.732628906517328
39127,43486,261077.727431695,0.166563423191192
39129,254709,320763.618981094,0.794070726627551
39131,43735,281780.461380412,0.155209483956932
39133,54704,311941.107578199,0.175366435109186
39135,189644,271504.847278758,0.698492133384601
39137,291513,308828.38756509,0.943932007994439
39139,121564,316945.169212218,0.383548991461687
39141,187663,441066.078288722,0.425475930337031
39143,142781,261277.127389155,0.546473399438969
39145,39224,390493.401066904,0.100447280012498
39147,209141,352656.870009616,0.593043884255813
39149,192087,260924.066186047,0.736179697058056
39151,90041,368132.618181689,0.244588486738116
39153,6840,264187.664791109,0.0258906864762529
39155,76377,395250.458138918,0.193236967667615
39157,80614,363241.83237248,0.221929284613166
39159,193301,276295.053537634,0.699618026182545
39161,217591,261855.807171964,0.830957320939251
39163,9685,263910.565758963,0.0366980381105529
39165,71825,256907.038579313,0.279575835668768
39167,59402,404463.379240627,0.146866201116962
39169,199017,355064.994974869,0.560508647195948
39171,214188,269222.487832692,0.795579900194321
39173,234540,394986.555028328,0.59379236334558
39175,193065,260402.676056085,0.741409431439246
40001,37396,367283.985160142,0.101817671096372
40003,309087,554601.504351325,0.557313670401085
40005,69810,624290.155252257,0.111823003154346
40007,320293,1161495.88062876,0.275759049465258
40009,144893,577072.293610053,0.251082926011882
40011,306237,594216.003845192,0.515363096951832
40013,142307,578782.586307517,0.245872981265525
40015,246503,817762.253047971,0.301436021387918
40017,209738,573806.555319497,0.365520397171512
40019,64339,526272.796135066,0.122254086611552
40021,43535,479441.008974872,0.0908036634018549
40023,65993,493044.893607693,0.133847852103524
40025,420400,1174277.34369622,0.358007418142571
40027,35953,344888.364369893,0.104245326065684
40029,46856,330734.359158672,0.1416726103668
40031,117649,684366.015170259,0.171909471528522
40033,152605,404887.887505176,0.376906804844957
40035,115339,487203.48573751,0.236736811981967
40037,65396,607932.313271891,0.107571186088199
40039,256376,632818.334246629,0.405133647566036
40041,71461,472162.771530795,0.151348230544134
40043,177391,639761.769845516,0.277276649467246
40045,129191,788145.078564097,0.163917790662818
40047,411411,677444.671780855,0.607298303665877
40049,92677,513372.932277196,0.180525684493936
40051,241656,704345.880875301,0.343092799378184
40053,424091,640473.530702316,0.662152266519055
40055,114682,409142.319135651,0.280298552939417
40057,137070,343845.153652396,0.398638743469301
40059,180069,664693.605146314,0.270905269143311
40061,53293,369104.080616286,0.144384748906102
40063,80902,514862.656734737,0.157133167344241
40065,337532,513697.615157034,0.657063591577739
40067,119419,485731.584249785,0.245853891062989
40069,50409,411552.154564351,0.122485083460104
40071,348727,588550.377600153,0.592518522240957
40073,255120,574774.836025208,0.44386076774734
40075,275481,649649.902941332,0.424045318490378
40077,28281,462148.658428322,0.061194595038268
40079,102841,1017224.50478638,0.101099609295783
40081,94973,609517.487372055,0.155816694299417
40083,103037,475991.207075222,0.21646828443139
40085,34960,328904.97056336,0.106292099934274
40087,79950,365259.216270603,0.218885647339201
40089,75379,1184496.35707483,0.0636380175842433
40091,48543,395699.380168004,0.122676462064181
40093,212821,611199.977254681,0.348201910863815
40095,26527,237753.42506725,0.111573576668755
40097,86253,419408.671727625,0.205653830772519
40099,31851,266479.876822926,0.119524972691145
40101,136890,518809.613904106,0.263854015676167
40103,176271,468295.146308468,0.376410051202814
40105,52657,362123.152706361,0.145411856730129
40107,41189,395813.406204751,0.104061659747556
40109,32645,453694.174165936,0.0719537562059598
40111,82257,446363.726320118,0.184282447586272
40113,119628,1437876.11114412,0.0831977102010631
40115,81160,301322.904846589,0.269345604647349
40117,43600,363746.029898453,0.11986385119357
40119,64697,438336.738814759,0.147596571929922
40121,80183,835527.920361031,0.095966870820251
40123,78382,461025.855808921,0.170016494763553
40125,77544,504187.799658214,0.153799834213693
40127,36594,893145.016749368,0.0409720698360778
40129,111568,730326.084971319,0.152764638010131
40131,59455,432478.029861325,0.137475191558434
40133,50892,405004.208903806,0.12565795337719
40135,62728,431088.563717123,0.145510703088755
40137,84814,556935.813008744,0.152286848895222
40139,678557,1306427.16374637,0.51939902876341
40141,280380,557525.819855113,0.502900475663825
40143,34567,364954.167890128,0.0947160028335575
40145,94906,359626.331982757,0.263901698957212
40147,58825,265935.189350538,0.22120051183772
40149,280244,641977.204505719,0.43653263392081
40151,244809,823348.155931043,0.297333513455398
40153,150118,795383.094171098,0.188736724604946
41001,151817,1963498.57039536,0.0773196386740586
41003,65805,432133.399399606,0.152279365796367
41005,81794,1197254.18624233,0.0683179903982766
41007,6257,530072.764892497,0.0118040397741789
41009,12706,421557.912786787,0.0301405800119007
41011,15224,1021467.89574843,0.0149040415889383
41013,58629,1906514.6017308,0.0307519281241143
41015,3117,1042164.85311466,0.00299088958016996
41017,32209,1931270.21308782,0.0166776247993296
41019,49387,3222832.07828955,0.0153240996739151
41021,226486,771021.609472032,0.293747927707356
41023,62210,2897786.48877169,0.0214681103114569
41025,183917,6486040.05669422,0.0283558224112692
41027,18219,334199.093142285,0.0545154082517012
41029,44474,1781281.25684694,0.0249674215282115
41031,66351,1140285.31843471,0.0581880683082735
41033,10636,1048735.19294746,0.0101417403282783
41035,125212,3807933.77263611,0.0328818743907197
41037,153269,5208709.89083629,0.0294255205630951
41039,84258,2914619.0453937,0.0289087522889697
41041,3498,627828.882965367,0.0055715818352896
41043,250309,1465284.82996507,0.170826173096986
41045,189847,6328132.06464026,0.0300004800880831
41047,222351,755737.405777357,0.294217274810274
41049,499002,1299538.62977393,0.383983968284813
41051,18543,275852.352880725,0.0672207425688255
41053,117938,474191.178305754,0.248714032220892
41055,257887,527113.246261921,0.489244013177117
41057,14636,706036.841777493,0.0207297964269866
41059,708548,2057887.92880292,0.344308351335811
41061,96005,1303641.87195388,0.0736436916191632
41063,79918,2013373.95329781,0.039693570024137
41065,217603,1523927.1539768,0.142790946031869
41067,97171,463534.010020825,0.209630788462824
41069,19751,1098253.69143234,0.0179840051110966
41071,113943,458202.39364823,0.248673951903176
42001,133914,331963.694344141,0.403399535194875
42003,12468,467172.475890446,0.0266882161159764
42005,78665,418125.448541985,0.188137316861021
42007,25156,278204.781034417,0.0904226013171498
42009,112843,647672.573837048,0.174228467528704
42011,163086,548097.604483627,0.29754919318366
42013,67347,336042.636180927,0.200412069032038
42015,167675,734320.306481124,0.228340410199878
42017,52638,386795.103818485,0.136087555091447
42019,84486,505268.754981342,0.16721002271973
42021,53328,440296.394447983,0.12111841176183
42023,1109,253589.410629801,0.00437321099980377
42025,14596,244067.58704499,0.0598031069046028
42027,71455,708645.756667975,0.100833172749074
42029,94847,480350.130181318,0.197453886322875
42031,61188,384534.752813178,0.15912215879673
42033,31175,732838.394507309,0.0425400746380914
42035,24234,569362.916334317,0.0425633621452268
42037,66982,309286.031672809,0.216569754662764
42039,129791,647907.354342959,0.200323393661152
42041,121236,349108.567951413,0.347273058095993
42043,66180,335916.87436832,0.197013026286486
42045,468,117639.156028578,0.00397826723515687
42047,8125,529216.705365829,0.0153528789201457
42049,85416,511296.594718591,0.167057635200977
42051,56545,506085.314465751,0.111730173517664
42053,1883,273445.726115397,0.0068861928352296
42055,209386,494269.995383774,0.423626766657003
42057,50442,280032.864666211,0.180128857590072
42059,33715,368596.730025651,0.0914685271289676
42061,72602,559738.74417175,0.129706940525316
42063,96354,529531.852943225,0.181960725241454
42065,49773,417561.144361821,0.11919930930372
42067,56512,250490.103743878,0.225605719169579
42069,24313,293687.089113039,0.0827853892843142
42071,295545,604111.287923629,0.489222773863088
42073,64501,228729.381928774,0.28199700211705
42075,87752,231574.542907182,0.37893629799875
42077,54982,221018.004582084,0.248767063588163
42079,30780,569476.536624028,0.0540496368515375
42081,72517,786508.450451763,0.0922011708308371
42083,17703,627004.205822087,0.028234260369576
42085,96160,430424.563141258,0.223407324382744
42087,41406,263063.798383043,0.157399080582382
42089,10832,389350.983222359,0.0278206565971707
42091,20378,309102.354783637,0.0659263822634546
42093,22894,83412.0485454839,0.274468741617299
42095,47258,236663.47634378,0.199684381933748
42097,93133,292913.935912751,0.317953462029001
42099,79568,352927.65747612,0.225451302312241
42101,167,85988.1325208349,0.00194212846708278
42103,1095,348733.062413654,0.00313993744218365
42105,42715,691999.520962708,0.0617269213432041
42107,77496,498290.446388456,0.155523752385142
42109,58493,210421.895295483,0.277979627157439
42111,119962,688030.199520831,0.174355718809357
42113,12826,287961.244522177,0.0445407159608668
42115,76451,527036.265522578,0.145058329001697
42117,114304,725690.636364667,0.157510644718531
42119,48587,202211.427596835,0.240278210670031
42121,22684,431529.45951633,0.052566515448157
42123,26005,565940.540413799,0.0459500568398686
42125,81715,548486.140382337,0.148982798258199
42127,39545,464492.398356818,0.085135946551319
42129,83447,657734.6834532,0.126870305153883
42131,31325,254245.324929179,0.123207771897972
42133,179152,578793.939811352,0.309526392170574
44001,408,15444.2773249595,0.0264175520430879
44003,992,107883.435092488,0.00919510951008899
44005,4244,65555.5203367248,0.0647390178310044
44007,3740,262068.217474839,0.0142710933665929
44009,7281,210738.288036894,0.0345499627420591
45001,24128,314364.682560294,0.0767516242711913
45003,55451,685240.538905206,0.0809219490846132
45005,28726,261180.674745789,0.109985166505751
45007,56252,456867.439445287,0.12312543014293
45009,54370,251754.694442475,0.215964195306886
45011,27448,350962.523516599,0.0782077804917021
45013,5518,368653.82644209,0.0149679715880198
45015,11077,706390.641825691,0.0156811250661123
45017,56369,243937.248840728,0.231079920216713
45019,10389,587543.259835922,0.0176821022555875
45021,20921,251496.643775729,0.0831860007589455
45023,27126,371623.213226056,0.0729932873797618
45025,52503,511350.983354265,0.102675073890737
45027,111991,388612.640004198,0.288181568151747
45029,31450,676151.18532032,0.0465132660901879
45031,107607,358793.877691821,0.29991314426058
45033,87357,259248.935101667,0.336961846982099
45035,43418,363781.676085189,0.119351805916229
45037,22693,320440.40810801,0.0708181597133372
45039,7673,439235.067940795,0.0174690059151522
45041,75104,512323.482395935,0.146594881126214
45043,12666,520704.360390061,0.0243247434888232
45045,17296,502998.595869252,0.0343857818730291
45047,12538,291586.594779492,0.0429992332448674
45049,36794,358383.775670984,0.102666477942849
45051,92254,725221.637270479,0.127208008226584
45053,9672,419285.937450147,0.0230677901071986
45055,27514,465031.698190583,0.0591658592458443
45057,21708,351451.775367813,0.0617666534114998
45059,32218,456237.376569553,0.0706167483301061
45061,86304,262517.913685084,0.328754707777886
45063,37161,447362.742240223,0.0830668191407979
45065,3703,229689.708806481,0.0161217497259308
45067,31300,313197.786456707,0.0999368493440056
45069,52509,307119.188556042,0.170972710128851
45071,37774,403395.691993826,0.0936400679275925
45073,17182,401001.842553538,0.0428476834185768
45075,142257,708082.778455286,0.200904476607015
45077,12631,318039.409167735,0.0397152039524083
45079,40270,484676.977032117,0.0830862655094334
45081,32720,289733.691636124,0.112931291543039
45083,34327,517362.008311653,0.0663500594332815
45085,96118,425650.103919892,0.225814581307114
45087,10105,328694.09058411,0.0307428709230604
45089,106476,597865.921813697,0.178093442216931
45091,29107,435862.454349008,0.0667802415867029
46003,242529,453414.371059606,0.534894823543467
46005,464064,805566.503865097,0.57607161888364
46007,172627,758170.780464652,0.227688806332267
46009,216285,360671.620856508,0.599672908798245
46011,292257,507019.047368144,0.576422131509772
46013,841107,1096339.41324287,0.767195806189332
46015,273231,523021.891086321,0.522408344003531
46017,90716,301699.31330741,0.300683481859857
46019,122872,1440006.25095733,0.085327407376401
46021,280640,469553.146212344,0.597674623764714
46023,448365,702169.933902088,0.638542008639352
46025,322871,612807.582345805,0.526871744576106
46027,179777,263694.125414429,0.68176338671731
46029,206799,440054.417739166,0.469939606702406
46031,394374,1580604.2839824,0.24950837094175
46033,55167,996443.52121219,0.0553639005378734
46035,183763,278805.316052648,0.659108666225358
46037,353293,658233.734515403,0.53672879628404
46039,183541,398552.738620322,0.460518727422041
46041,201697,1473520.88567302,0.136880991617486
46043,161640,276352.472426595,0.584905206675634
46045,552358,720627.472559831,0.766495895636479
46047,84076,1113529.0265149,0.0755040937398279
46049,402492,628296.456508612,0.640608419529553
46051,266540,436125.489625499,0.611154372629946
46053,194231,649567.778209273,0.299015755577433
46055,377031,1158746.29235146,0.325378387390468
46057,187723,324491.902714602,0.578513665301248
46059,596515,919445.143240059,0.648777150421312
46061,191880,278132.642819225,0.68988666003046
46063,220833,1709804.48889143,0.129156872282619
46065,260198,474577.299984891,0.548273168582407
46067,416483,520328.482217387,0.800423221548726
46069,205906,550802.790395019,0.37382889773004
46071,185366,1192884.7959994,0.155393044342308
46073,223059,336724.884747863,0.662436933246038
46075,238127,620590.023740596,0.383710647755331
46077,319676,532631.590533828,0.600182200382831
46079,172273,360249.967894637,0.478204067600043
46081,34617,512033.818796481,0.0676068625337407
46083,221134,369467.549898042,0.598520763355332
46085,477065,1051062.41734072,0.453888362983255
46087,248052,367491.38688405,0.674987248281454
46089,324054,727467.47849492,0.445454964764123
46091,334620,536372.115126594,0.623857934749317
46093,449585,2221397.59178143,0.202388353018543
46095,116914,836679.180130318,0.13973575867131
46097,234592,364908.950323564,0.642878174931
46099,266792,516378.051240571,0.516660224730789
46101,181623,332402.630103465,0.546394593639248
46102,64243,1339904.76700256,0.0479459448030141
46103,242020,1777129.65564972,0.136185899115795
46105,368796,1837094.36435498,0.200749622423173
46107,393055,551128.158745184,0.713182576072529
46109,425404,704675.455700367,0.60368783467447
46111,178463,364314.674484634,0.489859488236254
46115,718746,962239.152860466,0.746951522252416
46117,259388,924436.243702634,0.280590469885815
46119,438635,644305.293026488,0.680787516023041
46121,109746,888699.5598099,0.123490552896724
46123,384836,1031864.74691606,0.372951979559492
46125,358467,394920.963870207,0.907693014032582
46127,178315,294884.324815304,0.604694739578594
46129,279123,452771.387784816,0.616476675714006
46135,196380,333561.033195106,0.588737833430123
46137,221572,1255198.55220963,0.176523466833154
47001,14799,215811.93306357,0.0685735945641187
47003,81092,303129.051698186,0.267516424261243
47005,28368,252355.967811584,0.112412637775146
47007,33555,260195.409993031,0.128960768373657
47009,36546,357644.708681162,0.102185210945147
47011,29328,210407.565407334,0.139386623020057
47013,11517,307321.331383232,0.0374754331180423
47015,48642,170006.618937891,0.286118271770174
47017,115265,382500.839294804,0.301345744005446
47019,8456,218405.357659033,0.0387169989355354
47021,18458,193598.772909808,0.0953415133917146
47023,43078,182871.195653144,0.235564709062805
47025,33856,278146.615887204,0.121719978120207
47027,20666,151378.778711038,0.136518474887743
47029,21466,279126.423564728,0.0769042204097246
47031,73152,274536.648434068,0.266456228766733
47033,133798,169938.045464926,0.787333993597183
47035,46805,436036.044149423,0.107342043457216
47037,9801,322225.21889259,0.0304166136768676
47039,34427,213682.346025097,0.161112982145734
47041,26862,194825.531527469,0.137877206285012
47043,42996,313535.582724904,0.13713276058279
47045,225054,327904.409246203,0.686340267632758
47047,139761,450606.372259446,0.310162058515075
47049,28811,319108.336142232,0.0902859522515214
47051,71055,354878.339724539,0.200223547188464
47053,246227,385756.876722313,0.638295814949909
47055,74136,390996.054678456,0.189608051316444
47057,26231,179575.374506399,0.146072366949541
47059,85658,398188.014290336,0.215119483575272
47061,10728,230684.189354423,0.0465051377384061
47063,22843,103160.613235484,0.221431409561869
47065,14874,346984.766885436,0.0428664351277154
47067,13671,142287.23453695,0.0960802987315763
47069,56126,427371.187462238,0.131328460239167
47071,41003,369591.658822754,0.110941356551729
47073,40076,311715.553493003,0.128565929902819
47075,213010,341188.661338962,0.624317347370404
47077,55412,332805.667628564,0.16649956833621
47079,129004,359617.492529068,0.358725597836631
47081,46553,391989.372348475,0.118760872829518
47083,14730,128187.940928137,0.114909404842206
47085,105470,339688.039287015,0.31049076741523
47087,18868,197638.231260396,0.0954673591221358
47089,35546,176097.128306342,0.201854512574239
47091,9865,191001.635308891,0.0516487724518493
47093,20423,325327.947693829,0.0627766539726257
47095,60676,106102.415151558,0.571862571773977
47097,181229,302012.993820159,0.600070207932567
47099,114066,394963.139075319,0.288801634165278
47101,13700,180538.833444811,0.0758839510513842
47103,97864,365018.932480751,0.268106641304587
47105,25873,146733.985567298,0.176325885921865
47107,52422,275274.733427106,0.190435203941017
47109,46487,360218.697202882,0.129052157372658
47111,49433,196571.921131884,0.251475387305364
47113,106803,356591.334519344,0.299510923741211
47115,28925,318882.772419926,0.0907073147304102
47117,53039,240295.728007281,0.220723857389562
47119,82689,392402.308173821,0.210725060168024
47121,16654,124886.483307652,0.133353102424813
47123,39096,406895.331342242,0.0960836780088688
47125,95674,345068.280068061,0.277261068392404
47127,13063,82702.4273741779,0.157951833032638
47129,17338,334195.122405918,0.0518798714810117
47131,206349,348702.552065157,0.591762230525467
47133,36272,277432.046430644,0.130741925695551
47135,13727,265449.494581284,0.0517122853130791
47137,13313,104300.848645303,0.127640380427523
47139,14291,278147.41749706,0.0513792295057028
47141,26572,256708.042392046,0.10351058639378
47143,28062,201902.707724609,0.138987734816692
47145,15183,230891.803836064,0.0657580726026123
47147,141821,304854.860636733,0.465208262396691
47149,59066,396330.551311372,0.149032164703335
47151,7844,340672.369981432,0.023025054836198
47153,3445,170144.619385808,0.0202474813040568
47155,15392,379207.884817584,0.0405898733023556
47157,54017,487208.290701644,0.110870445004555
47159,44282,201148.856419842,0.220145422589795
47161,13756,294256.677641775,0.0467483018915425
47163,32256,264667.898037232,0.121873488395115
47165,69813,338850.403690449,0.206028971013936
47167,161914,291591.00734028,0.555277755226004
47169,14412,73178.6736492363,0.196942623872637
47171,1059,119080.808111088,0.00889312070348131
47173,14037,143093.266096601,0.0980968593625063
47175,8487,174985.796318728,0.0485010793935605
47177,88160,276911.025229016,0.318369410994338
47179,49005,208990.866026197,0.234483931914312
47181,32863,469829.846910615,0.0699465992126553
47183,197005,371426.024861756,0.530401713432237
47185,45078,241074.059795039,0.18698818130132
47187,59761,373033.581767331,0.16020273487676
47189,53651,365496.008955632,0.146789564551751
48001,69021,680074.738150634,0.101490315884535
48003,71538,960438.828058751,0.0744847021070497
48005,12862,510633.585776619,0.0251883157674368
48007,1767,161323.958802217,0.010953115787137
48009,123796,578105.062889676,0.214141006448208
48011,112540,581838.675450725,0.193421312037774
48013,81698,780506.983530513,0.104672990407402
48015,49714,413757.173732745,0.12015259953441
48017,221376,529261.965187413,0.418273018960677
48019,7984,506235.878492554,0.0157713041275826
48021,39502,568465.941592875,0.0694887716391823
48023,153504,555187.620029259,0.276490315097282
48025,63092,563353.19238676,0.111993685049867
48027,156364,674451.57325874,0.231838735647836
48029,76669,793807.930557023,0.0965838171284086
48031,17601,453921.145647597,0.038775457298622
48033,76543,574363.363805034,0.133265811894615
48035,72399,629101.605407842,0.115083158869169
48037,66589,566361.090544355,0.117573401689721
48039,124340,872493.07185224,0.14251116027321
48041,26326,375128.439874243,0.0701786300415545
48043,24038,3957608.33744206,0.0060738703657413
48045,94861,576000.437201264,0.16468911110714
48047,11328,603746.897433013,0.0187628293381945
48049,60660,604449.477336487,0.100355782037068
48051,75544,421812.694002237,0.179093709303114
48053,41679,636672.026432048,0.0654638467996966
48055,58230,348506.345944746,0.167084475440892
48057,31143,324435.908141056,0.095991224209559
48059,73592,575598.1911547,0.127853077252324
48061,168839,570700.421900318,0.295845234243563
48063,13759,125342.317615561,0.109771386565553
48065,342586,588950.279852179,0.581689170919464
48067,31667,599646.548609965,0.0528094426181673
48069,390367,572444.422737015,0.681929955983408
48071,93123,382141.520889238,0.243687207250613
48073,74816,673891.132324102,0.111020899981242
48075,119722,445766.895164443,0.268575350253039
48077,116999,696805.509348057,0.167907685043229
48079,288531,496052.643502059,0.581653991324415
48081,44131,583453.660591159,0.0756375407008094
48083,145205,808265.200542078,0.179650193899992
48085,93314,538410.959632846,0.173313708293815
48087,136818,587802.025872746,0.232762042282617
48089,137740,614586.347450133,0.224118222885151
48091,7577,358097.999286279,0.0211590123795766
48093,169567,600161.870820191,0.282535442926867
48095,144536,629603.260960761,0.22956679064756
48097,147151,559888.873540187,0.262821797242659
48099,121551,673438.132809124,0.180493194665072
48101,98659,576360.632583827,0.17117581323643
48103,96,502444.235950936,0.000191065979328648
48105,6604,1796687.17847466,0.00367565376940387
48107,301457,576127.046832432,0.523247435886619
48109,17163,2439780.04301875,0.00703465054118739
48111,411259,962004.744001047,0.427502049823106
48113,35546,558847.908516393,0.0636058567247144
48115,450517,576195.771286785,0.781881822898294
48117,540253,957965.926641817,0.563958471773496
48119,66864,164372.701502448,0.406782874460479
48121,116619,562366.817636631,0.207371765798871
48123,39658,581744.86930599,0.0681707774188215
48125,136259,577103.417521212,0.236108461435323
48127,41629,850486.287935054,0.0489472912033344
48129,78918,593303.530407148,0.133014546442768
48131,42027,1147825.4166634,0.0366144531998323
48133,87490,592965.140344721,0.147546616229645
48135,1934,574645.668606241,0.0033655522100963
48137,12310,1355438.05786339,0.00908193475060349
48139,203455,598850.735352029,0.339742423260783
48141,54881,648634.02924503,0.0846101152970314
48143,140689,693234.30679867,0.202945813010462
48145,253061,489916.837493323,0.516538687044919
48147,163905,570134.150514216,0.28748497147938
48149,74854,607957.545202344,0.123123728935853
48151,206781,575328.565083486,0.359413755112253
48153,326526,634971.19984752,0.514237496249296
48155,77057,450813.776701514,0.170928671620921
48157,96295,551534.707637747,0.174594633241554
48159,34266,182010.394174215,0.188263973359684
48161,45766,561747.594779751,0.0814707538141643
48163,121521,725440.4878809,0.167513396384833
48165,648081,961512.357618075,0.674022538415909
48167,8259,242823.06723386,0.0340124193886649
48169,97848,571786.312165011,0.171126866660219
48171,55738,677249.462977762,0.0823005451417098
48173,162479,576139.285961953,0.282013401895891
48175,48073,545287.101270431,0.088160897054043
48177,65113,682679.246657962,0.0953786134832119
48179,144951,592623.365926995,0.244592110831243
48181,184758,597012.617512027,0.309470846311348
48183,4227,174963.496540725,0.0241593251368072
48185,55748,503978.34448859,0.110615863974414
48187,81585,455201.175490399,0.179228447536645
48189,476041,642995.240374105,0.740349181625406
48191,140356,565434.839251582,0.248226657179061
48193,68145,534985.310307346,0.127377329222089
48195,324520,588678.320364852,0.551268814857779
48197,121927,444873.05594318,0.274071442113979
48199,6385,569968.720627693,0.0112023691282012
48201,74411,1092490.61028451,0.0681113405456376
48203,26501,576037.489664723,0.046005686219181
48205,358499,935648.588836269,0.383155603799809
48207,332574,578005.137921496,0.575382428599051
48209,11350,433185.27634992,0.0262012598757666
48211,29170,580023.052107767,0.050291104627649
48213,68636,559214.774508716,0.12273638524715
48215,310143,1005564.58113562,0.308426734411971
48217,246249,613668.95216711,0.401273356148126
48219,442215,581370.752253366,0.760641979814077
48221,36354,269272.532108663,0.135008200484889
48223,101540,491155.852290776,0.206736821981073
48225,96553,787838.227055657,0.122554347687395
48227,237055,576506.527554456,0.411192221891379
48229,66538,2925130.72000714,0.0227470176101523
48231,149373,537869.290552688,0.277712452864732
48233,94673,567951.608051278,0.166692018576788
48235,4432,672988.044442639,0.00658555532538551
48237,64723,583021.837513121,0.111012994429293
48239,116170,530843.317555755,0.218840467908496
48241,11813,600739.215986837,0.0196641066300204
48243,23297,1449315.62074872,0.0160744834779085
48245,122074,561110.125167327,0.217558006039539
48247,16041,727150.760068617,0.0220600745827266
48249,116011,553712.594635308,0.209514829758222
48251,109535,464032.156677333,0.23605045129699
48253,313674,594307.41529168,0.527797553806479
48255,68844,478561.498900443,0.143856119136575
48257,91185,499642.5892417,0.182500455252203
48259,19708,423970.467610206,0.0464843697984157
48261,,933479.580582153,
48263,62879,577604.387850909,0.108861707636872
48265,14558,706132.6855532,0.020616521933969
48267,21071,800627.374359149,0.0263181108650775
48269,52404,582958.800189112,0.0898931450781773
48271,9525,870741.354408705,0.0109389544343718
48273,58989,564035.933434721,0.104583762315964
48275,175071,544397.522145937,0.321586695159624
48277,192638,580691.874450932,0.331738755914481
48279,413307,650356.056482827,0.6355088045696
48281,40992,456018.165679488,0.0898911558466538
48283,11484,951490.573870365,0.0120694837293939
48285,94731,620613.866197492,0.152640804789648
48287,47350,402585.262452603,0.11761483694544
48289,59974,686820.022909762,0.0873212748602114
48291,66290,741346.156419576,0.0894184173290327
48293,59023,579475.259509162,0.101855944721427
48295,112534,596616.827587753,0.188620224566911
48297,43806,665404.606154067,0.0658336290354101
48299,24460,597801.760160204,0.0409165740720553
48301,783,428043.367226215,0.00182925390264532
48303,361218,573185.082321017,0.630194349331821
48305,437414,570794.859399302,0.766324350678858
48307,67529,681984.542744296,0.0990183732438631
48309,222668,663481.739322861,0.335605317830226
48311,8243,729471.533775897,0.0112999611613801
48313,34659,298281.759895508,0.116195505927488
48315,16103,243776.950097441,0.0660562862631738
48317,269925,585571.697677019,0.460959778402544
48319,38997,594455.015536543,0.065601263309726
48321,146069,699598.326734924,0.208789807548161
48323,13233,818864.777458491,0.0161601773140997
48325,160659,848230.824921288,0.189404812086272
48327,26326,577296.97615457,0.0456021789259316
48329,67801,576228.832998342,0.117663324216536
48331,133510,650467.709813704,0.205252309969756
48333,43079,478863.738186946,0.0899608731350257
48335,126283,583099.618873898,0.216571913121607
48337,87974,595779.626155342,0.147661981272689
48339,18470,666950.414884406,0.0276932131501877
48341,178721,575806.735740995,0.310383656366936
48343,10784,161273.085487693,0.0668679461758234
48345,81094,633322.170998746,0.128045414661728
48347,32477,605647.120021315,0.0536236348302243
48349,117599,646209.310906337,0.181982831282734
48351,5301,597553.33251831,0.00887117469106838
48353,107186,583678.166702434,0.183638871752838
48355,383446,537117.152676632,0.713896396883179
48357,266185,587318.108285391,0.453221169660675
48359,117875,960334.813249411,0.122743649791426
48361,5210,213622.860099623,0.0243887756093628
48363,62486,609631.385902425,0.102498003621489
48365,27642,519267.470028243,0.053232681797873
48367,76147,578379.872984677,0.131655687821656
48369,445516,563725.94813584,0.790306001476883
48371,86467,3048854.12894303,0.0283604909723825
48373,20476,676508.618311829,0.0302671679942469
48375,67502,581369.45742117,0.116108610692114
48377,4326,2467361.42450072,0.00175328995462243
48379,21935,146873.624818101,0.14934607916953
48381,221224,584134.704766468,0.378720863860406
48383,40534,752200.91733321,0.0538871983082736
48385,2629,447461.606385002,0.00587536441671372
48387,123885,668093.19547965,0.185430716609916
48389,66694,1686626.25817797,0.039542844584934
48391,73951,493110.045165342,0.149968553115165
48393,50070,591396.923357117,0.0846639507621603
48395,122555,547298.964587237,0.223926972148447
48397,11059,81413.6045334984,0.135837248127856
48399,290761,672684.927190717,0.432239505074513
48401,41465,591487.060975365,0.0701029705225064
48403,4276,314694.488923102,0.013587781643818
48405,6238,339621.725345653,0.0183674939924742
48407,14274,364315.43705184,0.0391803326137095
48409,244431,443725.521781721,0.550860809219446
48411,72761,726600.316276379,0.100138959989557
48413,57716,838810.599455192,0.0688069512205575
48415,234128,579484.475057241,0.404028080263709
48417,48665,585142.886813576,0.0831677203922065
48419,35527,509177.061656754,0.0697733709456642
48421,403875,590630.196132261,0.683803507922171
48423,62745,589742.875550949,0.106393824497468
48425,29788,119172.669536475,0.249956639520296
48427,85536,782834.599338688,0.10926446029884
48429,28903,573901.5631377,0.0503622953071921
48431,15761,591007.566327226,0.0266680172945088
48433,67425,586440.053167445,0.114973388389535
48435,21768,930518.499998464,0.0233934091584809
48437,419824,569702.124315556,0.736918438744422
48439,34694,553759.513275314,0.0626517453303797
48441,161022,585943.263860794,0.274808176714964
48443,8551,1509092.77276322,0.0056663183035081
48445,496422,568864.531962432,0.872654159484114
48447,100079,584033.430602908,0.171358341416666
48449,32675,260033.305156515,0.125656980671506
48451,189638,974284.859408891,0.194643279292111
48453,51487,636348.423649831,0.0809100770686159
48455,10658,444028.780377921,0.0240029486172693
48457,10937,591609.49106612,0.0184868568965836
48459,33485,373107.092405809,0.089746350797267
48461,57289,794446.418490723,0.0721118487875328
48463,115702,993229.881631742,0.116490655526712
48465,4197,2012639.7135116,0.00208532106955059
48467,95460,539245.797749394,0.17702502346502
48469,106033,564535.466846628,0.187823451717351
48471,32166,501902.245386676,0.0640881771214604
48473,65983,328509.775174632,0.200855514770981
48475,3473,534785.726997693,0.00649418977484226
48477,57270,386684.211325076,0.148105348816155
48479,53047,2151345.72389333,0.0246575896244142
48481,364166,695130.93128552,0.523881161965474
48483,111190,585301.028821098,0.189970621141666
48485,108653,401659.494745061,0.270510224260885
48487,181374,621405.316315716,0.291877129528531
48489,170402,377992.33415869,0.450808084188452
48491,159219,714135.841968511,0.222953380355639
48493,85199,514390.04224172,0.16563112230692
48495,,538412.024904144,
48497,82410,578812.793704817,0.142377640743766
48499,47126,412955.666178409,0.114118787704538
48501,208123,511817.632476279,0.406635072326559
48503,88121,585278.919561343,0.15056240205276
48505,5980,638983.884577182,0.0093586084787678
48507,48593,830340.521360633,0.058521773597624
49001,34234,1653063.4295114,0.0207094291657754
49003,239338,3700034.22923805,0.0646853475323895
49005,113209,745399.57572998,0.151876931093143
49007,29407,946779.684237999,0.0310600243008676
49009,4999,445769.685478405,0.0112143112527605
49011,12878,207818.539040547,0.0619675225292936
49013,65727,2070734.58568305,0.0317409099429898
49015,47131,2856086.48855748,0.0165019512500143
49017,18114,3314915.40010764,0.00546439284677123
49019,9608,2350628.81780578,0.00408741691891989
49021,85936,2109546.65468398,0.0407367145965651
49023,45181,2170759.82156593,0.0208134495355675
49025,4641,2556249.62555693,0.00181555038819374
49027,107745,4342708.05717203,0.0248105556674614
49029,13446,389886.351115302,0.0344869728358959
49031,14788,485254.136869727,0.0304747530755622
49033,68991,658405.317325913,0.104784998213873
49035,4652,481824.966045442,0.00965495839325449
49037,114059,5007209.463753,0.0227789551896458
49039,73806,1017482.49590073,0.072537857208701
49041,29073,1222704.59393043,0.0237776157416271
49043,30048,1197231.34382091,0.0250979062276328
49045,21715,4505772.35841578,0.00481937352193153
49047,84226,2869043.61216844,0.029356821082389
49049,102037,1282854.43349292,0.0795390321271107
49051,12962,753249.136135463,0.0172081179760808
49053,17052,1553656.78636667,0.0109753969793272
49055,17344,1575099.90215294,0.0110113650418575
49057,21750,391070.549784772,0.0556165633335731
50001,109133,490452.021045652,0.222515139742572
50003,7114,431511.303695566,0.0164862425134035
50005,29326,415496.371829257,0.0705806403817437
50007,28520,343583.58445213,0.0830074581283541
50009,5546,423916.835364103,0.0130827547701344
50011,77854,403814.926535333,0.192796241258278
50013,9920,52332.5582858254,0.189556947432606
50015,9051,295202.950648043,0.0306602626434825
50017,30834,439685.313960513,0.0701274275509897
50019,49472,444513.101735468,0.111294807300058
50021,32544,595552.146625017,0.0546450889051887
50023,17514,439718.358621798,0.0398300404260897
50025,9688,503013.467906607,0.0192599216882176
50027,19781,620252.290978482,0.0318918612437439
51001,60067,287564.661142524,0.208881716415875
51003,42417,461101.981810751,0.091990495971039
51005,8295,285806.183389976,0.0290231649351045
51007,29484,227430.688710755,0.129639496618231
51009,16966,303335.354791569,0.0559314953961032
51011,18601,213903.070682727,0.0869599484506236
51015,94998,618927.037638587,0.153488204946498
51017,8498,338689.070564037,0.0250908598433596
51019,57623,486466.665676917,0.11845210384522
51021,14043,228892.865613316,0.0613518466919968
51023,25471,346416.780093779,0.073527038710725
51025,24683,362393.608804549,0.0681110245884948
51027,1331,321826.809404171,0.00413576483097915
51029,25552,370958.413264283,0.0688810364891116
51031,36347,322052.686703206,0.112860415393759
51033,41048,337512.125920133,0.121619334084943
51035,31859,303836.42767,0.104855761517189
51036,22221,117056.673046851,0.189831125570315
51037,37523,304189.223729034,0.12335413970294
51041,5226,271043.608776167,0.0192810301766449
51043,19671,112613.268811783,0.174677462145934
51045,15718,209982.847844527,0.0748537328707807
51047,53745,242676.298498604,0.221467857934668
51049,13821,190383.406804064,0.0725956123593487
51051,2091,211481.762398292,0.00988737740922519
51053,43948,322486.816015764,0.136278439357508
51057,45576,164706.580161934,0.276710256233789
51059,648,250253.085698741,0.00258937866116894
51061,68239,414715.981159464,0.164543936332565
51063,29022,243790.617248959,0.119044778373742
51065,15204,183755.07504492,0.0827405719068346
51067,63648,441990.417974268,0.144003121813617
51069,30975,264406.174396103,0.117149306633047
51071,14462,228623.687297053,0.0632567874789342
51073,15918,139398.252384486,0.114190814645906
51075,17020,180498.47545267,0.0942944252427384
51077,37166,282742.609424778,0.13144817498718
51079,13039,99806.0909699559,0.130643329212493
51081,18132,188945.312297724,0.0959642754800347
51083,51646,523347.878435465,0.0986838814640739
51085,58845,299246.797095987,0.196643708708183
51087,6209,149567.095216275,0.0415131415838608
51089,13126,244704.659559067,0.0536401718857815
51091,16543,265704.23798961,0.0622609564874418
51093,56312,202038.664116814,0.278718928607852
51095,2381,91070.857434736,0.0261444776854802
51097,32940,201683.766920725,0.163324993889804
51099,14454,114961.833967053,0.125728683174473
51101,35424,175302.697603012,0.202073330783652
51103,7511,85315.9688187077,0.0880374460256146
51105,24768,278641.673726451,0.0888883549569666
51107,53305,330071.815269028,0.161495158126583
51109,34108,316849.827554645,0.107647210235952
51111,24800,276287.960130567,0.0897614213383752
51113,39254,205208.786957035,0.191288105066469
51115,2550,54982.9384476601,0.0463780232922149
51117,48864,400198.128595255,0.122099521483318
51119,14138,83411.4463496704,0.169497120823584
51121,25182,247582.067789696,0.10171172825566
51125,21847,301276.944975461,0.0725146758301717
51127,12022,134421.941673175,0.0894348039491167
51131,33406,135495.550553326,0.246546841306443
51133,41441,122516.193635705,0.338249163398126
51135,19456,201209.407122402,0.0966952801971346
51137,51489,217929.592325303,0.236264379933967
51139,26760,198411.053833685,0.134871517906614
51141,18403,309090.81570366,0.0595391356359285
51143,89398,620161.777018737,0.144152708717001
51145,10463,166529.575152618,0.0628296804961583
51147,19621,223965.642633046,0.0876071872869706
51149,14168,169818.784747789,0.0834301106384786
51153,11688,214562.971039005,0.0544735186290613
51155,24383,204696.896299235,0.119117585272792
51157,20288,170478.229441745,0.119006397863445
51159,27947,122545.841339317,0.228053434490833
51161,6309,160350.407091624,0.0393450825253911
51163,34996,381790.972747854,0.0916627225314527
51165,103499,543867.816919904,0.19030175491197
51167,33973,303055.321877235,0.112101644642169
51169,29490,342929.452029654,0.085994363637947
51171,49875,325170.751111496,0.153380953943483
51173,28232,288921.401885593,0.0977151564949809
51175,101699,383485.254993472,0.265196637095554
51177,15421,257259.721464083,0.0599433129766215
51179,5566,172291.200108438,0.0323057706748622
51181,28339,178527.645961222,0.158737319631468
51183,46662,313744.513784015,0.148726106592967
51185,26977,332026.361504289,0.0812495727079535
51187,12692,137325.959940967,0.0924224378657608
51191,50223,359163.640006314,0.139833196921373
51193,27774,146768.687070163,0.189236550073672
51195,3513,258201.472688985,0.0136056543884688
51197,48333,295649.35615593,0.163480822784233
51199,180,67008.8461716436,0.00268621249706239
51550,31105,216612.095870423,0.14359770572834
51800,55302,255466.918550166,0.216474212449313
51810,18697,156620.028151591,0.119378091171733
53001,769967,1231993.01363341,0.624976758373983
53003,70814,407088.301370584,0.173952431847301
53005,463228,1088081.55863951,0.425729115912229
53007,27525,1869553.58530104,0.0147227660209418
53009,6708,1112814.95794094,0.00602795635710353
53011,22009,402239.629484353,0.0547161402973005
53013,198737,555894.38738052,0.357508556502048
53015,14133,730341.592069503,0.0193512188727368
53017,508198,1164316.06790184,0.436477700523193
53019,11476,1410074.37986338,0.00813857776857976
53021,451688,794621.341671773,0.568431750209113
53023,156685,454934.571517995,0.344412163439644
53025,814651,1714910.12986416,0.475040053594255
53027,16239,1216936.26006352,0.0133441664390479
53029,9528,133423.046587601,0.071411950511445
53031,2117,1154385.85597201,0.00183387555300343
53033,19170,1354071.24461078,0.0141573052941615
53035,2515,252871.21193651,0.00994577429648836
53037,59201,1470253.74283548,0.0402658386611736
53039,223233,1197847.27424569,0.186361821577441
53041,53115,1537780.11885682,0.0345400485730596
53043,792235,1478783.61178355,0.535734230273549
53045,5065,614114.13079678,0.00824765258768502
53047,105529,3370363.37407918,0.0313108671936099
53049,7755,597358.639671253,0.0129821508972698
53051,16020,896156.633595842,0.0178763392463207
53053,15067,1067506.40569322,0.0141142010199141
53055,7928,111305.137156632,0.0712276198792469
53057,68346,1107347.85492347,0.0617204428546289
53059,1646,1061291.50149913,0.00155094052640103
53061,40064,1335369.27968858,0.0300021878662234
53063,391751,1129103.33316239,0.34695761538741
53065,66443,1585345.67753852,0.0419107333759299
53067,19518,462400.749407489,0.0422101392028667
53069,3086,168274.012871629,0.0183391359565081
53071,579774,812821.115069486,0.71328609610546
53073,64682,1349087.44611221,0.0479450017761265
53075,943430,1381927.77200396,0.682691251390014
53077,339183,2748487.51178959,0.123407146128582
54001,30611,218277.665953401,0.140238809437036
54003,30511,205534.232156974,0.14844729113882
54005,,321517.024013543,
54007,18153,326870.138554285,0.0555358163957374
54009,3965,57085.2462875983,0.0694575263812323
54011,7857,179855.116330595,0.0436851625925276
54013,11362,178728.070417591,0.0635714354966912
54015,3170,218840.829248021,0.0144854139462582
54017,12993,204622.630012503,0.0634973756285222
54019,7182,423396.972592501,0.0169628043299977
54021,10094,216641.641519513,0.0465930738393654
54023,21695,305518.084807492,0.0710105263119534
54025,38426,652686.672397432,0.058873578433668
54027,40882,409857.278030292,0.099746917259765
54029,2488,52870.4110704799,0.0470584576443585
54031,33739,372681.901636197,0.0905302883018322
54033,25944,266245.262866041,0.0974439872496568
54035,33244,297189.962082472,0.111861113232265
54037,39781,133949.1500056,0.296985833790934
54039,2861,577096.93100496,0.0049575727166281
54041,16926,247635.07510629,0.0683505759139129
54043,3967,279739.541436065,0.0141810484840115
54045,,289843.457081891,
54047,524,341412.795309534,0.00153479895070988
54049,12734,197622.368330463,0.0644360256765381
54051,20190,195476.040643743,0.103286315466132
54053,37440,275691.396342914,0.135804020352637
54055,10713,268135.547123025,0.0399536731140116
54057,20729,209844.290173976,0.0987827687987799
54059,,270809.368689723,
54061,13171,230458.876196973,0.0571511942492627
54063,34527,302562.443754555,0.114115286654708
54065,8456,146606.512302823,0.0576782017877467
54067,13515,413981.659581379,0.0326463737878303
54069,8620,67731.3318961899,0.127267540127687
54071,31855,445471.771277385,0.0715084592423357
54073,4193,83276.3849731557,0.0503504084783654
54075,19766,601752.689795679,0.0328473812168774
54077,48212,415240.89871874,0.116106096843452
54079,15413,221234.615676436,0.0696681211160106
54081,8514,387439.02362267,0.0219750708650656
54083,21409,665408.051050184,0.0321742425061
54085,20702,289273.630096462,0.0715654586043556
54087,23278,309480.3081473,0.0752164172879156
54089,16014,230776.400186818,0.0693918441705319
54091,12788,110573.49345956,0.115651587011465
54093,5471,268188.422979557,0.0203998365746647
54095,11344,164033.138183671,0.0691567577479246
54097,13817,226967.99846405,0.0608764235200694
54099,4700,323843.435430091,0.0145131859590052
54101,1918,354220.495037925,0.00541470645224706
54103,6527,229162.841585749,0.0284819299448148
54105,10458,148807.12632359,0.0702788922706461
54107,23762,234559.785949235,0.10130466270609
54109,383,319660.698954859,0.00119814541247088
55001,83824,413213.626898796,0.202858750397721
55003,26288,668780.529722433,0.0393073644217938
55005,183541,552354.072509547,0.332288669776808
55007,43363,945843.877627248,0.0458458325160182
55009,156948,339258.729764913,0.462620372683574
55011,169661,432506.264122158,0.392274087276758
55013,42830,525821.613338849,0.0814534794947647
55015,118921,203679.963262165,0.583862045609916
55017,215050,645347.455275853,0.333231344203685
55019,300614,774206.459545855,0.3882866079112
55021,224613,489983.830233166,0.458409004830047
55023,88661,365315.036140644,0.242697374125784
55025,365559,765757.502042421,0.477382198705184
55027,309761,560447.328241772,0.552703143347615
55029,86012,308439.337440082,0.278861965901833
55031,27984,834734.041691122,0.0335244504265168
55033,260795,544102.049346081,0.479312658927552
55035,113591,408270.288693999,0.278224997374563
55037,8842,312335.398561233,0.0283093112107386
55039,260768,460522.207351105,0.566244137280418
55041,8760,649130.045853154,0.0134949846428487
55043,365854,734001.097973896,0.498437946496112
55045,231645,373788.19959299,0.619722613641183
55047,92456,223708.15264841,0.413288469398378
55049,218147,488126.942021318,0.446906288549983
55051,4792,485253.501561792,0.0098752507392052
55053,126912,632265.511076677,0.200725799172381
55055,156681,356155.067498135,0.439923545383277
55057,104211,490931.560419866,0.212271950719311
55059,56991,173973.156737652,0.327585019831199
55061,146569,219170.559996582,0.668744013804983
55063,77568,289156.750486776,0.268255884980792
55065,241090,405496.326189018,0.594555324991078
55067,70639,557241.442086864,0.126765517897337
55069,47474,562370.465653371,0.0844176621986077
55071,193638,377153.297474614,0.513419878061741
55073,329036,988924.07827519,0.33272119389982
55075,85488,895659.575932747,0.0954469781791504
55077,77508,291656.107747116,0.265751335018173
55078,,228873.344535323,
55079,,154532.782620151,
55081,146437,576578.342802914,0.253975893870948
55083,144889,638385.329367263,0.226961669284611
55085,13373,712924.432548696,0.0187579487943648
55087,203470,408036.735313409,0.498656082628729
55089,41506,149126.902926088,0.278326708230316
55091,76138,148484.959717847,0.512765738325811
55093,156770,367371.703616711,0.426734009333398
55095,151382,585164.464796761,0.25869991960735
55097,190418,512559.071924864,0.371504496613248
55099,26750,802596.479796353,0.0333293263468928
55101,88199,212870.852448103,0.414331032105499
55103,125856,375135.691675859,0.335494603133491
55105,256861,459627.123954248,0.558846479272551
55107,68764,584674.130376873,0.117610813318653
55109,194603,462180.983765843,0.421053671257476
55111,196731,532215.581211753,0.369645322205865
55113,20522,804864.271144683,0.0254974667602197
55115,189890,571663.904560846,0.332170701149785
55117,171376,327372.219128459,0.523489746491754
55119,132319,624033.547680936,0.212038279819619
55121,199105,469098.326766234,0.42444193176417
55123,196220,506600.292705287,0.387327056113942
55125,1659,548934.506918527,0.00302221845974465
55127,154598,355477.400264962,0.434902471675463
55129,33038,510153.009548226,0.0647609626556105
55131,89676,275611.993970837,0.325370455429051
55133,47812,351823.868133155,0.135897545137286
55135,159564,478528.971677826,0.333446895473297
55137,113520,400743.089366194,0.283273755711023
55139,118630,278206.347188321,0.426410113208876
55141,135944,507531.046505206,0.267853564695388
56001,113517,2735472.09033582,0.0414981386214999
56003,107765,2007652.57983171,0.0536771157931286
56005,131367,3073321.75009824,0.0427443042681102
56007,186334,5054557.10687105,0.0368645553033127
56009,53590,2723196.58962097,0.0196790786990002
56011,151456,1826867.11544823,0.0829047710801011
56013,109749,5877497.57005872,0.0186727427262728
56015,241931,1424392.25523196,0.169848578656167
56017,22254,1282836.09703813,0.0173475006287873
56019,47087,2658657.22814016,0.0177108201469579
56021,292019,1718952.76154205,0.1698819226062
56023,85996,2608215.5365387,0.0329712014959175
56025,62071,3417943.77316875,0.0181603338496275
56027,55547,1680657.7625277,0.0330507502708092
56029,129215,4440984.75758737,0.0290960242048203
56031,127961,1332133.64748211,0.0960571788287617
56033,90691,1614951.05817677,0.0561571197720302
56035,120319,3127348.16486711,0.0384731707686639
56037,36859,6673267.22032021,0.00552338139371427
56039,13888,2557981.02994973,0.00542928185838538
56041,60227,1332301.22224334,0.0452052426241786
56043,49270,1432754.67519544,0.0343883016771724
56045,36992,1534723.11863608,0.0241033705368791
