fips,rural_raw_value,drinking_water_violations_raw_value,severe_housing_problems_raw_value,severe_housing_cost_burden_raw_value
01001,0.406768132,0,0.1352093342,0.0982333798
01003,0.3758645536,0,0.1196811561,0.1155147835
01005,0.6591999366,0,0.1380638064,0.1066602894
01007,1,1,0.119266055,0.1100699301
01009,0.9048939696,0,0.1025821596,0.0936733221
01011,1,0,0.1271929825,0.1827411168
01013,0.6943467535,0,0.0987748851,0.1043018868
01015,0.3649401843,0,0.123715995,0.1096265368
01017,0.5074485218,0,0.152,0.0972611267
01019,1,0,0.0851393189,0.0744437513
01021,0.8554449727,0,0.1286231884,0.1025839947
01023,1,1,0.1362763916,0.1087001878
01025,1,0,0.12,0.0992501704
01027,1,0,0.1009259259,0.0625455872
01029,1,0,0.0830357143,0.0693450743
01031,0.4753015992,1,0.1140136719,0.1192512016
01033,0.4029566463,0,0.1071113074,0.114608309
01035,1,0,0.0633213859,0.1089541373
01037,1,0,0.0666666667,0.0329586101
01039,0.6881554432,0,0.1185729276,0.0978922369
01041,1,0,0.104189044,0.1160599572
01043,0.7559920788,0,0.1051912568,0.0913160521
01045,0.5045209423,0,0.1163328197,0.1042850316
01047,0.4486246165,0,0.155022593,0.1782864343
01049,0.8829739694,0,0.1228515625,0.0810355455
01051,0.7123680053,0,0.1052797977,0.0925560994
01053,0.6528280328,0,0.1125776398,0.1196551724
01055,0.4316968947,0,0.1136066858,0.1212646283
01057,1,0,0.0983078163,0.0986922406
01059,0.6904991748,0,0.0994979461,0.0885748591
01061,0.9944108931,0,0.1280931587,0.0933306629
01063,1,0,0.1385964912,0.1391076115
01065,1,0,0.147030185,0.1536972513
01067,1,0,0.0843091335,0.0822926673
01069,0.3431652395,0,0.1322545322,0.1309954973
01071,0.7530953422,0,0.1008631319,0.095359028
01073,0.1207091524,0,0.160617936,0.1595986405
01075,1,0,0.0981308411,0.0644748079
01077,0.5216322517,0,0.1192987081,0.1120334216
01079,0.9999395277,0,0.0862068966,0.0663910506
01081,0.2638988527,0,0.1806875792,0.1743920796
01083,0.5101284156,0,0.0992497038,0.0769825719
01085,1,0,0.1829896907,0.175856531
01087,0.5390640999,0,0.1254379818,0.1628268991
01089,0.1710227668,0,0.1099133105,0.1062513416
01091,0.6777415515,1,0.0917241379,0.0954532618
01093,1,1,0.1006289308,0.0713671539
01095,0.5365119043,0,0.1025677201,0.0898107715
01097,0.2239633181,1,0.1520453036,0.1404791332
01099,0.7833299616,1,0.1090661213,0.1060840025
01101,0.1236405566,0,0.1743422898,0.1742167873
01103,0.3843754304,0,0.1091445428,0.0998161057
01105,1,0,0.1036906854,0.0646302251
01107,1,0,0.0986418871,0.1101838974
01109,0.5617558848,0,0.1572545613,0.16718107
01111,1,0,0.1138872748,0.1039222657
01113,0.4035111434,0,0.1778305964,0.1693269777
01115,0.6711085255,0,0.0942203492,0.070499803
01117,0.2396737571,0,0.1003597342,0.1002763427
01119,1,0,0.1153846154,0.1447714764
01121,0.5867995959,0,0.1458464443,0.1265449485
01123,0.7840768802,0,0.1193528694,0.0857768899
01125,0.3109022358,1,0.1532583445,0.1474511587
01127,0.7968534786,1,0.1174680463,0.1061256005
01129,1,0,0.0817490494,0.0886150235
01131,1,1,0.1531034483,0.1786245907
01133,1,0,0.0970715835,0.0812989137
02013,1,1,0.1584699454,0.1133757962
02016,1,1,0.144278607,0.0916030534
02020,0.0426922852,1,0.1655185341,0.1320469307
02050,0.7269366763,1,0.5586283186,0.1027639972
02060,1,0,0.1111111111,0.0442477876
02063,1,,0.0926640927,0.0590750097
02066,1,,0.2116402116,0.0539744848
02068,1,0,0.2735849057,0.0878243513
02070,1,1,0.4197080292,0.0822239624
02090,0.2536093252,1,0.1932011331,0.1266537959
02100,1,0,0.3419354839,0.1196388262
02105,1,,0.1666666667,0.0734265734
02110,0.2324910867,0,0.1377708978,0.1284119107
02122,0.7740097621,1,0.1809398331,0.1204451233
02130,0.1414539719,1,0.1759343665,0.150481031
02150,0.2725746126,1,0.2378255946,0.1386210222
02158,1,1,0.6115702479,0.1181538462
02164,1,1,0.28125,0.0588235294
02170,0.500901187,1,0.1990540008,0.1218800816
02180,1,1,0.5193370166,0.0944223108
02185,1,0,0.4156769596,0.0666666667
02188,1,1,0.5014245014,0.0827205882
02195,1,,0.1570247934,0.106943336
02198,1,,0.2012987013,0.0972590628
02220,0.0934026957,0,0.1468023256,0.1096014493
02230,1,1,0.0897435897,0.0608899297
02240,1,0,0.2329411765,0.0914258645
02275,1,1,0.0892857143,0.0658823529
02282,1,0,0.1627906977,0.0489130435
02290,1,1,0.5078947368,0.0813661477
04001,1,0,0.2787348933,0.064972858
04003,0.3676771864,1,0.1194151097,0.1143825286
04005,0.3240432526,1,0.2426765945,0.162604944
04007,0.4435726085,1,0.1761936785,0.1394292837
04009,0.5242778917,0,0.16587473,0.1039843684
04011,1,1,0.067381317,0.0447585395
04012,0.4341970164,1,0.1912442396,0.0962989156
04013,0.0230465859,1,0.1707594277,0.1415317484
04015,0.2393244149,1,0.1494955999,0.1376610527
04017,0.6425311806,1,0.2293176535,0.0875158743
04019,0.0884196685,1,0.1701857552,0.147150269
04021,0.2303204598,1,0.1376112123,0.1052132327
04023,0.5978938094,0,0.1695069994,0.1156483791
04025,0.3198057652,1,0.16765286,0.148125664
04027,0.1510047528,1,0.2080726123,0.123307537
05001,0.5258032538,0,0.1061410159,0.0941484145
05003,0.623124541,0,0.1256906077,0.1277165823
05005,0.5728013068,1,0.1088399257,0.0996632631
05007,0.2400424854,1,0.1050341213,0.072973205
05009,0.6267358788,0,0.1036866359,0.0823990646
05011,0.4994784258,0,0.1066126856,0.1007990166
05013,1,0,0.0574324324,0.0402684564
05015,0.821054494,1,0.1472694718,0.1151160596
05017,1,1,0.1457036115,0.1279103191
05019,0.5297025086,0,0.1427684668,0.1325874486
05021,1,0,0.0983739837,0.0942264862
05023,0.7271255716,0,0.0975152368,0.0777091976
05025,1,0,0.0546448087,0.0600693107
05027,0.5437480812,1,0.1383526384,0.1255955532
05029,0.6939415882,0,0.098108747,0.0938113306
05031,0.336686715,0,0.1329272662,0.133341422
05033,0.4940881047,1,0.1184615385,0.0852376906
05035,0.1837510122,1,0.1592133621,0.1514261508
05037,0.5506445672,0,0.1486697966,0.0983606557
05039,1,0,0.0989247312,0.0909874946
05041,0.6219394471,1,0.1366525424,0.1619930475
05043,0.5404034582,0,0.112625538,0.129982669
05045,0.460566163,1,0.1573904618,0.1330704677
05047,1,0,0.1316964286,0.0875270145
05049,1,1,0.1510248112,0.1019743979
05051,0.3378418846,0,0.1425333969,0.1369166429
05053,0.7377213498,0,0.0927007299,0.0632339657
05055,0.4514386916,0,0.1313619562,0.1135432518
05057,0.5586842761,1,0.1335095836,0.0960660085
05059,0.7320823245,0,0.1255178128,0.1145188772
05061,1,1,0.1170313987,0.1083299138
05063,0.71234646,1,0.1344947735,0.1194887261
05065,1,1,0.1091891892,0.1061750333
05067,0.6450611758,1,0.1220735786,0.1139887245
05069,0.3059322034,0,0.1374155232,0.1324009933
05071,0.6964542312,0,0.1461928934,0.1239592969
05073,1,1,0.082,0.0857400722
05075,0.5966946226,0,0.0798722045,0.0922793502
05077,1,1,0.191681736,0.1751923947
05079,1,0,0.0707964602,0.0809729064
05081,1,1,0.0715036803,0.0961323497
05083,1,0,0.1088270859,0.0810608891
05085,0.5193676957,0,0.1013748854,0.085271028
05087,1,0,0.1015689513,0.0460279577
05089,1,1,0.1345323741,0.0919003115
05091,0.3990610329,1,0.1323891626,0.1454156122
05093,0.4563844169,1,0.1336331513,0.1144729504
05095,1,1,0.1438721137,0.0979498861
05097,1,1,0.0994550409,0.0788262371
05099,1,1,0.154723127,0.1881809178
05101,1,1,0.1534296029,0.100410601
05103,0.5641059603,1,0.1214738054,0.0934238652
05105,1,0,0.0884718499,0.0359467874
05107,0.4809874457,1,0.1670625495,0.168232743
05109,1,0,0.0940594059,0.1182939914
05111,0.6850424559,0,0.1179087875,0.089245125
05113,0.7120857396,1,0.1460892049,0.1085012678
05115,0.5588583329,0,0.1231495387,0.099328628
05117,1,0,0.0649926145,0.0596816976
05119,0.1136160351,0,0.1636965299,0.1477461253
05121,0.6142372516,0,0.1112646856,0.0641120118
05123,0.6294066696,0,0.1657458564,0.1535406109
05125,0.3676184611,0,0.1006951759,0.0914123373
05127,1,0,0.1205583756,0.11908646
05129,1,0,0.0944350759,0.1141342756
05131,0.1967464534,1,0.1351167975,0.1235870084
05133,0.627880548,0,0.1509090909,0.1026119403
05135,1,0,0.1388888889,0.1154252908
05137,1,1,0.155982906,0.0850544082
05139,0.521227019,0,0.1622718053,0.139869921
05141,1,1,0.1172661871,0.1052553001
05143,0.2400120388,1,0.1555896201,0.1217157827
05145,0.5591367056,1,0.1117132867,0.0981089616
05147,1,1,0.1062618596,0.1263358779
05149,0.8070374574,1,0.1366047745,0.0738440304
06001,0.0049056292,0,0.2338722848,0.1805535185
06003,1,0,0.1149425287,0.0984682713
06005,0.692296289,0,0.1870737252,0.1563165022
06007,0.2101667045,1,0.2049478251,0.1969310109
06009,0.8197474168,0,0.1966091612,0.1890083495
06011,0.4270342049,1,0.1635865845,0.1296582759
06013,0.0100014838,1,0.2062798534,0.174264941
06015,0.4369750928,0,0.1741867786,0.1485200846
06017,0.3667233308,1,0.1754209432,0.1646794725
06019,0.1126501258,0,0.2630239807,0.1933726707
06021,0.4121105232,0,0.223475141,0.1675110488
06023,0.3153455515,0,0.2431602457,0.2093858699
06025,0.1840547128,1,0.2549407115,0.1850200718
06027,0.4208561212,1,0.1692209451,0.1137260058
06029,0.1335287357,1,0.2441346171,0.1846355737
06031,0.1091378881,1,0.2051519002,0.1661902625
06033,0.4078752402,1,0.2077551796,0.1736446379
06035,0.7251756798,0,0.1442199776,0.1457360811
06037,0.0089095187,1,0.3194513,0.2411145172
06039,0.3860740456,1,0.2566544286,0.1833094067
06041,0.060128621,0,0.2158554217,0.2018843997
06043,1,0,0.2068511199,0.1692138235
06045,0.4846453641,1,0.2250987275,0.1820306572
06047,0.1679895591,1,0.2295393286,0.1915537135
06049,1,0,0.121522694,0.1379980564
06051,0.4660856385,1,0.1380597015,0.1713686618
06053,0.1425330555,1,0.3064050779,0.1900095584
06055,0.1472550881,1,0.2259718946,0.1789441058
06057,0.4820473196,1,0.2151681957,0.2145246999
06059,0.0024982829,0,0.2624268384,0.2029104901
06061,0.1458124866,0,0.1619410213,0.1573774367
06063,1,1,0.1567436209,0.127293578
06065,0.0547348528,1,0.244103686,0.1864579848
06067,0.0239922274,1,0.2150223152,0.1776718881
06069,0.2273513059,1,0.2238182293,0.1600506971
06071,0.0538146746,1,0.2545780942,0.1953600699
06073,0.043946373,1,0.2536011931,0.2084284372
06075,0,0,0.2360472842,0.1688577421
06077,0.077513401,1,0.2432455467,0.1710574523
06079,0.1908796703,1,0.2114898399,0.2026458265
06081,0.0170516534,1,0.2353240968,0.1844130086
06083,0.0556947453,0,0.283325986,0.2095555448
06085,0.0131888348,1,0.2212585704,0.1573441999
06087,0.1329316513,1,0.2543664162,0.200184365
06089,0.3379155115,1,0.2010096053,0.1696730064
06091,0.9876390606,0,0.1913043478,0.2719854941
06093,0.7091387603,1,0.1766129032,0.1655111698
06095,0.0445631777,1,0.2082275597,0.1830702975
06097,0.1363224462,1,0.2201864012,0.1831093636
06099,0.0817051863,1,0.2320566647,0.1806752119
06101,0.1506528961,0,0.1969117872,0.1572368013
06103,0.5703261481,0,0.2205702648,0.1517422414
06105,1,1,0.1930783242,0.1255462853
06107,0.2005613833,1,0.2501611402,0.1665498255
06109,0.4783710895,0,0.18653971,0.1704181515
06111,0.0336685853,1,0.2327941123,0.1903093406
06113,0.0804794758,1,0.2385053664,0.2020822319
06115,0.2951271836,0,0.2088136854,0.1659442493
08001,0.0404101838,1,0.1814789688,0.156688101
08003,0.3304225696,1,0.185770751,0.1181003302
08005,0.0206359626,0,0.168190091,0.1557312982
08007,0.5784115578,1,0.1655112652,0.1145905024
08009,1,1,0.1253918495,0.1429499675
08011,1,1,0.1800554017,0.1561253561
08013,0.0940264483,1,0.1856871678,0.1915444674
08014,0.0039534758,0,0.1168390707,0.1119923962
08015,0.4356644075,1,0.1709601874,0.1839875112
08017,1,0,0.0633093525,0.0907759883
08019,1,1,0.1016949153,0.1053220036
08021,1,1,0.1647819063,0.1074321944
08023,1,1,0.1591695502,0.134696756
08025,1,0,0.1268656716,0.135042735
08027,1,0,0.1482352941,0.0883977901
08029,0.7374663418,1,0.1720872787,0.1482237648
08031,0.0001453484,0,0.1809986462,0.1628543391
08033,1,0,0.0698689956,0.0526315789
08035,0.0901452045,1,0.1125312695,0.1094019882
08037,0.1851034433,0,0.2242439774,0.2078313253
08039,1,1,0.1074514039,0.106646878
08041,0.102504809,1,0.1592271819,0.1435140907
08043,0.4945340117,0,0.1521987436,0.1240544629
08045,0.3211639783,1,0.1329186823,0.142372134
08047,1,0,0.1863799283,0.162573504
08049,0.6832092639,1,0.1327054795,0.1386185995
08051,0.5727627379,1,0.2014084507,0.1817123642
08053,1,0,0.2159090909,0.183982684
08055,1,1,0.1402550091,0.1288160834
08057,1,0,0.1428571429,0.1109057301
08059,0.0714844487,1,0.1369344609,0.1272843359
08061,1,1,0.1623931624,0.1666666667
08063,1,0,0.1146711636,0.1198979592
08065,0.389725659,0,0.0751341682,0.0764419736
08067,0.6564578166,1,0.1289018639,0.1337908905
08069,0.1024407769,1,0.1630446013,0.1619099668
08071,0.4281690141,0,0.1848673947,0.1566073698
08073,1,0,0.1491712707,0.14445629
08075,0.429672984,0,0.1261034048,0.0998001332
08077,0.126715606,0,0.1573215006,0.1417533149
08079,1,0,0.1298701299,0.1756440281
08081,0.2739993981,1,0.158203125,0.1422161529
08083,0.6662153275,0,0.1276290631,0.1170740845
08085,0.4256425877,1,0.1306413302,0.1334776757
08087,0.3459173508,1,0.1594339623,0.1241477273
08089,0.5830925629,1,0.1364829396,0.1409531502
08091,1,1,0.1587301587,0.1321212121
08093,1,0,0.09972106,0.1016095343
08095,1,0,0.084548105,0.1132075472
08097,0.3296462726,1,0.1534722222,0.1939045428
08099,0.3747812318,1,0.1515837104,0.1165616562
08101,0.1314625183,1,0.17128236,0.1619489206
08103,1,0,0.1305220884,0.0797914996
08105,1,0,0.1029252438,0.1198194501
08107,0.4178178743,1,0.1624566617,0.156045437
08109,1,0,0.2069565217,0.1485969388
08111,1,0,0.1538461538,0.1331444759
08113,0.4317393459,1,0.2461752434,0.190984888
08115,1,0,0.1274509804,0.1234042553
08117,0.1610046691,0,0.1359223301,0.128928217
08119,0.6008093889,1,0.1331122691,0.1295313072
08121,1,0,0.1525,0.1180518793
08123,0.2001361781,1,0.1536144578,0.1377438594
08125,1,0,0.1673101673,0.129405576
09001,,,,
09003,,,,
09005,,,,
09007,,,,
09009,,,,
09011,,,,
09013,,,,
09015,,,,
09110,0.1198097205,1,0.164672676,0.1497005988
09120,0.0285808127,0,0.2273514637,0.2028316565
09130,0.3134280385,1,0.1327197232,0.1316956245
09140,0.0920342114,0,0.1643161674,0.1652900666
09150,0.6240403574,1,0.1211778625,0.1137440758
09160,0.6002417713,1,0.1571618037,0.1391277708
09170,0.0362742709,1,0.1901764533,0.1773356558
09180,0.2611097244,1,0.1434260486,0.1410271309
09190,0.0846218429,1,0.1970847517,0.1826877029
10001,0.2647167186,1,0.150029976,0.1354067893
10003,0.0609424253,0,0.1439908257,0.1300085173
10005,0.3758183151,1,0.1370168612,0.1145766015
11001,0,1,0.1966591961,0.1643468899
12001,0.2324144965,0,0.2099423837,0.2083746628
12003,0.6149545278,0,0.0996483001,0.114664852
12005,0.1420931878,1,0.1551180022,0.1299645271
12007,0.7074868389,0,0.191299498,0.1731626472
12009,0.0388040461,1,0.1482557541,0.1397013472
12011,7.81742e-05,0,0.2452403869,0.2288697134
12013,1,0,0.1167964405,0.1011932079
12015,0.0649997056,1,0.1433146033,0.1350410053
12017,0.2497416197,0,0.1205862252,0.1289917394
12019,0.1442553094,0,0.1100277652,0.1107634387
12021,0.1162282569,0,0.2004098627,0.1800713698
12023,0.6365175471,1,0.1282549553,0.1112848987
12027,0.4895808806,1,0.1339614912,0.1108437733
12029,1,0,0.1507413509,0.0722808231
12031,0.0265075078,0,0.1693367096,0.166131961
12033,0.07626163,0,0.1421743845,0.1438388055
12035,0.0765310544,1,0.1364036052,0.1396663954
12037,1,0,0.1513157895,0.1009114583
12039,0.8051156848,0,0.1217501585,0.1550088333
12041,1,0,0.1141141141,0.0828967643
12043,0.8269008742,0,0.1673960613,0.1244131455
12045,1,0,0.1539855072,0.109352518
12047,1,0,0.1627078385,0.1444362564
12049,0.6134559956,0,0.1681195517,0.1390532544
12051,0.3600040385,0,0.2148985959,0.1172172098
12053,0.2005809321,0,0.132239877,0.1170178697
12055,0.1987652492,1,0.1207504264,0.1180977423
12057,0.0367231097,0,0.1847218671,0.1716227314
12059,1,0,0.1129378127,0.0879004099
12061,0.0724272161,0,0.139408284,0.1484336338
12063,0.8824996302,1,0.1230723606,0.1143431551
12065,1,0,0.0889712697,0.1262955854
12067,1,0,0.1569416499,0.1219614417
12069,0.1793174218,1,0.1361948413,0.1327079888
12071,0.0392798841,1,0.1735742178,0.1653790478
12073,0.1343746364,0,0.1968982367,0.1940298507
12075,1,0,0.1208695652,0.0977279433
12077,1,0,0.0986842105,0.1208881579
12079,1,0,0.1560559006,0.1292888334
12081,0.0469140127,0,0.1625227993,0.1493111474
12083,0.2934521213,0,0.1433589608,0.1333758069
12085,0.0732243058,0,0.1579186205,0.1589166629
12086,0.0086354597,1,0.2921984301,0.2513858802
12087,0.1311267708,0,0.2452073116,0.2301227602
12089,0.4376992208,0,0.1157394062,0.1128514814
12091,0.1064119281,0,0.1445864156,0.1319370071
12093,0.3644687721,1,0.1639067252,0.1370888733
12095,0.0234770349,0,0.2033179743,0.1853554312
12097,0.0630557614,1,0.2188280151,0.2041383498
12099,0.0084881895,1,0.2152567456,0.201096389
12101,0.072448215,0,0.1421866372,0.1400826612
12103,0.001904897,0,0.1717100041,0.170454214
12105,0.108846887,1,0.1694644127,0.1509691868
12107,0.7267904148,1,0.1544130249,0.1238901076
12109,0.1479308768,0,0.1161125052,0.1241873474
12111,0.0353769143,1,0.1555019029,0.1650906071
12113,0.1990265957,0,0.115939883,0.1016949153
12115,0.0241056575,0,0.1513729535,0.1539763451
12117,0.0324451637,1,0.1600143734,0.1541747893
12119,0.2157731673,1,0.1283365885,0.1100630378
12121,0.8466209689,0,0.1566225166,0.1112864494
12123,0.7003578638,1,0.113480055,0.0657894737
12125,1,0,0.1266912669,0.0694193548
12127,0.0853700616,1,0.1632541453,0.1606775491
12129,0.7001540102,0,0.1020861074,0.0855524558
12131,0.5614766616,0,0.1479456594,0.1197712059
12133,1,1,0.1163184641,0.0965817848
13001,0.7097158968,0,0.1100226074,0.0949642524
13003,1,0,0.1531986532,0.0886243386
13005,1,0,0.1419354839,0.1106838781
13007,1,0,0.1083333333,0.0898520085
13009,0.487636704,1,0.1714733542,0.1548103426
13011,0.9558081508,1,0.1048573631,0.1089935423
13013,0.3296569068,1,0.1272921488,0.1055075854
13015,0.3943122653,0,0.1255587694,0.1073453642
13017,0.3438990345,0,0.1288433382,0.1409011304
13019,0.7332599119,0,0.1085154484,0.1029744585
13021,0.1408551854,0,0.1957446809,0.2017715322
13023,0.5105300803,0,0.1406619385,0.1320330083
13025,0.9932301204,0,0.0973584906,0.0982631071
13027,1,0,0.1723563697,0.183801214
13029,0.4678125978,0,0.1051030754,0.0984412392
13031,0.4514358993,1,0.1694622168,0.1566873216
13033,0.7518702228,0,0.1115560641,0.1417468971
13035,0.7760084926,0,0.096563981,0.1153354261
13037,1,0,0.1374570447,0.1065989848
13039,0.2958114227,1,0.1642536196,0.1364257813
13043,1,0,0.2007434944,0.1151967087
13045,0.5438278444,0,0.1517532544,0.142074429
13047,0.2372259547,1,0.1190569745,0.0973523899
13049,1,0,0.148989899,0.1335907336
13051,0.0301668524,0,0.1710064555,0.1747708371
13053,0.4008363826,0,0.1621621622,0.1120354964
13055,0.5903464851,0,0.146898803,0.0863528615
13057,0.1829795214,0,0.1192017833,0.1090012912
13059,0.0592441187,0,0.2346704871,0.2488505637
13061,1,0,0.1206225681,0.1270718232
13063,0.0052487441,0,0.2074951644,0.2025586978
13065,1,0,0.1631355932,0.0675484176
13067,5.22092e-05,0,0.13443507,0.1220960409
13069,0.66912652,0,0.1372614664,0.1024078696
13071,0.5813107325,0,0.142108508,0.1239743019
13073,0.1494711877,0,0.085198025,0.0938850051
13075,0.5917348656,0,0.1651527663,0.1555707684
13077,0.4489251358,0,0.1098211778,0.1002818354
13079,1,0,0.0956826138,0.0694943686
13081,0.4569256757,0,0.1816993464,0.1799146439
13083,0.9458494862,0,0.1205211726,0.0700754401
13085,0.6940070154,0,0.1007672634,0.0740705615
13087,0.5281438349,1,0.2045898438,0.1408421053
13089,0.0015790534,0,0.1751669172,0.181813268
13091,0.6878293601,0,0.1582952816,0.1434963247
13093,1,0,0.1542416452,0.1006871036
13095,0.1435015736,0,0.2303436226,0.2272602865
13097,0.1547591811,0,0.1484359434,0.1254573756
13099,1,0,0.166047088,0.1123447
13101,1,1,0.0754716981,0.0911504425
13103,0.7421142831,0,0.0965718127,0.0828763217
13105,0.7097316291,0,0.1826366559,0.1506849315
13107,0.6815267041,1,0.1224984839,0.0968794882
13109,1,0,0.1776061776,0.0992514555
13111,1,0,0.1336014298,0.1208445226
13113,0.1813178516,0,0.1305785124,0.1201810375
13115,0.3872940842,0,0.1466815393,0.1300628788
13117,0.0773868507,0,0.0935050732,0.0923917494
13119,1,1,0.1258238466,0.1153412649
13121,0.0063231806,0,0.1758756449,0.1727090757
13123,0.7850923357,0,0.1359683794,0.095257698
13125,1,1,0.1100478469,0.0404564315
13127,0.1863809039,0,0.1446107784,0.1359458731
13129,0.5991589045,0,0.1498637602,0.1033774303
13131,0.6056563501,0,0.193647541,0.1629445823
13133,1,1,0.1208191126,0.1012993901
13135,0.0047280114,0,0.1716799183,0.1691310628
13137,0.5933392714,0,0.120661157,0.1050882794
13139,0.2594813327,0,0.1667906008,0.126948743
13141,1,0,0.2160278746,0.2132736764
13143,0.7566095124,1,0.1223309609,0.1143829944
13145,0.9719049267,0,0.1029110291,0.0922021004
13147,0.7691265293,1,0.1350148368,0.1031894934
13149,1,1,0.08168028,0.1087727595
13151,0.1882083153,0,0.1167100533,0.1261878026
13153,0.0897740676,1,0.1238574423,0.1111293634
13155,1,0,0.1276005548,0.1121629375
13157,0.6281897585,1,0.111758794,0.1043195719
13159,1,0,0.129245283,0.1264284419
13161,0.6672981934,0,0.1201143947,0.1210771411
13163,1,0,0.1404444444,0.1488465763
13165,1,0,0.1641337386,0.1218855219
13167,1,0,0.1109375,0.1019044437
13169,0.8341270681,0,0.1297271422,0.0892118179
13171,0.6310810811,1,0.1101321586,0.0768772348
13173,1,0,0.1600566572,0.1404203472
13175,0.5795440791,0,0.1649870429,0.1358010411
13177,0.6236468353,0,0.0981489453,0.1187234043
13179,0.2351354665,0,0.1576147196,0.1334024148
13181,1,1,0.1285956007,0.1156609195
13183,0.802387432,0,0.1058052434,0.0889044452
13185,0.3507961878,1,0.1681957187,0.1504976303
13187,0.8056617296,0,0.1328828829,0.1273943727
13189,0.59375,1,0.124771759,0.1551239458
13191,1,0,0.1944739639,0.1761376007
13193,1,1,0.1434058899,0.1305892804
13195,0.9065737052,1,0.1522359657,0.1269699673
13197,1,0,0.0820512821,0.078186362
13199,1,1,0.122229259,0.117999479
13201,1,0,0.1442687747,0.1269565217
13205,0.7577568375,0,0.164254248,0.1526542711
13207,0.818363916,0,0.1115479115,0.0739030023
13209,0.9871080139,0,0.0963222417,0.0859598854
13211,0.7656864209,0,0.132505176,0.098429872
13213,0.679583719,0,0.0935550936,0.0735143966
13215,0.0375648795,0,0.1935278379,0.1810418225
13217,0.3397491176,1,0.1664972039,0.1527777778
13219,0.5408502596,0,0.067311135,0.053332389
13221,1,1,0.1374407583,0.0979381443
13223,0.204795418,0,0.0968886463,0.0812229664
13225,0.400414567,0,0.1322233105,0.1332653061
13227,0.8078034682,0,0.1174377224,0.1007159905
13229,0.9871677825,0,0.0787836904,0.0813769264
13231,0.9971941342,0,0.0879032258,0.1023798115
13233,0.5198469185,0,0.1557562077,0.1439114391
13235,1,0,0.1912479741,0.1520839962
13237,1,0,0.1594736842,0.1580342577
13239,0.7369127517,0,0.1428571429,0.0535031847
13241,1,1,0.1548974943,0.1347150259
13243,1,0,0.1395833333,0.1886204209
13245,0.0833321233,0,0.1850468559,0.1892928596
13247,0.1371272844,0,0.1611715994,0.1565410733
13249,1,0,0.171875,0.1455149502
13251,1,0,0.0892667375,0.094402277
13253,1,0,0.164305949,0.1438215439
13255,0.4065313642,0,0.1402321083,0.1372881356
13257,0.5591771207,0,0.1220727454,0.1191433742
13259,1,0,0.0900900901,0.0671550672
13261,0.412243382,0,0.1454965358,0.1333931062
13263,1,1,0.1254901961,0.1284129693
13265,1,1,0.1404958678,0.1254295533
13267,1,0,0.1039046989,0.1049499202
13269,1,1,0.1292407108,0.1573586231
13271,1,0,0.1274834437,0.1485256644
13273,1,0,0.1509715994,0.1451072386
13275,0.4490807459,0,0.1366825709,0.1333680495
13277,0.4054760062,0,0.1527641479,0.1077644819
13279,0.4969293378,1,0.1595092025,0.1476705491
13281,1,0,0.1521126761,0.1549065844
13283,1,0,0.1677852349,0.1267883572
13285,0.4536340852,0,0.1897679952,0.1576417815
13287,0.4739062847,0,0.1330275229,0.1060955519
13289,1,0,0.1334488735,0.1043445971
13291,1,0,0.156833825,0.1121232041
13293,0.466967509,0,0.146647371,0.1730946292
13295,0.5101693913,0,0.1084666407,0.085590595
13297,0.5806067878,0,0.1232959709,0.115119874
13299,0.3211221759,0,0.1327849589,0.142121698
13301,1,1,0.1148825065,0.0929717764
13303,0.6449369622,0,0.1712089448,0.1483484361
13305,0.5763004246,0,0.1507607192,0.1190866172
13307,1,0,0.1279569892,0.1446862996
13309,1,0,0.1147540984,0.1597222222
13311,1,0,0.0995121951,0.0936786742
13313,0.3489267382,0,0.1476176971,0.0893138745
13315,1,0,0.0879345603,0.0843320018
13317,1,0,0.1290726817,0.1138654318
13319,1,0,0.1716068643,0.1374482978
13321,0.7042917629,0,0.1165919283,0.1147540984
15001,0.594983776,,0.2422969188,0.1685321856
15003,0.0168882094,,0.2640778462,0.1935515466
15005,1,,0,
15007,0.4220169718,,0.2529775033,0.1761678897
15009,0.2140646054,,0.2710497033,0.1941862876
16001,0.055658256,1,0.1219393415,0.1094374758
16003,1,0,0.1275964392,0.1105072464
16005,0.1701601967,0,0.1169681847,0.1159896762
16007,1,0,0.0739910314,0.056929538
16009,1,0,0.1388499299,0.1415368365
16011,0.5970161694,1,0.1070971867,0.0794140324
16013,0.2427076467,1,0.1324200913,0.0875183862
16015,1,1,0.106870229,0.0788393904
16017,0.7277860327,0,0.1583001328,0.1398756193
16019,0.1519150721,1,0.133229404,0.0957446809
16021,1,1,0.1376248613,0.1364444444
16023,1,0,0.1063829787,0.0840425532
16025,1,0,0.1492537313,0.1598639456
16027,0.1872698557,1,0.1367487942,0.1037294595
16029,1,1,0.0789473684,0.0757511638
16031,0.5031433786,1,0.1199250468,0.09
16033,1,0,0.0892857143,0.069124424
16035,1,1,0.1151079137,0.1185747664
16037,1,0,0.1166180758,0.1013513514
16039,0.3790902114,1,0.1002352941,0.09998028
16041,1,1,0.1644591611,0.1153765471
16043,1,1,0.1083916084,0.0606751825
16045,0.4680227998,0,0.1223902088,0.0735625705
16047,1,0,0.1202590194,0.1048991354
16049,1,1,0.1151135474,0.0906235276
16051,0.6671198731,0,0.1326912788,0.0858193277
16053,0.4881792301,0,0.1446620341,0.0940313867
16055,0.2351163035,1,0.1356389124,0.1276159877
16057,0.3442315965,1,0.1610951926,0.1432816946
16059,1,0,0.1488095238,0.1541053922
16061,1,1,0.1093247588,0.1015572106
16063,1,0,0.1222222222,0.0809551543
16065,0.2189065069,1,0.2249778565,0.1477026702
16067,0.4436218942,0,0.1588594705,0.1051282051
16069,0.1890947969,0,0.1789317507,0.1441651706
16071,1,0,0.0738636364,0.0884955752
16073,1,1,0.1182033097,0.0911451571
16075,0.4124320492,1,0.1370010787,0.1050307013
16077,1,0,0.0983302412,0.1141716567
16079,1,0,0.0957642726,0.1139513951
16081,1,1,0.1345238095,0.1237022311
16083,0.3469115785,1,0.1281774765,0.1146683596
16085,0.6854248255,1,0.1409214092,0.1203729092
16087,0.4758095238,0,0.1654501217,0.1232876712
17001,0.3393826916,1,0.104323827,0.1018377576
17003,0.9694656489,0,0.1376404494,0.1244131455
17005,0.5955156951,0,0.109926169,0.0891055242
17007,0.2939679689,0,0.1365440593,0.1116246945
17009,1,0,0.055,0.0661616162
17011,0.5498435808,1,0.1073241479,0.0888987501
17013,1,0,0.1062992126,0.0369747899
17015,1,0,0.0722222222,0.0870542885
17017,0.5198589173,0,0.074222668,0.0775395712
17019,0.1595074442,1,0.1735809861,0.1731426913
17021,0.5068758815,1,0.0810910431,0.1099890402
17023,1,0,0.0893416928,0.08380835
17025,0.6392986153,0,0.1037649219,0.0776605944
17027,0.8021626602,0,0.0961066293,0.0831214689
17029,0.2632567271,0,0.1403552047,0.1198803731
17031,0.0005478111,1,0.1974753749,0.1767803399
17033,0.6716098292,0,0.1051930759,0.0851033702
17035,1,0,0.0690909091,0.076373491
17037,0.2175662219,0,0.1572052402,0.1575054236
17039,0.5280355762,0,0.0919366993,0.0955177743
17041,0.7496453901,0,0.1212920237,0.0853466387
17043,0.0018780611,0,0.1406220764,0.1229660691
17045,0.5069370331,1,0.0881378396,0.0602029622
17047,1,0,0.0583804143,0.0777690495
17049,0.5964578285,1,0.0921658986,0.0654844102
17051,0.6225800447,1,0.1070959264,0.0731573157
17053,0.6654352002,0,0.1136363636,0.1174883051
17055,0.591947942,0,0.1469048352,0.1192307692
17057,0.6079323991,0,0.0820439007,0.0769924134
17059,1,0,0.0632318501,0.0636456212
17061,1,0,0.0654101996,0.0760817879
17063,0.2502807759,0,0.1148313492,0.1143222884
17065,1,0,0.0485893417,0.0408805031
17067,0.8402951192,0,0.0719131615,0.0787304204
17069,1,0,0.0666666667,0.0425383543
17071,0.994676687,0,0.0686456401,0.0714840715
17073,0.498011525,0,0.0775733466,0.0732658228
17075,0.8274919674,1,0.1129893238,0.1097213281
17077,0.4094838978,0,0.1971102006,0.1773441391
17079,1,0,0.0987983979,0.0804274466
17081,0.5880688707,0,0.1262833676,0.1057318538
17083,0.5941335069,0,0.074168798,0.0771746239
17085,0.8839119582,0,0.1024487756,0.0942449582
17087,1,0,0.0998766954,0.0852401308
17089,0.0402248113,0,0.1481532563,0.1206194014
17091,0.2840412271,1,0.152435246,0.1354658056
17093,0.1137037515,0,0.1079236553,0.0916145181
17095,0.3226129245,0,0.1377885784,0.1408724231
17097,0.0141528848,1,0.1462628101,0.123611321
17099,0.3159915373,1,0.1166573816,0.1119459053
17101,0.6968586387,0,0.0669724771,0.0699691596
17103,0.5317908918,1,0.1099185788,0.0960818758
17105,0.6459583973,1,0.115038115,0.0880685844
17107,0.5001250581,0,0.0867787369,0.0997370398
17109,0.4252147735,1,0.1849710983,0.1702371507
17111,0.1408959188,1,0.1111014024,0.1031942316
17113,0.2155784597,1,0.1237113402,0.1149736299
17115,0.1703013519,0,0.1190338611,0.0963002603
17117,0.6551915849,0,0.0949008499,0.0903376437
17119,0.1643916512,1,0.1218182658,0.1080208382
17121,0.4779347452,0,0.1180124224,0.1067400644
17123,1,0,0.0920245399,0.080625
17125,1,0,0.085492228,0.0941671238
17127,0.5288305456,0,0.0933211345,0.0762535478
17129,1,0,0.0586510264,0.0668674699
17131,1,0,0.0985804416,0.0792789919
17133,0.4149934214,0,0.0597181009,0.0606547793
17135,0.5323105204,0,0.0928667564,0.1013829191
17137,0.3619018684,1,0.0955631399,0.0866651079
17139,0.6961310753,0,0.0955690704,0.0653907496
17141,0.678728663,0,0.112662494,0.0919563059
17143,0.1694274872,0,0.1467153285,0.1374514573
17145,0.7167343041,0,0.098027127,0.0669140056
17147,0.6410364062,0,0.0777860883,0.0753558052
17149,1,0,0.1120764553,0.1106274937
17151,1,0,0.0620437956,0.0547619048
17153,1,0,0.102425876,0.0829875519
17155,1,0,0.0826086957,0.0761825031
17157,0.7898750124,0,0.0736568458,0.0653230796
17159,0.4534876368,0,0.0901253918,0.0728487886
17161,0.1154404446,1,0.1301589917,0.1158223232
17163,0.1415578866,0,0.1317446043,0.1276156584
17165,0.6515062269,0,0.1296758105,0.1005792522
17167,0.1888429941,1,0.128855016,0.111968639
17169,1,1,0.0706319703,0.0648912228
17171,1,0,0.0616966581,0.053470437
17173,0.765412101,1,0.0957810718,0.082063306
17175,1,0,0.1039823009,0.0763636364
17177,0.4592202554,0,0.1194494936,0.1167504631
17179,0.2182225166,1,0.0989389427,0.0965501494
17181,0.6481094874,1,0.0917910448,0.0954586197
17183,0.3953739149,0,0.1146411162,0.1045190955
17185,0.3871138104,0,0.1025369979,0.1223053234
17187,0.4541728542,0,0.1026392962,0.0648606811
17189,0.9931691011,0,0.0851979346,0.0796638041
17191,0.705420607,1,0.119205298,0.1228310502
17193,0.6348634431,0,0.1063268893,0.1257473842
17195,0.4355102261,0,0.1043328304,0.0830131356
17197,0.0487481242,1,0.1241747348,0.1110180922
17199,0.4103465221,0,0.1186954197,0.1051070369
17201,0.0969405993,1,0.1440038181,0.1354907539
17203,0.7016143708,1,0.0790459966,0.0926327573
18001,0.7084252562,1,0.1636807818,0.0794034328
18003,0.1291870995,0,0.1104507513,0.1050517903
18005,0.3069409303,0,0.1100448847,0.1073257557
18007,1,1,0.1069277108,0.0829341317
18009,0.4934775429,0,0.1319234642,0.1056706424
18011,0.2719171892,1,0.0876387294,0.0879025239
18013,1,0,0.1403647898,0.1006933976
18015,0.9456810795,0,0.0704761905,0.0677056719
18017,0.4620015844,0,0.1069643452,0.0836912845
18019,0.2133071276,1,0.0981363783,0.0819276607
18021,0.5999773294,0,0.0715648855,0.0659680639
18023,0.4945766797,1,0.0979827089,0.0640887638
18025,1,0,0.1254480287,0.0949581732
18027,0.6129534765,0,0.1286574871,0.0845019122
18029,0.6021034353,0,0.088974359,0.0694818048
18031,0.5267074645,1,0.0791154791,0.077758216
18033,0.5297353519,0,0.0843731432,0.0804350424
18035,0.2305925668,1,0.1561403509,0.1429725182
18037,0.4759951417,0,0.0917510854,0.0864735985
18039,0.2325752124,0,0.121522181,0.114324094
18041,0.3845200444,0,0.1312661499,0.115100087
18043,0.3405148849,0,0.0837896134,0.0832843809
18045,1,0,0.0949598247,0.0793749033
18047,0.8886109282,0,0.0770095559,0.0935605627
18049,0.6419433594,0,0.1057631412,0.1098957663
18051,0.7472660628,0,0.1012020163,0.0778246601
18053,0.3856525782,0,0.1279467681,0.1169047989
18055,0.8280037659,0,0.1291098637,0.0949424716
18057,0.0574068904,1,0.0812692886,0.0825050683
18059,0.276753507,0,0.0697146563,0.0669676686
18061,0.8563574923,0,0.0762036716,0.052739726
18063,0.1524074879,0,0.0837704657,0.0763831163
18065,0.6206607515,0,0.0951735358,0.0785322929
18067,0.2566042698,0,0.101369863,0.0971136324
18069,0.5211663303,0,0.0907568654,0.0749575263
18071,0.4777504954,0,0.0981934732,0.0632726849
18073,0.8326447536,1,0.075230092,0.063114288
18075,0.6892274636,0,0.1086556169,0.0910652921
18077,0.4736476906,0,0.1101960784,0.0908348309
18079,0.7488139644,0,0.1189427313,0.0800462918
18081,0.127345223,0,0.0967633459,0.1029139991
18083,0.454274847,0,0.1154864328,0.0800437846
18085,0.4836365902,1,0.1010964205,0.0920322177
18087,1,0,0.1015873016,0.0798531811
18089,0.0453679567,1,0.1446448289,0.1344019861
18091,0.3652116673,1,0.1218356259,0.100783636
18093,0.6793672658,1,0.1012016021,0.084544325
18095,0.2462248999,1,0.135040405,0.110003713
18097,0.0087944879,0,0.164638935,0.153804965
18099,0.7336153596,0,0.1055440261,0.0859491334
18101,1,0,0.1204055767,0.1010666667
18103,0.4555920138,0,0.0954372624,0.0945883083
18105,0.2119626677,0,0.1996151155,0.1847042877
18107,0.5291280051,1,0.1057068742,0.0889566485
18109,0.5410002786,0,0.0997214485,0.0944134697
18111,1,0,0.0919854281,0.1197735987
18113,0.7769138378,0,0.0810734463,0.0702136189
18115,1,1,0.0921568627,0.0512925728
18117,1,0,0.0823899371,0.0948990161
18119,1,0,0.1148608644,0.0830271859
18121,0.9937484526,1,0.1367753623,0.093389297
18123,0.5429838289,1,0.1102990033,0.0891863239
18125,1,0,0.0819512195,0.0784192013
18127,0.2357936668,0,0.1155051485,0.1050460649
18129,0.7041075252,1,0.0884691849,0.0930559743
18131,1,1,0.0794633643,0.0987548304
18133,0.72253989,0,0.0868274583,0.0542926506
18135,0.6656599461,0,0.1013280866,0.0743835337
18137,0.8136575272,1,0.1366292135,0.1035240275
18139,0.6138371538,0,0.1121987952,0.1203100775
18141,0.100193469,0,0.1290322581,0.11979062
18143,0.6892224409,0,0.132808399,0.08964251
18145,0.5259127733,0,0.1057800224,0.1111111111
18147,1,0,0.0724269377,0.0628019324
18149,1,0,0.1044247788,0.089055794
18151,0.6315957601,1,0.0913075237,0.0918481088
18153,0.7658644377,0,0.1346534653,0.084921067
18155,1,0,0.1147098516,0.0688194812
18157,0.1565145959,1,0.158356546,0.1636614639
18159,0.6154046487,0,0.0584890333,0.0468315048
18161,1,0,0.0921985816,0.0731618979
18163,0.07956766,0,0.1410842587,0.1270600109
18165,0.5865664875,0,0.093871218,0.0714061519
18167,0.2476708148,0,0.1528348398,0.1604514826
18169,0.5014850207,1,0.0976874003,0.0748160262
18171,1,1,0.0898203593,0.0751012777
18173,0.2674105606,1,0.0793422405,0.0798227983
18175,0.7652047406,0,0.1043233083,0.0960249268
18177,0.3769927727,0,0.134339482,0.1219465649
18179,0.6328601845,0,0.0899280576,0.0662661569
18181,0.6139014906,1,0.0999476714,0.1005621487
18183,0.6908543184,0,0.0655737705,0.0680655446
19001,1,0,0.0974842767,0.1047275115
19003,1,0,0.0849673203,0.0987482615
19005,1,0,0.0945829751,0.101539526
19007,0.5722172607,0,0.1544715447,0.136
19009,1,0,0.092,0.0941224825
19011,0.8130987292,0,0.0660049628,0.0667342799
19013,0.129666626,0,0.1453287197,0.1328535895
19015,0.5316863185,1,0.0694962687,0.0790813964
19017,0.6334640628,0,0.0798755187,0.0714886459
19019,0.6707512764,0,0.105973025,0.0667666917
19021,0.430437497,0,0.110592938,0.0727616987
19023,1,0,0.1015358362,0.0752094101
19025,1,1,0.0737913486,0.0594893393
19027,0.5110789981,1,0.0970319635,0.0823117338
19029,0.4966100404,1,0.1177489177,0.1312225154
19031,1,1,0.0901084011,0.0849877618
19033,0.203283326,0,0.0975983648,0.0867125463
19035,0.5964144793,0,0.083902439,0.0913195157
19037,1,1,0.0839160839,0.080615001
19039,0.4580426754,0,0.1443850267,0.0862024994
19041,0.3306274414,0,0.1009110021,0.083698572
19043,0.9907293317,0,0.1168032787,0.1132731063
19045,0.3014851485,0,0.1078251767,0.1068099226
19047,0.5072919818,0,0.1087662338,0.075459209
19049,0.2134874295,0,0.0845404267,0.0728895779
19051,1,0,0.1047619048,0.0708918654
19053,1,1,0.1260229133,0.1186556927
19055,0.7190645014,0,0.1079913607,0.1030311655
19057,0.2697764071,0,0.1346830986,0.142003621
19059,0.2681466418,0,0.1062384188,0.1028137243
19061,0.3172486048,0,0.1233084609,0.1141572017
19063,0.3849595228,0,0.1374837873,0.0843437006
19065,0.6990619714,0,0.1085749537,0.1193687961
19067,0.5357394254,0,0.0774962742,0.0781374581
19069,1,0,0.0571776156,0.0372997111
19071,0.9986373959,0,0.0912408759,0.0674199623
19073,1,0,0.1187335092,0.1028556319
19075,1,0,0.0626865672,0.0737836751
19077,1,0,0.1075027996,0.0993066428
19079,0.4942482878,0,0.0650542118,0.090696899
19081,1,0,0.0824295011,0.0925090253
19083,0.7003199431,0,0.1030561478,0.0896247911
19085,1,0,0.1028667791,0.08654831
19087,0.5467239527,0,0.0865829478,0.1011054193
19089,1,0,0.0714285714,0.0759921193
19091,0.4436803168,0,0.0787589499,0.0931506849
19093,1,0,0.0711864407,0.0616848784
19095,1,1,0.0879526977,0.0880119136
19097,0.6870413138,0,0.0854114713,0.0821900566
19099,0.5783725174,0,0.0887265136,0.0706029801
19101,0.4119261955,0,0.1307922272,0.1471406491
19103,0.166551088,1,0.1683037557,0.1646466469
19105,0.7379153347,0,0.0924891372,0.083779648
19107,1,0,0.1148730351,0.1072515213
19109,0.6329241975,0,0.1012461059,0.0874738704
19111,0.4094769781,0,0.105899076,0.104791501
19113,0.1369176592,0,0.102991453,0.0988833508
19115,1,0,0.1174289246,0.058186398
19117,1,0,0.1217150761,0.1265963354
19119,1,0,0.0836197022,0.0831359545
19121,0.6931955523,0,0.0776470588,0.0808616922
19123,0.4348355115,0,0.1032331254,0.0855915005
19125,0.4696534387,0,0.1057401813,0.0896122619
19127,0.3172671737,0,0.1274509804,0.0884914874
19129,0.6541701188,1,0.0924528302,0.0817490494
19131,1,0,0.0738636364,0.0846438483
19133,1,0,0.0871862616,0.0840042941
19135,1,0,0.1,0.084478022
19137,0.4660212972,0,0.098173516,0.1038555828
19139,0.418434139,0,0.1114089961,0.1056111508
19141,0.6382033564,0,0.1137566138,0.0858621921
19143,1,0,0.0845864662,0.0965682362
19145,0.3375846427,1,0.1061588331,0.1059602649
19147,1,0,0.0719131615,0.0612132858
19149,0.605494591,0,0.0775269872,0.0637473935
19151,1,0,0.0753205128,0.078564172
19153,0.0447338653,0,0.1249071774,0.1106910851
19155,0.2692517108,0,0.113891519,0.1023372471
19157,0.4916943522,0,0.1483375959,0.1348745046
19159,1,0,0.0698924731,0.0586283186
19161,1,1,0.0882002384,0.0788582487
19163,0.1327768522,0,0.1160031449,0.1021832447
19165,0.5987570237,0,0.087398374,0.0948658356
19167,0.5660961195,0,0.0822140822,0.0848257896
19169,0.2584612887,0,0.1711687969,0.1591041611
19171,0.69285089,0,0.1179564237,0.0861053637
19173,1,0,0.0674846626,0.0598958333
19175,0.3815290822,0,0.0932117528,0.0935529795
19177,1,0,0.1206293706,0.0906432749
19179,0.2939865113,0,0.1526203966,0.1393789182
19181,0.4707364082,0,0.0868562644,0.0612183505
19183,0.6966097939,0,0.078098472,0.0820827649
19185,1,0,0.1084812623,0.1119281046
19187,0.3324414173,1,0.1203703704,0.1002765341
19189,1,0,0.0703910615,0.0816964286
19191,0.6017438964,0,0.0938074801,0.0822609134
19193,0.1612784474,0,0.125047081,0.1162402247
19195,1,0,0.0726698262,0.0571155073
19197,1,0,0.0617399439,0.0688362919
20001,0.5333705892,1,0.1115577889,0.0683778666
20003,1,0,0.1074249605,0.1106570261
20005,0.332823587,0,0.1029787234,0.1011337052
20007,1,0,0.1160220994,0.0801152738
20009,0.4207821755,1,0.0847708231,0.0966602765
20011,0.4819637883,1,0.1255411255,0.0923022096
20013,1,0,0.0842391304,0.0934449093
20015,0.4610121698,1,0.113525589,0.0885598261
20017,1,1,0.0657276995,0.0777576854
20019,1,0,0.111969112,0.0635930048
20021,1,0,0.1172962227,0.1064695511
20023,1,0,0.093495935,0.0780269058
20025,1,0,0.0828402367,0.0692934783
20027,0.4910681286,0,0.1067961165,0.107347876
20029,0.4429805137,0,0.0949105915,0.080449827
20031,1,0,0.0902578797,0.0778531407
20033,1,1,0.0650887574,0.0565789474
20035,0.3199513734,0,0.1194775259,0.1016615482
20037,0.4067535667,0,0.1511927789,0.12934577
20039,1,0,0.061302682,0.0409401061
20041,0.6410716226,0,0.0718911917,0.0701345756
20043,0.7167776298,1,0.1166965889,0.1216061185
20045,0.1463737004,0,0.1860535932,0.1644844517
20047,1,1,0.068,0.0884955752
20049,1,0,0.0995024876,0.1146560319
20051,0.2437962259,1,0.1369747899,0.1293712172
20053,1,0,0.0757575758,0.069870939
20055,0.1948011437,0,0.1787234043,0.1114276914
20057,0.1920552979,1,0.1192739844,0.0608298172
20059,0.5206570242,1,0.1017964072,0.1047399076
20061,0.1162252647,1,0.1559940432,0.1417933131
20063,1,0,0.0954356846,0.0950226244
20065,1,1,0.0762711864,0.0757042254
20067,0.202257889,0,0.1153846154,0.0421189752
20069,1,1,0.0583941606,0.04952947
20071,1,1,0.0348623853,0.0408560311
20073,1,0,0.0887573964,0.0920418006
20075,1,0,0.0641025641,0.0186666667
20077,1,1,0.1065759637,0.0940715336
20079,0.4010698331,0,0.1089332831,0.0865507639
20081,1,0,0.1086142322,0.0815850816
20083,1,0,0.0689655172,0.0707395498
20085,1,0,0.1479346782,0.0909994039
20087,0.9912891986,1,0.0626721763,0.0598184818
20089,1,1,0.0887096774,0.0597014925
20091,0.0403730018,0,0.1005883589,0.0998831049
20093,1,1,0.0766283525,0.0151630023
20095,1,0,0.0881889764,0.0849120433
20097,1,0,0.0864864865,0.0483516484
20099,0.5326496235,1,0.0878421388,0.0841449162
20101,1,0,0.0378787879,0.0418535127
20103,0.3319817784,0,0.1008198151,0.0988253935
20105,1,1,0.1115702479,0.0962521295
20107,1,0,0.1393643032,0.0986920333
20109,1,1,0.1038961039,0.0793072015
20111,0.2516237298,0,0.1452894438,0.1261092947
20113,0.5354862191,0,0.0972906404,0.0877400795
20115,1,1,0.0585048754,0.0599779493
20117,1,0,0.1007371007,0.0912027833
20119,1,0,0.0582822086,0.0774983005
20121,0.7538241058,0,0.1157120743,0.1188200768
20123,1,1,0.0756646217,0.101659751
20125,0.4539477863,1,0.1535756155,0.1228410008
20127,1,0,0.1002178649,0.0750738085
20129,1,0,0.0478723404,0.0264672037
20131,1,0,0.0768261965,0.0724821974
20133,0.4523390342,0,0.1227929374,0.1210526316
20135,1,0,0.0346320346,0.0587695133
20137,1,1,0.1157024793,0.1072400653
20139,1,0,0.0924901186,0.0798644724
20141,1,1,0.0754716981,0.0552306693
20143,1,0,0.1422505308,0.1161971831
20145,0.4028466336,1,0.0718816068,0.0806100218
20147,1,0,0.0975056689,0.0743243243
20149,0.6553968755,1,0.1149032992,0.079780687
20151,0.2804411925,1,0.0967302452,0.0822162645
20153,1,0,0.1196581197,0.1030126336
20155,0.3137904294,1,0.1190809191,0.1047900505
20157,1,1,0.0987951807,0.0680197477
20159,1,1,0.0717131474,0.0607344633
20161,0.0984866382,0,0.1921701487,0.1797731569
20163,1,1,0.054631829,0.0429141717
20165,1,1,0.0795454545,0.0790273556
20167,0.3923180392,0,0.1245733788,0.1243150685
20169,0.1428282047,0,0.120861678,0.1145353972
20171,1,0,0.0849056604,0.0644997461
20173,0.0741985858,0,0.1321999303,0.1153076626
20175,0.0965671098,0,0.12,0.1167800454
20177,0.168314618,0,0.1331486861,0.1148832938
20179,1,0,0.0696517413,0.0559511699
20181,0.2510544964,0,0.1450892857,0.1020319931
20183,1,1,0.0459016393,0.062
20185,1,0,0.0828025478,0.0490390987
20187,1,0,0.0347305389,
20189,1,0,0.1359773371,0.1157830591
20191,0.6264855688,1,0.0926856505,0.0846082522
20193,0.310592686,0,0.0789889415,0.0914154653
20195,1,0,0.0421455939,0.0490566038
20197,1,0,0.067061144,0.0608243297
20199,1,0,0.0439393939,0.0369127517
20201,1,1,0.0703296703,0.060496614
20203,1,0,0.1061452514,0.090487239
20205,1,0,0.1401734104,0.1194029851
20207,1,1,0.0728744939,0.0741989882
20209,0.0528878253,0,0.179369251,0.1425390506
21001,0.7345394911,0,0.1248185776,0.1004221954
21003,0.7747717117,0,0.1664482307,0.0899894903
21005,0.4322069428,0,0.0910093767,0.0794652406
21007,1,0,0.0933786078,0.0798786653
21009,0.6210183208,0,0.1635365501,0.1460130567
21011,1,1,0.101997897,0.0904684976
21013,0.5926878865,0,0.1428571429,0.1330243337
21015,0.1146593316,0,0.0867823765,0.0819205594
21017,0.4435611298,0,0.1555009219,0.1521966527
21019,0.2379146723,0,0.1113238512,0.1185344828
21021,0.3536290586,0,0.1447028424,0.1335234638
21023,1,0,0.096,0.1014634146
21025,1,1,0.1471389646,0.1017708121
21027,1,0,0.0889774236,0.076847567
21029,0.2945254631,0,0.1095620797,0.0862866945
21031,1,0,0.0817253121,0.0876446964
21033,0.5210688592,0,0.1017110266,0.1009470079
21035,0.4890440126,0,0.1422708618,0.140394948
21037,0.1711074821,0,0.1456744675,0.1295025953
21039,1,0,0.1086350975,0.056384743
21041,0.4938945421,0,0.1582125604,0.0921319797
21043,0.796522327,0,0.1154454402,0.0989739869
21045,1,0,0.1144321093,0.1057741441
21047,0.2907296421,0,0.1616438356,0.1563637851
21049,0.2899221032,0,0.1311088642,0.0990533681
21051,1,0,0.1525302922,0.1257475847
21053,1,0,0.1134564644,0.1194915254
21055,1,0,0.1231884058,0.0653536258
21057,1,1,0.1326530612,0.1582278481
21059,0.260173068,0,0.1376677749,0.1096071647
21061,1,1,0.0650154799,0.0580524345
21063,1,0,0.108045977,0.0975268315
21065,0.7155263715,0,0.1392857143,0.1201086957
21067,0.0292742661,0,0.1608433286,0.1473621193
21069,1,0,0.1154855643,0.0983421251
21071,0.7821490179,1,0.1442307692,0.1373878966
21073,0.2659048136,0,0.1272195999,0.1210654848
21075,0.6419033001,1,0.151187905,0.1235906331
21077,1,0,0.1247920133,0.077836824
21079,1,0,0.1121281465,0.1055949567
21081,1,1,0.1022664456,0.088871188
21083,0.665584327,0,0.1171297925,0.120059657
21085,0.7544284633,0,0.1287234043,0.105904302
21087,1,0,0.1093394077,0.096828855
21089,0.4268394416,0,0.0973201693,0.0948182409
21091,0.9142385926,0,0.0855072464,0.1057082452
21093,0.3349713646,0,0.1114920785,0.0976610684
21095,0.7708993329,1,0.1504339441,0.1115848586
21097,0.6579820244,0,0.1335168617,0.1286855483
21099,0.8832434674,0,0.1316348195,0.1163093859
21101,0.3653026142,0,0.1291563616,0.1350338424
21103,1,0,0.1651299246,0.1350175673
21105,1,0,0.047761194,0.031511254
21107,0.5304581379,1,0.1124761125,0.0954659509
21109,1,1,0.1089808274,0.1019335855
21111,0.0163275941,0,0.1414961568,0.1344232431
21113,0.2473250175,1,0.1469430596,0.1226297145
21115,0.7380511464,0,0.1217910448,0.1391019997
21117,0.0671994038,0,0.1161940299,0.1004002668
21119,1,0,0.1648351648,0.1173447537
21121,0.6204749445,0,0.1470985155,0.150771666
21123,1,0,0.1185436071,0.1399857702
21125,0.6099212624,0,0.1216245409,0.1066490813
21127,0.7602037685,0,0.1366515837,0.0845627924
21129,1,0,0.1357552581,0.0877120397
21131,1,0,0.1612466125,0.1100729927
21133,1,1,0.1308744795,0.0828474576
21135,1,0,0.0982048574,0.0786184958
21137,0.9989289392,0,0.1094814039,0.1047006217
21139,0.953420342,1,0.0997191011,0.0743621655
21141,0.7579104695,1,0.1079069767,0.0875676702
21143,1,0,0.0858034321,0.1143302181
21145,0.2682430939,0,0.1385809313,0.1142061281
21147,1,0,0.1210526316,0.1146572104
21149,1,1,0.0724043716,0.072791312
21151,0.3618515442,0,0.1251059023,0.1111489072
21153,1,0,0.1613259669,0.1706138231
21155,0.6829068995,0,0.1220968812,0.1119054166
21157,0.8518272845,0,0.0892924707,0.0928327102
21159,1,1,0.1389270977,0.1379710145
21161,0.5348714953,0,0.1138088012,0.1291829967
21163,0.9059760691,0,0.1074540174,0.0919875535
21165,1,0,0.0962441315,0.0811861935
21167,0.5675544366,0,0.093714927,0.0871651786
21169,1,0,0.0856793146,0.064016004
21171,1,0,0.1169265033,0.0997596154
21173,0.504873017,1,0.1246511628,0.1005505651
21175,1,0,0.1321388578,0.1068996823
21177,0.6351849457,0,0.1086861632,0.0919188386
21179,0.6216782918,1,0.1037709882,0.0986328666
21181,1,0,0.1135531136,0.1214450423
21183,0.7619888945,0,0.1017524025,0.1031141869
21185,0.2516307483,0,0.0718030545,0.0630854867
21187,1,0,0.1104441777,0.0929896411
21189,1,0,0.095890411,0.1043745203
21191,1,0,0.1915303176,0.1303915723
21193,0.7257752959,0,0.0853333333,0.0891476568
21195,0.847841279,1,0.1433661706,0.1411209545
21197,1,0,0.1596998928,0.1256544503
21199,0.5259095242,0,0.1455157395,0.1316535688
21201,1,0,0.2130177515,0.1683029453
21203,1,0,0.1173671689,0.1080626157
21205,0.6198605142,1,0.1060090703,0.1200672646
21207,1,1,0.1103151862,0.1106169297
21209,0.3230338553,0,0.0876083392,0.0763743181
21211,0.5176323728,0,0.1070695219,0.0979780474
21213,0.4060426661,0,0.1177285319,0.1425642428
21215,1,0,0.0834542816,0.073383809
21217,0.5085501287,0,0.0757420676,0.087176781
21219,1,0,0.1308840413,0.0974639483
21221,1,0,0.1476976542,0.1400702988
21223,1,0,0.1388888889,0.1006503561
21225,1,1,0.0658561297,0.0865306122
21227,0.2730502252,0,0.1585963537,0.1414178036
21229,1,0,0.1099137931,0.0916981972
21231,0.6583482485,0,0.0948440484,0.1460703544
21233,1,1,0.0945378151,0.0785026738
21235,0.6366038353,1,0.1510763209,0.125048939
21237,1,0,0.1356275304,0.122254455
21239,0.3724461315,0,0.0851370851,0.0813712935
22001,0.6168716132,0,0.1254929251,0.1206380857
22003,0.7054945055,1,0.1171112557,0.110790378
22005,0.1083636364,1,0.1125124461,0.0943196129
22007,0.6449926327,0,0.1025331725,0.099530278
22009,0.831657975,1,0.1502249913,0.1493934402
22011,0.7297053271,1,0.0917602996,0.0720458891
22013,1,1,0.147086915,0.1192339374
22015,0.2716744598,1,0.1569487983,0.138423013
22017,0.1596565874,1,0.1951012618,0.1755328056
22019,0.2504047789,1,0.1332812703,0.1320358348
22021,1,1,0.1844380403,0.161673094
22023,1,1,0.0993227991,0.0589717742
22025,1,1,0.1620294599,0.1086261981
22027,1,1,0.1031746032,0.1065116279
22029,0.341360304,1,0.1729083665,0.174034972
22031,0.7910637028,1,0.1125860374,0.1034408602
22033,0.0685820995,1,0.1759848264,0.1704263788
22035,1,1,0.2054176072,0.2833684211
22037,1,0,0.0912576687,0.057865893
22039,0.7497063369,1,0.1954451346,0.1566254646
22041,0.7399615657,1,0.1524725275,0.1529823538
22043,1,1,0.0737642586,0.0704614937
22045,0.3243718629,1,0.1590185428,0.1420989625
22047,0.5847028868,1,0.1335162323,0.1065360784
22049,0.6510544874,1,0.1109040075,0.0892605279
22051,0.0157130185,0,0.170500986,0.1687920714
22053,0.7092093023,0,0.1061674009,0.1113807983
22055,0.0907992869,1,0.1448669003,0.1346811294
22057,0.2336787724,0,0.1235924197,0.1183137409
22059,1,1,0.1069459757,0.0716948038
22061,0.4041036449,1,0.1700507614,0.2088849135
22063,0.3875683502,1,0.1043837029,0.0894827065
22065,0.2853149646,0,0.1788617886,0.1158095238
22067,0.5082133521,1,0.1845238095,0.1870519713
22069,0.4952685592,1,0.1652742463,0.156194995
22071,0.0043047211,0,0.2513970048,0.2450945391
22073,0.2519455253,1,0.1754850842,0.1974507816
22075,0.3318732724,1,0.1635572139,0.1283924843
22077,0.6727044995,0,0.1412190706,0.1149271682
22079,0.3977603962,1,0.1500513875,0.1376022966
22081,1,1,0.0767857143,0.1131578947
22083,1,1,0.1701388889,0.1244268775
22085,1,1,0.1244019139,0.1124389617
22087,0.0537656521,0,0.1700064641,0.1539026998
22089,0.1777959619,0,0.1239270386,0.1319200351
22091,1,0,0.1165413534,0.0783835096
22093,0.495790412,1,0.0723375754,0.0657459358
22095,0.1172870024,0,0.1303772336,0.1128391101
22097,0.5919554156,1,0.156167979,0.1415154038
22099,0.5220893619,1,0.129255183,0.1044418406
22101,0.1951787232,1,0.1535146782,0.1280213843
22103,0.2298219753,1,0.1325847223,0.1271857571
22105,0.459870679,1,0.1543707378,0.1393392891
22107,1,1,0.15,0.1335689046
22109,0.2070268297,0,0.1248808389,0.1175110575
22111,1,1,0.1323337679,0.1546171322
22113,0.5593368085,1,0.0915199259,0.0869522354
22115,0.5782974359,0,0.1036779612,0.0978183543
22117,0.7576270814,0,0.1295709761,0.1157724387
22119,0.4971190521,1,0.1790289953,0.1763399467
22121,0.2610390088,0,0.1086065574,0.1060421736
22123,1,1,0.1054054054,0.097425395
22125,1,0,0.1246753247,0.1006655574
22127,0.6604143948,1,0.0634920635,0.0914039465
23001,0.453450184,0,0.126939043,0.1233204007
23003,0.8563147306,1,0.1119557706,0.106510317
23005,0.3764555266,1,0.1360479422,0.126577504
23007,1,1,0.1052412646,0.0796779334
23009,1,1,0.1182327318,0.1144974947
23011,0.6223289821,0,0.1142180095,0.1166724397
23013,0.6422291723,1,0.1158014832,0.1403872752
23015,0.9129608082,0,0.1112556929,0.1121537087
23017,0.8276822957,0,0.1316772917,0.1221011947
23019,0.5706213576,1,0.123626811,0.1105721828
23021,1,1,0.1358885017,0.117413063
23023,0.6138586882,0,0.1161838791,0.120611079
23025,0.8487826139,1,0.1296596434,0.1092391057
23027,0.9052187745,1,0.1295381934,0.1120607787
23029,1,1,0.1282051282,0.1241134752
23031,0.5197903497,1,0.128874481,0.1186038053
24001,0.3498517018,1,0.1166334119,0.1110165228
24003,0.0748239302,0,0.1206328882,0.1086672058
24005,0.0712914041,0,0.1549567186,0.149083826
24009,0.6189064807,0,0.0932824427,0.0966043936
24011,0.849547953,0,0.1541997493,0.1479219678
24013,0.4223875158,0,0.0937127414,0.0928077588
24015,0.4834803567,1,0.1304628911,0.1198296527
24017,0.2841486763,0,0.139748882,0.1294071934
24019,0.5395776336,0,0.1474285714,0.1414998037
24021,0.2754115495,0,0.115812119,0.1052804296
24023,0.8421162258,0,0.107748184,0.0744050104
24025,0.2092869954,1,0.1182415102,0.1085724172
24027,0.1187751454,0,0.1247087728,0.1155234962
24029,0.6962704448,0,0.138721351,0.1445307683
24031,0.0267941295,0,0.1684928648,0.1480631111
24033,0.0243455083,0,0.195870941,0.1693037834
24035,0.590267474,0,0.1226539783,0.1225026288
24037,0.5674433321,1,0.1308562197,0.1091189276
24039,0.5972786353,0,0.1983980283,0.1769051322
24041,0.5194531791,0,0.1458461538,0.1712654615
24043,0.3222714198,0,0.1351697083,0.1278907582
24045,0.2686990771,1,0.1602027883,0.1468583246
24047,0.4095882577,0,0.165227021,0.1340411701
24510,0,0,0.2148063456,0.2125694309
25001,0.0279349858,0,0.1647226608,0.1653869932
25003,0.3468680731,0,0.15047276,0.1512422304
25005,0.1044388812,1,0.1639049229,0.1629685595
25007,0.3172815534,0,0.1970588235,0.1679952761
25009,0.0515454497,1,0.1982725029,0.1823971807
25011,0.5485365133,0,0.1573562845,0.1663516684
25013,0.0952739763,0,0.1738584911,0.1662197942
25015,0.285469601,0,0.1497414005,0.1408738396
25017,0.0353774076,1,0.1601624128,0.1502462217
25019,0.1574184497,0,0.1836228288,0.1465201465
25021,0.0202222923,1,0.1581781062,0.155112928
25023,0.1246507755,1,0.1504801202,0.1539729306
25025,4.51164e-05,0,0.2398394619,0.2119617317
25027,0.2117581147,1,0.15330557,0.1478484816
26001,0.9290842923,0,0.0959332638,0.0998984772
26003,1,0,0.1274509804,0.1008028546
26005,0.6757813148,0,0.0959538879,0.0713076113
26007,0.4663922233,0,0.0913786253,0.0916409172
26009,1,0,0.1112759644,0.0894119836
26011,0.8754166111,0,0.1041335453,0.0910540584
26013,1,1,0.0995260664,0.090357599
26015,0.8711853003,1,0.103669915,0.0975782585
26017,0.28939108,0,0.1154316187,0.1039914045
26019,0.855147468,0,0.100513573,0.1001388889
26021,0.3009668472,1,0.1455721158,0.1334831751
26023,0.6941509518,0,0.1112781955,0.099969447
26025,0.3234234234,0,0.1272676003,0.1189465228
26027,0.7410300645,1,0.1031151896,0.106620003
26029,0.6980118216,0,0.0960067969,0.0874718304
26031,0.7884983776,0,0.1180880975,0.1027965284
26033,0.511295365,0,0.1403126136,0.103375686
26035,0.8769769251,0,0.1369276851,0.1130730051
26037,0.5131938126,0,0.0886979082,0.083670759
26039,0.9983831229,0,0.1411042945,0.1244583117
26041,0.4266319811,0,0.1006690029,0.108727954
26043,0.3524877635,0,0.0881965774,0.079056506
26045,0.3798488665,0,0.1014589598,0.099257198
26047,0.6313027674,0,0.0990896359,0.0993424309
26049,0.181991625,1,0.1411418696,0.1343150962
26051,1,0,0.1404573028,0.1040081648
26053,0.6408205841,0,0.0989660266,0.1109286354
26055,0.4317289317,0,0.1329524799,0.1077054839
26057,0.5829362324,0,0.0962314939,0.0974537201
26059,0.7673676387,0,0.1218546791,0.1027136259
26061,0.4521024598,0,0.153042852,0.1133134154
26063,1,0,0.0886827458,0.0890016664
26065,0.1456756757,0,0.1628606293,0.153787832
26067,0.6101730435,0,0.0882352941,0.0871022524
26069,0.4975234774,0,0.1,0.1071103837
26071,1,0,0.1297935103,0.1148713982
26073,0.5226573904,0,0.175549227,0.1751334668
26075,0.4728433708,1,0.1250909679,0.1155887395
26077,0.2163870524,0,0.1303893637,0.1313977186
26079,1,0,0.1314285714,0.1111849097
26081,0.1618863359,1,0.1217676727,0.1093902147
26083,1,0,0.1057692308,0.1047619048
26085,1,0,0.1425287356,0.1346886912
26087,0.8594996558,1,0.1077262693,0.0951462648
26089,0.8758351643,0,0.1026344676,0.1036578747
26091,0.5686108848,1,0.1134100608,0.1190312517
26093,0.395128594,1,0.0886709503,0.0797337753
26095,1,0,0.0962441315,0.102464332
26097,0.7467232786,0,0.1421520237,0.1314237574
26099,0.0320999254,0,0.1380379,0.1254421559
26101,0.6766938319,0,0.1033057851,0.089351529
26103,0.4549888665,1,0.1239236241,0.1148161631
26105,0.5909748038,0,0.0997115781,0.0916466595
26107,0.7447751423,1,0.1525316456,0.12131815
26109,0.6316909199,0,0.0832904884,0.0952526799
26111,0.4321627901,1,0.1079495453,0.1074311981
26113,1,0,0.1094952951,0.0883997835
26115,0.3772132111,0,0.1063795205,0.1032939024
26117,0.8459032636,0,0.1186404898,0.099128216
26119,1,0,0.1416957027,0.1409778557
26121,0.2601351351,0,0.1158499698,0.1172901767
26123,0.896654528,0,0.1278454209,0.0943526905
26125,0.0554223769,1,0.1221572075,0.1193694302
26127,1,1,0.1281920327,0.1017444792
26129,1,1,0.1255555556,0.1200823422
26131,1,0,0.1033210332,0.0840127614
26133,1,0,0.1106628242,0.1030067452
26135,1,0,0.1185410334,0.1111111111
26137,0.6621896297,0,0.119138756,0.1041803664
26139,0.2119885213,1,0.1046446558,0.0934346695
26141,1,0,0.0992301112,0.080552359
26143,0.4387228782,0,0.1184748071,0.1077660248
26145,0.3261503019,0,0.1258414001,0.1207586289
26147,0.3950605738,0,0.1101591187,0.110888239
26149,0.6371945716,0,0.1089987326,0.0952047296
26151,0.9364457905,0,0.1079894644,0.0942706461
26153,1,0,0.0943134535,0.0878489327
26155,0.5978353453,1,0.1088251218,0.1123712104
26157,0.8990491908,0,0.1026722925,0.0925270309
26159,0.7805178139,1,0.1269296741,0.1169900059
26161,0.1719479501,1,0.1642830451,0.1612836766
26163,0.0089681923,1,0.1789508995,0.168806638
26165,0.6374543403,0,0.1192307692,0.093126726
27001,1,0,0.1387414708,0.1262339216
27003,0.1590246423,0,0.1061406156,0.0993917519
27005,0.7091208822,1,0.1204644412,0.1069173364
27007,0.6787877477,0,0.1577898035,0.111857594
27009,0.450349211,0,0.1128440367,0.1077626135
27011,1,0,0.1098901099,0.1051108968
27013,0.3357304086,0,0.1575291025,0.1370742391
27015,0.4815143563,1,0.0825986079,0.090892054
27017,0.6350705665,0,0.1063673169,0.09320788
27019,0.2465067993,0,0.0849143007,0.0782549695
27021,1,0,0.1331456154,0.1114075511
27023,0.5720749325,0,0.1230916031,0.1122715405
27025,0.6565585207,0,0.1004133236,0.0915917352
27027,0.2579227778,0,0.145,0.1368925123
27029,1,0,0.167962675,0.090268886
27031,1,0,0.13,0.097211464
27033,1,0,0.0986066452,0.0791061453
27035,0.6871436565,0,0.1131082062,0.1074085941
27037,0.0498110857,0,0.1051921578,0.1004567825
27039,0.6334403604,0,0.0803108808,0.0885291514
27041,0.5139978465,1,0.1136230182,0.0927442949
27043,1,0,0.0886287625,0.0863260833
27045,1,0,0.1176470588,0.0893581484
27047,0.4176403949,0,0.107045543,0.0899407336
27049,0.6691185743,0,0.1031664964,0.1068998011
27051,1,0,0.093625498,0.1030674847
27053,0.023880958,0,0.1470498348,0.1338497383
27055,0.7101841533,0,0.0851326342,0.0878266412
27057,1,0,0.1119489559,0.1165934828
27059,0.5928284916,0,0.1156862745,0.1070011519
27061,0.7701159639,0,0.1386600769,0.1299917378
27063,1,0,0.0845714286,0.0665576833
27065,1,0,0.1221020093,0.0997313103
27067,0.4296167566,1,0.129985229,0.1069644431
27069,1,0,0.0598802395,0.0556542333
27071,0.454899685,0,0.1182700794,0.0690514326
27073,1,0,0.0933098592,0.10761347
27075,1,0,0.1133200795,0.107605178
27077,1,0,0.103202847,0.1064615385
27079,0.857745693,0,0.089206066,0.0970109657
27081,1,0,0.112704918,0.1081896552
27083,0.4654319522,0,0.1269035533,0.1070103093
27085,0.4449974164,0,0.0971604516,0.0897523136
27087,1,0,0.1608579088,0.1259754738
27089,1,0,0.0864864865,0.0715877437
27091,0.5811735331,0,0.0892448513,0.0782598416
27093,0.7192735043,0,0.0981595092,0.0875111907
27095,0.8184738652,0,0.1231953802,0.1124164279
27097,0.7232872685,0,0.1038433112,0.0928576726
27099,0.3634864723,1,0.1160628407,0.0974567917
27101,1,0,0.0581395349,0.0645912133
27103,0.2521042549,0,0.1024734982,0.0993142587
27105,0.3808882907,1,0.1439842209,0.1019021739
27107,1,0,0.1217228464,0.0859375
27109,0.1736845014,0,0.1246711035,0.1004555739
27111,0.7791980826,1,0.1103059581,0.0949265523
27113,0.3644939966,0,0.1094402673,0.0936421883
27115,1,0,0.1241410902,0.1154986053
27117,1,0,0.0935524652,0.1056721057
27119,0.4653436779,0,0.1237363526,0.1112130054
27121,0.6284046693,0,0.1053169734,0.1078167116
27123,0.0002009588,0,0.1698108835,0.1425871756
27125,1,0,0.1060606061,0.0637626263
27127,0.7012641815,0,0.0960912052,0.109858681
27129,1,0,0.0870307167,0.0957170106
27131,0.3218772821,0,0.1254332756,0.1156706624
27133,0.5045342127,0,0.0739795918,0.0787073234
27135,1,1,0.1230228471,0.1039671683
27137,0.392876228,1,0.13007132,0.1192514197
27139,0.181020089,1,0.1002676353,0.0837478807
27141,0.5092866036,0,0.1015521064,0.0922748021
27143,1,1,0.1099744246,0.098441058
27145,0.3798865388,0,0.1365224626,0.1225916511
27147,0.2974923809,0,0.1203890007,0.0949009463
27149,0.4798883259,0,0.1088977424,0.0805929919
27151,1,0,0.1257413998,0.1281729078
27153,0.9942205684,0,0.1360792492,0.0883015775
27155,1,0,0.0771929825,0.0835820896
27157,0.8118015617,0,0.1188501935,0.1174020711
27159,0.7184500533,0,0.1299283154,0.0913097127
27161,0.5143926613,0,0.1088254811,0.1024797918
27163,0.1336632183,0,0.1000050687,0.0998777566
27165,1,0,0.112412178,0.072065558
27167,0.4795573317,0,0.0708955224,0.0798939796
27169,0.4034144672,0,0.1367478866,0.1156373852
27171,0.3916808762,0,0.094352754,0.0803979564
27173,1,0,0.0888324873,0.0692864529
28001,0.3647843456,0,0.1316600616,0.1350552802
28003,0.6412204951,0,0.0983957219,0.1108074167
28005,1,0,0.1104452055,0.1016442451
28007,0.6245737604,0,0.1641673244,0.1246975319
28009,1,0,0.1081081081,0.1187698834
28011,0.5370017751,0,0.1737435009,0.163442234
28013,1,0,0.10670194,0.0813823857
28015,1,0,0.0740740741,0.0522553611
28017,1,0,0.1512231282,0.1362757732
28019,1,0,0.0845272206,0.0793254216
28021,1,0,0.1184466019,0.0915721232
28023,1,0,0.1408094435,0.1162387231
28025,0.563532947,0,0.1154873164,0.1412050257
28027,0.3264142122,1,0.1759036145,0.1501252142
28029,0.8217357586,0,0.1277033986,0.1097899767
28031,1,0,0.1537335286,0.1138041734
28033,0.2190120552,0,0.1251025737,0.1184714497
28035,0.345965864,0,0.1524337433,0.1446003006
28037,1,0,0.1042345277,0.0908394021
28039,1,0,0.1620991254,0.1197255575
28041,1,0,0.1096256684,0.0900371287
28043,0.5248971289,0,0.1552723059,0.1247047122
28045,0.3826026535,1,0.1364961569,0.1107200166
28047,0.191735252,0,0.1623347878,0.1484520462
28049,0.1757998086,1,0.1776615864,0.1675276148
28051,1,0,0.2185022026,0.234805587
28053,1,0,0.1683673469,0.1797421731
28055,1,1,0.1184210526,0.0508474576
28057,1,0,0.0780711825,0.0721894832
28059,0.3034093765,0,0.1445049368,0.122442989
28061,1,1,0.1004746835,0.0924680565
28063,1,0,0.0726141079,0.0885416667
28065,1,0,0.1823461092,0.1563565514
28067,0.6252416501,0,0.1426198879,0.1242308189
28069,1,0,0.1956181534,0.1155184412
28071,0.3994589074,0,0.1794939378,0.1604748045
28073,0.5374949394,0,0.1243481749,0.1033576642
28075,0.536761482,0,0.1683655536,0.1672040022
28077,1,0,0.1790540541,0.1102209274
28079,1,0,0.1057239057,0.1026130358
28081,0.5172599978,0,0.1433307024,0.1161763262
28083,0.3127845019,0,0.190875721,0.1787953426
28085,0.7091700805,0,0.155984556,0.1318000509
28087,0.5432157476,0,0.1481066547,0.1513544232
28089,0.2575747858,0,0.1191245066,0.1183252283
28091,0.7448549568,0,0.183106267,0.1263639564
28093,0.835298649,0,0.149122807,0.1576118416
28095,0.8251316559,0,0.0935759376,0.1013807308
28097,1,0,0.2105263158,0.2183056872
28099,0.755423385,0,0.1456359102,0.1256489035
28101,1,0,0.103516921,0.0718697361
28103,1,0,0.1641586867,0.2111892209
28105,0.3664169306,0,0.214183722,0.2030587126
28107,0.811099735,0,0.1143210896,0.1348523805
28109,0.7096624811,0,0.1197165893,0.1114241306
28111,1,0,0.0823798627,0.0791726106
28113,0.6199037794,0,0.1617250674,0.1430872876
28115,1,0,0.0921456779,0.0694913707
28117,0.74256238,0,0.0781078108,0.0741989882
28119,1,0,0.1695568401,0.1875781576
28121,0.329985799,1,0.0982931641,0.1031755583
28123,1,0,0.1248081841,0.1208995016
28125,1,1,0.1098901099,0.1771944217
28127,1,0,0.1116611661,0.082954923
28129,1,1,0.0912476723,0.0923199363
28131,1,0,0.1539657854,0.1079380445
28133,0.6403295984,0,0.1647058824,0.138628649
28135,1,1,0.1219512195,0.0911202891
28137,0.757090935,0,0.1445783133,0.1049450005
28139,1,0,0.1355824316,0.1110804471
28141,1,0,0.1712328767,0.1489045674
28143,1,0,0.3273727648,0.268914956
28145,0.7565251827,0,0.1093117409,0.0971986418
28147,1,0,0.1951447246,0.1532356532
28149,0.4249586333,0,0.1492100644,0.1220668997
28151,0.3484929433,1,0.2094964029,0.2115754828
28153,1,0,0.0990691489,0.1044734259
28155,1,0,0.0913705584,0.0690643732
28157,1,0,0.1101055807,0.112164297
28159,1,0,0.1374269006,0.1400430902
28161,1,0,0.1166666667,0.1082884822
28163,0.4368619826,0,0.1457489879,0.1894039735
29001,0.3345184483,0,0.1288863765,0.1155654541
29003,0.6041356493,1,0.0835755814,0.0881663738
29005,1,0,0.0968421053,0.0795507721
29007,0.5452688086,1,0.0941306755,0.0906938196
29009,0.8251578155,1,0.147752395,0.0953424658
29011,1,0,0.1150442478,0.122351821
29013,1,1,0.1353383459,0.1158611063
29015,1,0,0.1413181242,0.1384654472
29017,1,0,0.119205298,0.0823727861
29019,0.2275420729,0,0.1634411543,0.151233049
29021,0.1374995577,0,0.1508497518,0.1425648022
29023,0.5146214099,0,0.1247660636,0.1099011771
29025,1,1,0.1207658321,0.0814622913
29027,0.6011336179,0,0.0825165982,0.0920953101
29029,0.5625219324,1,0.1181005242,0.1175868505
29031,0.3220046506,0,0.1352094453,0.1215708558
29033,1,1,0.0598802395,0.0746031746
29035,1,0,0.0663129973,0.1040176114
29037,0.296612999,1,0.0920588593,0.085056312
29039,1,0,0.1244323342,0.1013090495
29041,1,0,0.081871345,0.0717741935
29043,0.4224916143,0,0.104045357,0.0989688278
29045,1,0,0.1035940803,0.0795402299
29047,0.0809205203,1,0.1082266537,0.1018230816
29049,0.7577416918,0,0.1164254248,0.0927926783
29051,0.3429651005,0,0.0758412858,0.076540656
29053,0.5302578495,0,0.1215106732,0.0981812058
29055,0.9320350451,0,0.1348435814,0.0860203057
29057,1,0,0.102006689,0.094744369
29059,1,0,0.1221198157,0.1033748362
29061,1,0,0.1164725458,0.0936657682
29063,0.6991567685,0,0.0702917772,0.0458515284
29065,0.6751958949,0,0.1316455696,0.0793185565
29067,1,0,0.1103752759,0.1068754255
29069,0.6266308383,0,0.1392745186,0.1001331305
29071,0.5498939646,1,0.1019453337,0.0909222633
29073,1,1,0.0826235094,0.0815428861
29075,1,0,0.1173913043,0.0761290323
29077,0.1414147835,1,0.1665056236,0.1352820836
29079,0.4467781403,0,0.1132332879,0.0923034785
29081,1,0,0.1001615509,0.1096311475
29083,0.5960083842,0,0.1039173014,0.0856538204
29085,1,1,0.1935483871,0.1974714028
29087,1,1,0.0584958217,0.0521472393
29089,1,1,0.0879120879,0.1015274034
29091,0.701836478,1,0.1537471856,0.1287344193
29093,1,1,0.1287671233,0.1145890038
29095,0.0426893882,0,0.1499559352,0.1415683057
29097,0.2346673618,1,0.1300286594,0.1228328073
29099,0.3477169786,1,0.0926109524,0.0853035369
29101,0.5276877789,0,0.1134648162,0.0957072833
29103,1,0,0.1046025105,0.1132238548
29105,0.5918310719,0,0.0900556328,0.0947307803
29107,0.6931542566,0,0.0877120397,0.07116413
29109,0.7152969659,0,0.1250863856,0.099616041
29111,1,0,0.1167664671,0.0955576862
29113,0.7201967301,1,0.1144592385,0.0910087719
29115,0.6741620347,0,0.0987394958,0.0965591398
29117,0.3733598956,0,0.0928961749,0.0808099573
29119,0.9989271768,0,0.1487553127,0.0889055848
29121,0.6476428431,0,0.1115013169,0.0790114863
29123,0.6051005861,0,0.1281216069,0.0769919427
29125,1,0,0.1086657497,0.1033773862
29127,0.3895179667,1,0.1088286713,0.1008520096
29129,1,0,0.0975609756,0.0647540984
29131,0.7646226033,0,0.102131879,0.0831059811
29133,1,0,0.0933767644,0.1360252651
29135,1,0,0.1089918256,0.0694345025
29137,1,1,0.1141226819,0.1194892064
29139,1,0,0.1132686084,0.1039545347
29141,1,1,0.1520158625,0.1175644626
29143,0.8742850189,1,0.1181217902,0.10768
29145,0.6322807257,0,0.1199270406,0.0735034803
29147,0.4721529118,0,0.1279904306,0.1133982497
29149,1,0,0.1562043796,0.1015700096
29151,1,0,0.0788461538,0.0751295337
29153,1,0,0.1183844011,0.1229307174
29155,0.6603665155,0,0.1704545455,0.1660741493
29157,0.5746993037,1,0.0828199863,0.0733096085
29159,0.3940670079,0,0.1167971102,0.0946942229
29161,0.5382857655,0,0.139261745,0.1250957065
29163,1,1,0.1120556414,0.0841091493
29165,0.1364156,1,0.1163563041,0.1127956763
29167,0.6724515372,0,0.1418134938,0.1138353765
29169,0.4129923084,1,0.1396323767,0.105469491
29171,1,0,0.0909090909,0.0805108273
29173,0.9750845002,1,0.1209476309,0.1152542373
29175,0.5078896262,0,0.0920383964,0.0776989581
29177,0.7406943605,0,0.0981987217,0.0892877558
29179,1,0,0.1042128603,0.0612800726
29181,1,0,0.1305449937,0.1005291005
29183,0.0565856162,0,0.0822642249,0.0769260275
29185,1,0,0.1011378003,0.076585869
29186,0.7300719736,1,0.0860366714,0.063184007
29187,0.4097606168,1,0.1180614859,0.107269239
29189,0.0135461222,0,0.1300077508,0.1242112525
29195,0.4226631809,0,0.0800256082,0.0908274535
29197,1,0,0.072,0.0478547855
29199,1,1,0.1463414634,0.0586253369
29201,0.4599700465,1,0.129,0.1137158133
29203,1,0,0.173992674,0.0708631738
29205,1,0,0.0751072961,0.0791429821
29207,0.6639578683,1,0.0938468349,0.0742910274
29209,0.8292894838,1,0.1144602851,0.1094507591
29211,1,0,0.0965346535,0.1096103896
29213,0.3717226126,1,0.1522352941,0.1208263384
29215,0.9938334627,1,0.1359015516,0.1039263531
29217,0.5672096209,1,0.1117533719,0.0939465409
29219,0.7355060227,1,0.1113288906,0.0823378194
29221,1,1,0.1238636364,0.0896232167
29223,1,0,0.1647196262,0.1284942448
29225,0.8071638736,0,0.0996350365,0.0761190638
29227,1,0,0.0896551724,0.0465444288
29229,0.7763360457,0,0.1480654762,0.0994788473
29510,0,0,0.1942122414,0.176380191
30001,0.5273716786,0,0.1706398996,0.1408632722
30003,1,0,0.2050919378,0.0624066886
30005,1,1,0.1822222222,0.1125730994
30007,1,0,0.0961887477,0.1370150297
30009,1,0,0.1441241685,0.1305598584
30011,1,0,0.1290322581,0.0958333333
30013,0.2051436965,1,0.1229711946,0.1056649375
30015,1,0,0.0795454545,0.0652849741
30017,0.2224656611,1,0.1396303901,0.1257189811
30019,1,0,0.1082802548,0.1216617211
30021,0.2533557047,1,0.0962772786,0.0984383714
30023,0.2891412801,0,0.1538461538,0.1511181387
30025,1,0,0.0717299578,0.0716448032
30027,0.4737026035,1,0.113243762,0.1344289928
30029,0.514953477,1,0.1521579205,0.1432311321
30031,0.3475622058,0,0.1480163864,0.1463145189
30033,1,0,0.1481481481,0.0956521739
30035,1,0,0.1535580524,0.1144291092
30037,1,0,0.0571428571,0.0677419355
30039,1,1,0.0973782772,0.1066768995
30041,0.397510577,0,0.1232986389,0.1126056217
30043,1,1,0.1009771987,0.0800692491
30045,1,0,0.1590909091,0.1430363864
30047,0.8212886234,1,0.159081242,0.1311887627
30049,0.2619728629,1,0.111796068,0.1036790411
30051,1,1,0.2745098039,0.1118644068
30053,0.7793871017,1,0.1708037825,0.1275656325
30055,1,0,0.1084337349,0.0322580645
30057,1,1,0.1120689655,0.1092267893
30059,1,0,0.1146341463,0.2069392813
30061,1,0,0.1111111111,0.1396810053
30063,0.2528196605,1,0.1603115202,0.1452653239
30065,1,0,0.1032110092,0.0949525237
30067,0.4561107556,0,0.1382575758,0.1466155811
30069,1,0,0.0717948718,0.0419161677
30071,1,0,0.0809248555,0.0713407134
30073,1,1,0.1255707763,0.1021532298
30075,1,0,0.0578947368,0.0590163934
30077,1,0,0.1282608696,0.089937667
30079,1,,0.1237113402,0.2603036876
30081,0.8444786526,0,0.1421333333,0.1107089982
30083,0.4324253764,1,0.1519823789,0.1153399861
30085,1,0,0.1137820513,0.1114730366
30087,1,1,0.1884550085,0.1217881028
30089,1,0,0.1586270872,0.1389722431
30091,1,0,0.1141868512,0.1176056338
30093,0.1387584322,0,0.1333998669,0.1501788663
30095,1,0,0.0963855422,0.0764451648
30097,1,0,0.1079136691,0.1103151862
30099,1,0,0.1131687243,0.089254766
30101,1,0,0.1191135734,0.1041544763
30103,1,0,0.071641791,0.1147540984
30105,1,0,0.0795847751,0.0669992872
30107,1,0,0.1428571429,0.1335227273
30109,1,0,0.0952380952,0.090487239
30111,0.1648445041,1,0.1344029851,0.1136932375
31001,0.205031245,1,0.1370458136,0.1279519785
31003,1,0,0.094049904,0.0758785942
31005,1,,0.1388888889,0.0705128205
31007,1,0,0.0340425532,0.0495049505
31009,1,0,0.1333333333,0.2064516129
31011,1,0,0.0902934537,0.0883874001
31013,0.2511529238,0,0.1213114754,0.12329716
31015,1,0,0.1242236025,0.1346666667
31017,1,0,0.1077586207,0.1700440529
31019,0.3106381279,0,0.1375097479,0.1242258652
31021,1,0,0.0860215054,0.0840525328
31023,1,1,0.0980966325,0.0838252656
31025,0.7497932175,1,0.0972704715,0.0911642311
31027,1,0,0.0757575758,0.0639006663
31029,1,0,0.1188118812,0.122324159
31031,1,0,0.076744186,0.0645333333
31033,0.3417828475,0,0.1260210035,0.1105815062
31035,1,1,0.0864197531,0.0648854962
31037,0.3836703837,0,0.0851955307,0.0483734088
31039,1,1,0.0674763833,0.0567039106
31041,1,1,0.1152993348,0.1008958039
31043,0.2060513391,0,0.2056786704,0.1186416993
31045,0.3987071594,1,0.129985229,0.1416282642
31047,0.5670855626,0,0.1460227273,0.1276595745
31049,1,0,0.0709677419,0.0675496689
31051,1,1,0.0894854586,0.0567970205
31053,0.2387870961,0,0.1109972678,0.0949828179
31055,0.0243616195,0,0.14086762,0.1312784344
31057,1,0,0.0727272727,0.0616438356
31059,1,0,0.061440678,0.0629645824
31061,1,0,0.1033057851,0.1068447412
31063,1,0,0.103960396,0.1034115139
31065,1,0,0.1180904523,0.1084832905
31067,0.4405639513,0,0.1147269719,0.094964515
31069,1,0,0.0520231214,0.0805369128
31071,1,0,0.1257861635,0.0974212034
31073,1,0,0.0855263158,0.090296496
31075,1,0,0.1442622951,0.106557377
31077,1,1,0.1366120219,0.1160714286
31079,0.1239526194,0,0.1127502634,0.1050095117
31081,1,1,0.0448807854,0.0678613396
31083,1,0,0.1106557377,0.1010452962
31085,1,0,0.0957746479,0.0900321543
31087,1,0,0.095890411,0.0872938894
31089,1,0,0.0928217822,0.0860634425
31091,1,0,0.1147540984,
31093,1,0,0.1377952756,0.0859671302
31095,0.4459944751,1,0.107028754,0.0868090878
31097,1,0,0.0630372493,0.0785002929
31099,1,0,0.0919117647,0.0740884407
31101,0.4335932813,0,0.0973333333,0.0890874628
31103,1,0,0.1181818182,0.1202749141
31105,1,0,0.1148648649,0.1277777778
31107,1,0,0.0766917293,0.058411215
31109,0.0973038486,0,0.1382845516,0.125562271
31111,0.3199330949,0,0.1263850416,0.1090650551
31113,1,0,0.1375,0.1638225256
31115,1,,0.1849056604,0.1474654378
31117,1,,0.07,0.0388888889
31119,0.2735984263,0,0.1237482117,0.1011335198
31121,1,0,0.1547049442,0.1129800063
31123,1,0,0.1078167116,0.1073825503
31125,1,0,0.0692307692,0.0708237105
31127,1,0,0.0858676208,0.0905716407
31129,1,0,0.0436046512,0.0536836094
31131,0.5588235294,1,0.1093502377,0.0815942256
31133,1,0,0.1214953271,0.0952858576
31135,1,0,0.1057268722,0.0682624113
31137,0.391837645,0,0.1228533686,0.1197846568
31139,1,1,0.0839160839,0.0702087287
31141,0.2757756007,1,0.0924464487,0.0941807044
31143,1,0,0.0510204082,0.0394211577
31145,0.3090076621,1,0.0981524249,0.1134669152
31147,0.4749078897,0,0.0770288858,0.0849673203
31149,1,1,0.0339285714,0.0546558704
31151,0.5130842429,0,0.1417399804,0.0620676023
31153,0.0515676481,0,0.0970600951,0.0935312003
31155,0.7853487746,0,0.0848240046,0.0930903218
31157,0.30428999,0,0.1395819285,0.1333560709
31159,0.5756147425,1,0.0846681922,0.0707734638
31161,1,0,0.1079136691,0.114820435
31163,1,0,0.0909090909,0.0987654321
31165,1,0,0.0869565217,0.084375
31167,0.7333105101,0,0.1083521445,0.0878070974
31169,1,0,0.0729927007,0.0658227848
31171,1,0,0.049122807,0.061302682
31173,1,0,0.187654321,0.093966898
31175,1,0,0.1043478261,0.0712643678
31177,0.616534867,1,0.0681544029,0.0753474762
31179,0.3833144271,0,0.1561238223,0.1018492962
31181,1,0,0.0731707317,0.052957359
31183,1,0,0.1044776119,0.0483383686
31185,0.4358938053,0,0.1081322609,0.0922591424
32001,0.3434315723,1,0.1419784726,0.1169286321
32003,0.0126892496,1,0.2064939758,0.1845754765
32005,0.297304397,1,0.1506456241,0.1473735409
32007,0.5179881569,0,0.1079774376,0.1065334113
32009,1,0,0.2041237113,0.3683035714
32011,1,0,0.0990990991,0.1044247788
32013,0.3898756147,0,0.1241734019,0.0862251856
32015,1,0,0.1391304348,0.1007895959
32017,1,0,0.1184971098,0.073015873
32019,0.4462564362,1,0.1324977619,0.1345111689
32021,1,0,0.1095100865,0.1445929526
32023,0.2731678006,1,0.1571695469,0.1314949755
32027,1,0,0.0619946092,0.0737379467
32029,0.8913255361,0,0.1459627329,0.1403415155
32031,0.0417170272,1,0.1719345616,0.1460677083
32033,0.5093612335,0,0.1120689655,0.0744029394
32510,0.0597895598,,0.1718413109,0.1417255037
33001,0.5445412448,1,0.1417676965,0.1270091396
33003,0.8947851598,1,0.1579925651,0.137170197
33005,0.6911899343,0,0.1347115705,0.1198667026
33007,0.6911219138,0,0.1133186166,0.110696981
33009,0.6567527821,1,0.1360791733,0.1406165495
33011,0.2443720932,1,0.1399491864,0.122599767
33013,0.5464995319,1,0.1273341783,0.1084952394
33015,0.2901017264,1,0.1244358478,0.1183398631
33017,0.3673647136,1,0.1467509382,0.140201242
33019,0.7813668346,0,0.1336816226,0.1527697911
34001,0.1493512643,1,0.214533365,0.1838712124
34003,0.0012105904,0,0.2010181401,0.1766191656
34005,0.0976962716,1,0.1393851508,0.1339370747
34007,0.0130777386,1,0.1884584137,0.168383286
34009,0.1859588718,0,0.1772694782,0.1563514893
34011,0.2449076236,1,0.222746988,0.1990900503
34013,0.0001377749,1,0.2635274613,0.231801239
34015,0.1131679755,0,0.1380272669,0.1356344588
34017,0,1,0.2630378673,0.2088724584
34019,0.5834722793,1,0.1271056662,0.1200170583
34021,0.0507796768,0,0.186704591,0.1640187897
34023,0.0097652584,1,0.1929505268,0.1547690241
34025,0.0512884255,1,0.1664902065,0.1574656873
34027,0.0855493486,1,0.1482153337,0.1386053656
34029,0.0369317781,1,0.1804357885,0.1604317367
34031,0.0283123266,1,0.2726369853,0.225371089
34033,0.5315791909,1,0.171480509,0.1628509187
34035,0.0753153946,0,0.1592549755,0.1394308019
34037,0.4863646764,1,0.1312274368,0.1259426714
34039,0,0,0.2186342913,0.1769165071
34041,0.4322004524,1,0.1422699246,0.1355489426
35001,0.0398140866,1,0.1774144172,0.1620129788
35003,1,1,0.0878688525,0.0498721228
35005,0.2505640223,0,0.1563777156,0.1478175489
35006,0.6330045635,1,0.1953371141,0.0973578029
35007,0.5455719706,1,0.1072695035,0.1077407918
35009,0.1882304357,0,0.1692644244,0.1642150008
35011,1,0,0.0672413793,0.0505902192
35013,0.2248623389,1,0.1807093263,0.1513620193
35015,0.2202233848,1,0.1088953619,0.0866213984
35017,0.404222104,1,0.1547779273,0.1043165468
35019,1,1,0.1004366812,0.0918674699
35021,1,0,0.1,0.0583657588
35023,1,1,0.1333333333,0.0928270042
35025,0.2489154523,0,0.1471698113,0.1158719791
35027,0.4552271942,0,0.1226361032,0.1144873108
35028,0.049796591,0,0.0591531756,0.0490978274
35029,0.4134974633,1,0.1348811498,0.1178513545
35031,0.6646456887,0,0.2756379393,0.0943090281
35033,1,1,0.1169014085,0.0386398764
35035,0.5459691328,1,0.1280203476,0.1032529397
35037,0.4034987423,0,0.1160714286,0.1686906019
35039,0.5640561901,1,0.1312523505,0.0929459381
35041,0.3641811266,1,0.1675126904,0.1228976099
35043,0.191548974,1,0.122374685,0.0908083755
35045,0.3520355743,1,0.1962352362,0.1402107541
35047,0.4658284622,1,0.1912663755,0.1488801054
35049,0.3503807574,1,0.1787259889,0.1580251363
35051,0.333707671,1,0.1240601504,0.1281999597
35053,0.5105754745,1,0.1240951396,0.0980749747
35055,0.5457972107,1,0.1534267913,0.1732944181
35057,1,1,0.1332099907,0.0771769019
35059,1,0,0.0980392157,0.1157407407
35061,0.2997178663,1,0.1397260274,0.1277667946
36001,0.0956810906,1,0.1419448587,0.1468500273
36003,0.8850740486,1,0.1181763647,0.1077677544
36005,6.7904613e-07,0,0.3854778072,0.3119479055
36007,0.2494727782,0,0.1483401209,0.1448835238
36009,0.6180914306,1,0.1322801979,0.1148468492
36011,0.5877531214,1,0.1233458585,0.124228699
36013,0.4406887206,0,0.1504241282,0.1349480302
36015,0.2590673575,0,0.1342585829,0.1507978411
36017,0.8335874629,0,0.1146545178,0.1087931574
36019,0.6373132272,1,0.1181284744,0.1230816928
36021,0.8276758161,1,0.1543810848,0.1513375593
36023,0.4687773719,1,0.1245892662,0.1372948563
36025,0.9054798231,0,0.1403840952,0.1449338726
36027,0.317396109,1,0.1654808252,0.1568453069
36029,0.1030856098,1,0.1468869785,0.1425088809
36031,0.8650116369,1,0.1100859052,0.1199513538
36033,0.702008201,1,0.1395474138,0.1102626591
36035,0.507051234,0,0.1232151082,0.1317190842
36037,0.6212064123,1,0.1236713001,0.0977179879
36039,0.7320940519,1,0.1415472779,0.1415625352
36041,1,1,0.0927835052,0.0901803607
36043,0.5260147325,1,0.0994271686,0.1013185569
36045,0.4938014582,1,0.1314951115,0.1296847771
36047,0,0,0.3231872583,0.2552715757
36049,1,1,0.1085604974,0.1006960999
36051,0.7137820616,1,0.1197417743,0.1018214015
36053,0.691601976,0,0.1263115416,0.1242451083
36055,0.0812016175,1,0.1535958712,0.1405590777
36057,0.4542719858,1,0.1494313674,0.1403565466
36059,0.0042908093,0,0.1974645869,0.1745479709
36061,0,0,0.2478509935,0.2164455559
36063,0.2997235101,0,0.1229590137,0.1198509882
36065,0.3435778137,1,0.1303582237,0.1181254082
36067,0.1463938252,1,0.1489585249,0.139882786
36069,0.448558573,1,0.1142979912,0.1070113072
36071,0.275821684,1,0.2092113185,0.1972211444
36073,0.6654933941,0,0.1663066955,0.145
36075,0.6272622846,0,0.1388235294,0.1284303204
36077,0.7271375846,1,0.1300668151,0.1092839395
36079,0.3502170619,1,0.1704184704,0.1658175217
36081,3.07633e-05,0,0.2992618921,0.2391387433
36083,0.3313163284,1,0.1277509798,0.1160378381
36085,0,0,0.2294284197,0.2126812521
36087,0.0038985721,1,0.2588586531,0.2242336375
36089,0.6693516428,0,0.1547604609,0.1362712033
36091,0.2848468636,1,0.1088623122,0.104711561
36093,0.0884848255,0,0.1498197903,0.1545311439
36095,0.8303829845,1,0.1213872832,0.1070153591
36097,1,0,0.1173740053,0.1100633357
36099,0.5791683918,1,0.118338846,0.1194344164
36101,0.5977731236,1,0.1091849935,0.1076744125
36103,0.0196419209,1,0.1931996875,0.1758511249
36105,0.7505596256,1,0.1596390769,0.1516438356
36107,0.6640800743,0,0.0903273443,0.0962440131
36109,0.4410629847,0,0.2092562369,0.189234854
36111,0.5612341972,1,0.1809818105,0.1799020864
36113,0.3215540715,1,0.1138072454,0.1225733942
36115,0.7549835242,1,0.1260643821,0.109586728
36117,0.7477953179,1,0.1209954991,0.1130301234
36119,0.0453309599,1,0.2209019936,0.1918873943
36121,0.8996817251,1,0.0901071204,0.071900032
36123,0.6855574393,0,0.1250727167,0.1214602525
37001,0.2644459353,0,0.1315789474,0.1107812406
37003,0.8908462298,0,0.0963319748,0.072135785
37005,1,0,0.1289308176,0.1089023336
37007,0.7776921333,0,0.187947494,0.1729801325
37009,1,0,0.089978678,0.0941494149
37011,1,0,0.1073667712,0.0785189914
37013,0.6302741199,0,0.1480086114,0.1141409133
37015,1,0,0.2121001391,0.1705366754
37017,1,1,0.1901653612,0.1925734024
37019,0.3638152649,0,0.1411520498,0.1250858997
37021,0.2230341582,0,0.1350712044,0.1248550133
37023,0.4592326139,0,0.1136,0.1032146419
37025,0.1727205895,1,0.1163209498,0.1136986127
37027,0.4282100878,0,0.1149497487,0.0744565564
37029,0.9475615645,0,0.1200527704,0.0992944865
37031,0.3059716928,0,0.1119055537,0.1203330647
37033,0.9982846587,0,0.096567772,0.1034441233
37035,0.3515721312,0,0.1150903211,0.0843275747
37037,0.6403618011,0,0.1322602058,0.1060552804
37039,1,0,0.0974130962,0.0855310621
37041,0.6841990079,0,0.1451355662,0.1408202781
37043,1,0,0.1834951456,0.1579278523
37045,0.6220118771,0,0.1517796263,0.114427157
37047,0.8969638307,0,0.1430057202,0.1417358923
37049,0.3537629071,0,0.14782286,0.1221539304
37051,0.1384168638,0,0.1829258549,0.170222627
37053,0.9588256228,0,0.111682243,0.1138152538
37055,0.220804551,0,0.1370814908,0.1371989074
37057,0.4771443793,0,0.1139060984,0.1030363365
37059,0.7044156209,1,0.1271446078,0.0953379378
37061,1,0,0.1374527112,0.1074492572
37063,0.0511308888,0,0.1571633022,0.1336057867
37065,0.4479550102,1,0.1747144341,0.1568808837
37067,0.075814841,0,0.1518752074,0.1290456815
37069,0.7889256705,1,0.1258096173,0.1127391436
37071,0.1886129427,1,0.1490812761,0.1427023888
37073,1,0,0.1316425121,0.1235142119
37075,1,0,0.1015873016,0.0667514304
37077,0.7143395855,0,0.1374822527,0.1296810966
37079,1,0,0.1607669617,0.1351476015
37081,0.1415668605,0,0.1522423664,0.1365342988
37083,0.5605898564,0,0.1882793017,0.1604050792
37085,0.6415608529,0,0.1319171535,0.125887283
37087,0.4688431123,0,0.140530303,0.112990769
37089,0.3427903097,1,0.1171681781,0.1168358904
37091,0.774452487,0,0.1613098848,0.1530702307
37093,0.4260973081,0,0.1717029088,0.1420028209
37095,1,0,0.19,0.2211081794
37097,0.3185871993,0,0.1096171538,0.0956953225
37099,0.6666589343,1,0.1609467456,0.1337040762
37101,0.5300394909,1,0.1298607462,0.1057481023
37103,1,1,0.1335978836,0.1093238822
37105,0.4210160386,0,0.1455004205,0.1264580012
37107,0.618119807,0,0.1693388974,0.1511316397
37109,0.7373920055,0,0.1150155027,0.1048159456
37111,0.7301135089,0,0.0930807249,0.0678593812
37113,0.7471767439,1,0.1287878788,0.1134333486
37115,1,0,0.1274154589,0.1053711063
37117,0.7493531841,0,0.1306695464,0.1161290323
37119,0.0084438835,0,0.1533083846,0.1427653787
37121,1,0,0.0892857143,0.0845442536
37123,1,0,0.1185510428,0.0915719494
37125,0.4954325308,1,0.1284640966,0.1071092563
37127,0.496714752,1,0.1611741161,0.1121609514
37129,0.0171066273,0,0.172406745,0.1651523088
37131,0.8835212638,0,0.1778228533,0.1469604016
37133,0.362667175,1,0.1483139577,0.1381105912
37135,0.2904449346,0,0.1736789267,0.156428246
37137,1,0,0.12109375,0.1187873788
37139,0.4505275094,0,0.1497343958,0.1322726668
37141,0.6100858761,1,0.1324210991,0.120083344
37143,1,0,0.149956408,0.1269025875
37145,0.7570146047,0,0.1481946625,0.1356703409
37147,0.2685161798,0,0.1891473958,0.1570264305
37149,0.9141659768,0,0.1006399069,0.1058619837
37151,0.6018408695,0,0.1344274056,0.1068644298
37153,0.4450472687,1,0.1807857581,0.1814795452
37155,0.7601476015,1,0.1580255682,0.136128632
37157,0.6091705454,1,0.128279499,0.1104896239
37159,0.4220731915,1,0.1339100658,0.129241696
37161,0.6778598473,0,0.1427193828,0.1112751946
37163,0.8422149197,0,0.1381578947,0.1178348715
37165,0.5252238544,1,0.1927957429,0.169980644
37167,0.7282093946,0,0.1309498625,0.0994068494
37169,0.8052336029,0,0.1217043941,0.0914624379
37171,0.7568071301,0,0.1186855445,0.1015277234
37173,1,0,0.1371480472,0.1343959428
37175,0.6041047717,0,0.1126461211,0.1219547046
37177,1,0,0.1307420495,0.1098010317
37179,0.2763286565,0,0.1014972921,0.0933170537
37181,0.5327633989,0,0.162464986,0.1547807713
37183,0.0515738306,1,0.126591574,0.1197754381
37185,1,0,0.1182934712,0.1345865686
37187,1,0,0.205465587,0.1617951669
37189,0.4890359797,0,0.2105263158,0.2341680412
37191,0.5358850451,0,0.1547262618,0.1240434598
37193,0.6984947475,0,0.0979277462,0.0868353934
37195,0.3794425264,1,0.1574421513,0.1468246324
37197,1,0,0.1082265678,0.0756801547
37199,1,0,0.1187664042,0.1196592398
38001,1,0,0.11,0.1076604555
38003,0.3967566571,0,0.0972078594,0.1046536564
38005,1,0,0.1657894737,0.1091854419
38007,1,0,0.0950819672,0.0855457227
38009,1,1,0.083172147,0.0715909091
38011,1,0,0.0714285714,0.0758965805
38013,1,0,0.0596685083,0.0470324748
38015,0.2430782669,0,0.1018436109,0.0954156171
38017,0.0909470261,0,0.1199102276,0.1065674571
38019,1,0,0.0803858521,0.0587044534
38021,1,1,0.0899742931,0.0852116548
38023,1,0,0.0879120879,0.0691609977
38025,1,0,0.1118644068,0.0831556503
38027,1,0,0.1090047393,0.0675300648
38029,1,0,0.0897009967,0.073943662
38031,1,0,0.0756013746,0.0731197772
38033,1,0,0.0972222222,0.0418760469
38035,0.1922782561,0,0.1673687622,0.1324122994
38037,1,0,0.0900473934,0.1072492552
38039,1,0,0.0918918919,0.0895522388
38041,1,0,0.0966183575,0.0780075188
38043,1,0,0.0769230769,0.0800395257
38045,1,0,0.0867052023,0.0749542962
38047,1,0,0.0844155844,0.1020710059
38049,1,0,0.0836909871,0.0793726236
38051,1,0,0.0775510204,0.0763016158
38053,0.5452257889,0,0.1663286004,0.0817057875
38055,1,0,0.0817073171,0.0625451046
38057,1,0,0.0967283073,0.0820832154
38059,0.2889069118,0,0.0929353986,0.0964721744
38061,1,0,0.1051873199,0.0672340426
38063,1,0,0.0643939394,0.0594639866
38065,1,0,0.0875912409,0.0947521866
38067,1,0,0.0714285714,0.0860099929
38069,1,0,0.1137724551,0.1310734463
38071,0.3543300302,0,0.0986775178,0.0877948718
38073,1,0,0.0563991323,0.0785553047
38075,1,0,0.0701754386,0.0636363636
38077,0.5218101519,0,0.1371814093,0.1055758684
38079,1,1,0.1705006766,0.0969643383
38081,1,0,0.0478873239,0.0599022005
38083,1,1,0.08,0.0408805031
38085,1,0,0.2122641509,0.1342975207
38087,1,0,0.046875,0.0566666667
38089,0.236937526,0,0.140952381,0.1110763454
38091,1,0,0.0967741935,0.0801282051
38093,0.2957439911,1,0.1527012128,0.1427462289
38095,1,0,0.0867346939,0.0988636364
38097,1,0,0.0702290076,0.0817472699
38099,1,0,0.0928176796,0.0706547339
38101,0.2716572033,0,0.1353813181,0.0975229956
38103,1,0,0.0604395604,0.0771495878
38105,0.2793650794,0,0.13869807,0.0712361971
39001,1,0,0.1313330054,0.1105144453
39003,0.3097567657,0,0.1208507499,0.1028344757
39005,0.6338017427,0,0.1169020945,0.0996972855
39007,0.5198720971,0,0.1425776154,0.115438439
39009,0.4869696145,0,0.1925826631,0.175226307
39011,0.3870578605,0,0.0768415474,0.0744692316
39013,0.6150954178,0,0.0673493501,0.0830096504
39015,0.9579631834,0,0.1098998232,0.0948614177
39017,0.096106897,0,0.1190509518,0.1110433451
39019,1,0,0.0867256637,0.0809720312
39021,0.7061786434,0,0.0819090616,0.0757983083
39023,0.2538510746,1,0.118185941,0.1073350221
39025,0.2626928922,0,0.1140795989,0.0968639597
39027,0.7014136799,0,0.1157099698,0.1116370062
39029,0.5549731539,0,0.0986324579,0.1021758977
39031,0.6631159183,0,0.1219428178,0.1143867091
39033,0.3408447353,1,0.1031613977,0.0864338214
39035,0.0056553636,0,0.1571930016,0.1498832149
39037,0.717295349,0,0.0905162065,0.084048693
39039,0.5357310766,0,0.0932006633,0.0756587703
39041,0.2032934188,1,0.0826257348,0.0826723497
39043,0.2818888683,0,0.1274034704,0.1186107892
39045,0.3558938089,0,0.1098720609,0.0946913643
39047,0.4808814894,0,0.1163905841,0.1216854341
39049,0.0137263211,1,0.1518404051,0.1416042021
39051,0.821529745,1,0.0832090665,0.0775396199
39053,0.8036618754,0,0.1355181577,0.0940003726
39055,0.7855383293,1,0.1146099291,0.0805707697
39057,0.2242477644,0,0.0998038624,0.0920350494
39059,0.624668297,0,0.1264332197,0.1081465211
39061,0.0238202155,0,0.154923673,0.1479366826
39063,0.3180859584,1,0.0888817584,0.0941358522
39065,0.5642428981,1,0.105149286,0.0927955444
39067,1,0,0.1417391304,0.1302366345
39069,0.6794158051,1,0.0724637681,0.0704877827
39071,0.7371932498,0,0.1107413011,0.088754847
39073,0.7060962567,0,0.0858540925,0.0745196624
39075,1,1,0.1242424242,0.0815036863
39077,0.5142661999,1,0.1062687849,0.0951500748
39079,0.6423912045,0,0.1359223301,0.126559273
39081,0.3927416512,0,0.1083099907,0.1122548068
39083,0.6971827618,0,0.1060672196,0.0876242898
39085,0.0751022128,0,0.0948938553,0.1009774635
39087,0.4527815934,0,0.1371074746,0.1330056246
39089,0.3378071802,0,0.1125263793,0.1034652212
39091,0.5563380282,0,0.0990491284,0.0940672589
39093,0.1426362137,0,0.1288259109,0.1239396949
39095,0.0498517201,1,0.1416703836,0.1341659608
39097,0.6616009493,0,0.0876152833,0.0762083027
39099,0.1564339892,0,0.1218973226,0.121460238
39101,0.3468688321,0,0.1216494845,0.1106878307
39103,0.3405929742,0,0.0941704036,0.0877183091
39105,0.8802791535,0,0.120412844,0.1050462153
39107,0.7159518435,0,0.0850863422,0.0668050576
39109,0.3058267601,0,0.0961182994,0.0946136364
39111,0.9866268211,0,0.1087151842,0.102980512
39113,0.0552363724,0,0.1332007073,0.1254531752
39115,1,1,0.1163410302,0.1031004856
39117,0.9998855508,0,0.101532567,0.0872333896
39119,0.5104617521,1,0.1398292611,0.1168539998
39121,1,0,0.100867679,0.0623869801
39123,0.6246655436,1,0.0856107083,0.0742714593
39125,1,1,0.0762032086,0.0706713781
39127,0.8045921826,0,0.1113236419,0.0992401923
39129,0.6045542288,0,0.1166384931,0.1063228197
39131,0.8165608387,0,0.1517175573,0.1434756938
39133,0.3799593302,0,0.1358687076,0.1226810673
39135,0.7625795751,0,0.0930930931,0.0739784946
39137,0.8422977562,1,0.0661094225,0.0642123288
39139,0.3365403086,1,0.1282698717,0.1048309278
39141,0.5884580961,0,0.1368188763,0.1210812708
39143,0.4324741918,0,0.1143097289,0.1037791681
39145,0.5533861204,0,0.1326820604,0.1159334346
39147,0.4559915742,1,0.0978956999,0.0802061373
39149,0.5701015965,0,0.0797612588,0.072026251
39151,0.1475831859,1,0.1067508499,0.1005929649
39153,0.0378200241,0,0.128567361,0.124055805
39155,0.2717784698,1,0.119837628,0.1108622351
39157,0.4984506181,0,0.1204195433,0.1068679451
39159,0.450066896,0,0.0766566613,0.06633535
39161,0.5042342124,1,0.0943314582,0.0786339755
39163,0.943203125,0,0.1415841584,0.096605197
39165,0.1751734155,1,0.0832375259,0.0816349523
39167,0.5833765538,0,0.1043585021,0.0917980941
39169,0.5584033398,0,0.1187308086,0.0891022363
39171,0.7510107272,0,0.0753604194,0.096852459
39173,0.3007077612,0,0.1203546501,0.1150789888
39175,0.6973515982,0,0.0708356392,0.0685305148
40001,1,0,0.1521418021,0.1058637084
40003,1,0,0.0856353591,0.0692788189
40005,1,1,0.1238485159,0.0898703582
40007,1,0,0.0758426966,0.0927318296
40009,0.5036144578,0,0.1385199241,0.129785501
40011,1,1,0.0988700565,0.100805153
40013,0.5805240194,1,0.1395939086,0.1041018551
40015,0.8142512526,1,0.1033534909,0.0841331911
40017,0.1952074091,1,0.1043375251,0.0951432838
40019,0.5541320334,1,0.1209327549,0.1042831581
40021,0.6181868389,1,0.1421218187,0.1228808673
40023,0.6485497043,1,0.1172893136,0.1251181251
40025,1,0,0.0289156627,0.048092869
40027,0.157149238,1,0.1361675635,0.1211623736
40029,1,1,0.1124401914,0.0904338735
40031,0.2779029928,1,0.1456728591,0.1320702145
40033,1,1,0.0975,0.0803757829
40035,0.6407457291,1,0.1549566891,0.1087967644
40037,0.6247456588,0,0.1204217536,0.0918648027
40039,0.2951285379,1,0.1516544118,0.1112719552
40041,0.7968908582,1,0.1425948592,0.1093632959
40043,1,1,0.0897009967,0.0571625344
40045,1,0,0.0782312925,0.0786598689
40047,0.2013175063,1,0.1281675393,0.1035132294
40049,0.7814156533,1,0.1066734075,0.097653773
40051,0.7216351857,1,0.0956759443,0.0798546262
40053,1,1,0.0662251656,0.0771954674
40055,1,1,0.0961538462,0.1011176158
40057,1,0,0.0994764398,0.0860702152
40059,1,0,0.1046025105,0.0638841567
40061,1,1,0.1420765027,0.0791746641
40063,0.6810054612,1,0.082156611,0.0772058824
40065,0.2386524107,1,0.0827300931,0.0751720487
40067,1,1,0.104622871,0.0792682927
40069,1,0,0.1229193342,0.080420574
40071,0.3108466819,1,0.1179426544,0.0911588412
40073,1,1,0.0976491863,0.1005660377
40075,1,1,0.0810397554,0.1044823232
40077,1,1,0.1324675325,0.1044340723
40079,0.7997672921,1,0.1185815603,0.1040276454
40081,1,1,0.1003984064,0.08919495
40083,0.6195742105,0,0.0936952715,0.0775718698
40085,1,0,0.1183098592,0.0816956766
40087,0.8702174644,1,0.1038085608,0.0903172273
40089,0.8207632894,1,0.1174899866,0.0853542104
40091,1,1,0.1264685556,0.108975265
40093,1,1,0.0772870662,0.0660471291
40095,1,1,0.107747106,0.1062740077
40097,0.7583363213,0,0.1214333112,0.1009841974
40099,0.6513952819,1,0.1237322515,0.0873436506
40101,0.4603777567,1,0.1486937733,0.1163158535
40103,0.5930977664,1,0.1226190476,0.0602139836
40105,0.9275751073,1,0.1203208556,0.0851884832
40107,1,1,0.1600529101,0.1075508498
40109,0.0759131073,0,0.1589127525,0.1477831724
40111,0.5307851577,1,0.1346704871,0.1152257192
40113,0.7306298835,1,0.1224368499,0.0946004587
40115,0.4932144626,1,0.1389599318,0.1099051441
40117,1,1,0.1084745763,0.077994933
40119,0.3284178037,1,0.2154191377,0.2257910028
40121,0.553560414,1,0.1174751607,0.1094859757
40123,0.5464600026,0,0.0992810681,0.0874506271
40125,0.5273552875,1,0.1206403659,0.1091870143
40127,1,1,0.1252983294,0.1201290643
40129,1,0,0.0889679715,0.0759493671
40131,0.5483725325,1,0.0999564776,0.0797088943
40133,0.7332739005,1,0.1515151515,0.1052371542
40135,0.8087370484,0,0.1278632479,0.1044525343
40137,0.5249953323,1,0.1088067328,0.1055217738
40139,0.4147025814,1,0.1734397678,0.1446216385
40141,1,1,0.16,0.1427429028
40143,0.0513298639,0,0.1440876304,0.129680309
40145,0.3639495684,1,0.106045082,0.0857171636
40147,0.2488990563,1,0.1140824338,0.1016949153
40149,1,1,0.1067484663,0.0840293597
40151,0.4034090909,0,0.0855855856,0.1285003111
40153,0.4402540303,0,0.0924528302,0.0813464236
41001,0.4139668826,1,0.1405017921,0.1389464339
41003,0.1940557237,1,0.2027027027,0.2028449579
41005,0.1710959395,1,0.1723856977,0.1484532732
41007,0.3911180366,1,0.1714714715,0.1620537505
41009,0.4122344977,1,0.1281665413,0.107405591
41011,0.3814012229,1,0.1400904977,0.1403805186
41013,0.4984639017,0,0.1366834171,0.1159688413
41015,0.5182973642,1,0.1802594995,0.1429618097
41017,0.2924142384,1,0.1778015883,0.1517930992
41019,0.4037913328,1,0.1379612395,0.1328373594
41021,1,0,0.1555555556,0.1178707224
41023,1,1,0.1648854962,0.1362507759
41025,0.4437625083,0,0.1349593496,0.1177876408
41027,0.5179547066,1,0.1340782123,0.1322206439
41029,0.2059536234,1,0.1863857374,0.1482894089
41031,0.6699453106,0,0.1898120073,0.1328671329
41033,0.4314224089,1,0.2258644537,0.171908709
41035,0.3775229424,0,0.1957181088,0.1607703127
41037,1,0,0.1854014599,0.1471806308
41039,0.1803086918,1,0.1993828928,0.1784229963
41041,0.3799980157,1,0.1493550577,0.1549795362
41043,0.3424539305,0,0.1750992568,0.1470308163
41045,0.588704824,1,0.1946857435,0.1543645362
41047,0.1535326087,1,0.193263436,0.1625213363
41049,1,1,0.1566707466,0.0854865974
41051,0.0128165822,1,0.2021637237,0.17673809
41053,0.2040533895,1,0.1822621298,0.1684543972
41055,1,0,0.0915492958,0.1230982019
41057,0.6065717415,1,0.1673989455,0.1370855148
41059,0.3173774586,1,0.1517956312,0.1106530463
41061,0.4291494885,0,0.1490270527,0.111732373
41063,1,0,0.1024464832,0.0835753469
41065,0.3476565429,1,0.1488641856,0.1270612038
41067,0.0549509304,0,0.1643478645,0.1400968081
41069,1,0,0.1428571429,0.1010452962
41071,0.2648855387,1,0.1809111199,0.1491385689
42001,0.6325732774,1,0.0965923327,0.0999822951
42003,0.0241464347,1,0.1265837861,0.1189640671
42005,0.6494401904,1,0.1005233712,0.0776091784
42007,0.2892132093,1,0.1028376211,0.0929316007
42009,0.9065304664,1,0.1005947763,0.0976657825
42011,0.2655480134,1,0.1301033955,0.1247120472
42013,0.2573887414,0,0.1138963493,0.0993011006
42015,0.7297847149,1,0.102326539,0.0937034357
42017,0.1029684257,1,0.1327079935,0.1234729512
42019,0.4330857801,1,0.1075097301,0.097364969
42021,0.4608382282,1,0.1040165706,0.096812586
42023,1,0,0.1197183099,0.1135209968
42025,0.5891982888,1,0.1419612315,0.1149604503
42027,0.3464898971,1,0.1735973027,0.1711283244
42029,0.1931221733,1,0.1207105369,0.1144060784
42031,0.8479632663,1,0.1240601504,0.1083726743
42033,0.6130930215,0,0.1171662125,0.1003215434
42035,0.4790387183,0,0.1196990424,0.1170636259
42037,0.4472631205,1,0.1104413766,0.1201680333
42039,0.6578784341,1,0.1154251317,0.0977238146
42041,0.2088650282,1,0.1093338535,0.1013897082
42043,0.1482641471,1,0.1372023681,0.1203474585
42045,0.0078480662,0,0.1609101517,0.1550640192
42047,0.5591803808,1,0.0640740741,0.0619863277
42049,0.2398256029,1,0.1420172699,0.1307507637
42051,0.5510543151,1,0.1222848692,0.1127450032
42053,1,0,0.1036414566,0.0650054171
42055,0.4448156889,1,0.1085603427,0.0940456136
42057,1,0,0.0984974958,0.084322836
42059,0.7565222228,1,0.0942314583,0.0819285977
42061,0.7434682028,1,0.0949326491,0.0790462615
42063,0.5984191433,1,0.1145720894,0.1120739831
42065,0.7346938776,1,0.112144266,0.0990047748
42067,1,1,0.1102227299,0.070833822
42069,0.1755289584,1,0.1397122055,0.1364634332
42071,0.2787549007,1,0.1383568913,0.1239247429
42073,0.4242012316,0,0.1138188867,0.0964679402
42075,0.2538584502,0,0.1281957633,0.1046992894
42077,0.0986792397,0,0.153024158,0.1458867248
42079,0.222224611,1,0.1324921136,0.1394540364
42081,0.4043857498,1,0.1293264476,0.1162635604
42083,0.7239068065,1,0.0928684628,0.0743230267
42085,0.4794400463,1,0.1094978166,0.0956009621
42087,0.5449147216,1,0.1137339056,0.0877652169
42089,0.5676035336,1,0.1574902888,0.1473988439
42091,0.0333651274,1,0.1308761255,0.1236985493
42093,0.5428429643,1,0.1257525084,0.1151333696
42095,0.1685791066,1,0.1327489305,0.116695217
42097,0.3525920106,0,0.1074391223,0.1040963591
42099,0.9351686227,1,0.0981767181,0.0795063954
42101,0,0,0.2226303336,0.2044880833
42103,0.8723327923,1,0.1689507495,0.1573048019
42105,1,1,0.1237274863,0.0924097501
42107,0.4706499172,1,0.1039372853,0.0921043087
42109,0.7034678881,1,0.0977391304,0.0782608696
42111,0.775971617,0,0.094610986,0.0922459418
42113,1,0,0.1020833333,0.0854063018
42115,1,0,0.1221646144,0.1141808475
42117,1,1,0.1165850673,0.0995908089
42119,0.6320142452,0,0.1127521614,0.0968975469
42121,0.5606691244,1,0.0981697171,0.0895266127
42123,0.6198719776,1,0.0880522713,0.0749296135
42125,0.3233356739,1,0.0959548995,0.0958918614
42127,0.8621640113,1,0.1393188854,0.1333367352
42129,0.2648260461,1,0.0989559393,0.0898484798
42131,0.9532394798,1,0.1009433962,0.1039436891
42133,0.2845665786,1,0.1195374936,0.1072060912
44001,0.0113007698,0,0.1413748379,0.128445165
44003,0.0724922665,0,0.1467205688,0.1334618232
44005,0.0850273811,1,0.1495895839,0.157418406
44007,0.0519341164,1,0.1785528266,0.1607749925
44009,0.3363165151,1,0.1291306058,0.1327934742
45001,0.7897921383,0,0.1315649867,0.0766334441
45003,0.3701957253,0,0.1230964467,0.1103696563
45005,1,0,0.1384364821,0.1409058231
45007,0.4165660374,0,0.1206316991,0.1061556447
45009,1,1,0.1052631579,0.1540669856
45011,1,0,0.1659600242,0.1699042044
45013,0.1860119604,1,0.1361559965,0.128650986
45015,0.2206985961,0,0.1226734852,0.1211502526
45017,1,0,0.1545768566,0.1182645206
45019,0.0905997771,0,0.1691042864,0.1629802712
45021,0.6612708126,1,0.105313093,0.1064538243
45023,0.7333560414,0,0.1219415943,0.1085705149
45025,0.8316733298,1,0.1448938027,0.1143674942
45027,0.8548034934,0,0.1251618472,0.1096943389
45029,0.7609315097,0,0.1268260292,0.1101734963
45031,0.5711469676,0,0.131933439,0.1320547945
45033,0.7001272445,0,0.1652932622,0.1340328862
45035,0.1471833602,0,0.1478208648,0.1289211363
45037,0.879837861,0,0.1247252747,0.0885154062
45039,0.7728184075,0,0.1757990868,0.105997552
45041,0.3920866196,0,0.1486773508,0.1364286006
45043,0.4218661283,1,0.1339042429,0.1002099044
45045,0.1189609045,0,0.1283030804,0.1168689183
45047,0.3968219636,0,0.1413975552,0.1314938813
45049,1,0,0.1214128035,0.126920713
45051,0.24423908,1,0.142114256,0.1365053852
45053,0.8914938696,0,0.1840324763,0.1307093426
45055,0.5281256211,0,0.1449799197,0.1219364964
45057,0.379363856,0,0.1121737942,0.1093133283
45059,0.6402078799,0,0.1536787975,0.1164283984
45061,1,0,0.1661392405,0.111528608
45063,0.2515451153,1,0.120383155,0.0989998116
45065,1,1,0.1074270557,0.1050473994
45067,0.5910975568,0,0.1613646842,0.1191769375
45069,0.6523418457,0,0.1607717042,0.15512729
45071,0.6727909011,0,0.1354476379,0.1199421965
45073,0.637475034,0,0.1193891717,0.10816661
45075,0.6548211296,0,0.1625990984,0.1751879443
45077,0.3755897842,1,0.1602953074,0.1408130409
45079,0.0855827388,0,0.1870436248,0.1804467526
45081,0.9856855052,0,0.1660899654,0.1103400416
45083,0.2951520898,0,0.1295423819,0.1148809954
45085,0.3479764296,0,0.1510174062,0.1240641434
45087,0.6428938482,1,0.1058295964,0.0947494916
45089,0.8307870818,1,0.1841230258,0.1680709534
45091,0.2266581587,1,0.1144787464,0.1058653123
46003,1,0,0.0717703349,0.0728407908
46005,0.2535380438,0,0.1280367695,0.1127819549
46007,1,0,0.1363636364,0.1480582524
46009,1,1,0.0777096115,0.0751215201
46011,0.3113018182,0,0.1095579902,0.0942436209
46013,0.269418553,1,0.1138888889,0.1034976351
46015,1,0,0.0929648241,0.0699223085
46017,1,0,0.2621359223,0.1682464455
46019,0.5031728986,0,0.1576971214,0.1341404358
46021,1,1,0.0839694656,0.0665634675
46023,1,0,0.1435810811,0.1249115357
46025,1,0,0.1263537906,0.1270226537
46027,0.2210195764,0,0.2067669173,0.1873925501
46029,0.2712091792,1,0.1408274133,0.1131259358
46031,1,0,0.1682242991,0.0915564598
46033,1,0,0.1462068966,0.1218286863
46035,0.2137702946,0,0.1084266352,0.0831433713
46037,1,0,0.0867678959,0.073774179
46039,1,0,0.0640668524,0.0471976401
46041,1,0,0.1848484848,0.0731391586
46043,1,0,0.1100917431,0.0785984848
46045,1,1,0.0906040268,0.107641196
46047,1,0,0.1666666667,0.156952034
46049,1,0,0.077124183,0.087431694
46051,1,0,0.1118421053,0.0890034364
46053,1,0,0.089456869,0.1005154639
46055,1,0,0.0408450704,0.0644122383
46057,1,1,0.0793269231,0.0577193806
46059,1,0,0.0992647059,0.0728070175
46061,1,0,0.0821917808,0.0779569892
46063,1,0,0.0470588235,0.0492170022
46065,0.2867998874,0,0.108811749,0.0653862449
46067,1,0,0.0945017182,0.055360897
46069,1,0,0.0545454545,0.0747474747
46071,1,0,0.1944444444,0.1563421829
46073,1,0,0.100591716,0.0653008963
46075,1,0,0.05,0.0881458967
46077,1,0,0.1130653266,0.0877645844
46079,0.4421737951,0,0.1038961039,0.1218005296
46081,0.3275380317,0,0.1269126913,0.1194807489
46083,0.2547536103,1,0.0813106796,0.0762542059
46085,1,0,0.1481481481,0.0976491863
46087,1,0,0.0689655172,0.0700696056
46089,1,1,0.0574712644,0.0946601942
46091,1,0,0.0701754386,0.0306188925
46093,0.3325405333,0,0.0685791125,0.0608395324
46095,1,0,0.1709401709,0.1057884232
46097,1,0,0.1098901099,0.0789779326
46099,0.1433721744,0,0.1116025641,0.0932862017
46101,1,0,0.1272727273,0.0872756933
46102,1,0,0.5086705202,0.1656565657
46103,0.1801926352,1,0.119191001,0.1154010191
46105,1,0,0.1015625,0.0726643599
46107,1,0,0.0516431925,0.0813953488
46109,1,1,0.1164383562,0.0604142693
46111,1,0,0.0782122905,0.0940766551
46115,1,1,0.0894308943,0.0803886926
46117,0.3003355705,0,0.048,0.1009538951
46119,1,0,0.075862069,0.0742115028
46121,1,0,0.234439834,0.1049495875
46123,1,0,0.1071428571,0.0980207352
46125,1,0,0.0793650794,0.0905818836
46127,0.5790851228,0,0.0935672515,0.0922789897
46129,1,0,0.1017316017,0.0638390905
46135,0.3126555127,0,0.084930088,0.0651036215
46137,1,0,0.2101449275,0.1390625
47001,0.3652088223,0,0.1218724778,0.1153069861
47003,0.5510878436,1,0.1348785256,0.1342647535
47005,1,0,0.1036866359,0.0943985021
47007,1,0,0.1316326531,0.1009029345
47009,0.3720062093,0,0.1060475781,0.0877040508
47011,0.3194807586,0,0.1283272283,0.1258382643
47013,0.4878284783,0,0.1273420133,0.1074630635
47015,1,0,0.1128747795,0.106111736
47017,0.8210267229,0,0.0973612375,0.1078954763
47019,0.4073745475,0,0.1006583139,0.0975257912
47021,1,0,0.0842824601,0.08325786
47023,0.659419872,0,0.0883797054,0.0809007506
47025,0.7132915145,0,0.115585384,0.108541351
47027,1,1,0.1025210084,0.1028667791
47029,0.678935526,0,0.1251743375,0.1116087048
47031,0.4607611118,0,0.1213473121,0.1107847251
47033,1,0,0.1327762303,0.1087497607
47035,0.5394390384,0,0.096135721,0.0844554644
47037,0.0314254823,0,0.171323079,0.1587042868
47039,1,0,0.12,0.1327880683
47041,0.7597111554,1,0.1171339564,0.1334805545
47043,0.6954248366,0,0.0991609458,0.0759968802
47045,0.5437623978,0,0.1149386085,0.1202397743
47047,0.746868302,0,0.0976145637,0.1129486939
47049,1,0,0.0899932841,0.0811772758
47051,0.6790339926,0,0.1175220164,0.0922351189
47053,0.7077475262,0,0.1044507332,0.0972509137
47055,0.7311672049,1,0.107064502,0.0883363472
47057,0.8443065414,0,0.1225254147,0.1191802183
47059,0.6732951306,0,0.100837277,0.0885752432
47061,1,1,0.1003102378,0.086865734
47063,0.2266081645,0,0.1207601144,0.1009866275
47065,0.1250604166,0,0.1297992131,0.1197973537
47067,1,0,0.1438596491,0.1231254933
47069,0.7925928835,0,0.130794702,0.1433607521
47071,0.6709776005,0,0.1149745016,0.1103698617
47073,0.620757744,1,0.1088913282,0.0838765556
47075,0.4614308106,0,0.1411516854,0.1491606002
47077,0.7716758854,0,0.1173210162,0.1059760956
47079,0.6777229106,0,0.1120556414,0.0867616456
47081,1,0,0.0910131654,0.073391383
47083,1,0,0.0996503497,0.1054216867
47085,1,0,0.0837070254,0.0892011608
47087,1,1,0.1093922652,0.1086459286
47089,0.7581698151,0,0.1008814887,0.0871323352
47091,1,0,0.1202623907,0.0787507472
47093,0.091932497,0,0.1229727971,0.1200002091
47095,1,0,0.1376811594,0.1527183873
47097,0.7246947461,0,0.1312192455,0.1260631481
47099,0.7355239023,0,0.1286017592,0.0967224681
47101,1,0,0.1074380165,0.1109090909
47103,0.7134686713,0,0.1126158232,0.0868335147
47105,0.3565572277,0,0.1080275229,0.0949395037
47107,0.6166191155,0,0.1155209072,0.0826771654
47109,1,0,0.0733197556,0.0652407567
47111,0.7551554569,0,0.1608202914,0.1275510204
47113,0.263238315,0,0.165503876,0.1687243879
47115,0.9134445331,0,0.0981228669,0.0954953305
47117,0.6522524623,0,0.115172956,0.0923220392
47119,0.3748192604,0,0.1077082793,0.1111943466
47121,1,0,0.1208576998,0.1010845099
47123,0.732972973,1,0.1114401077,0.1038140251
47125,0.1773262022,0,0.1360056804,0.1175360792
47127,0.9989165764,0,0.1111111111,0.0943767204
47129,1,0,0.1047819972,0.0804144775
47131,0.5930749992,0,0.1017964072,0.07311402
47133,1,0,0.1042382589,0.1213464303
47135,1,0,0.0786885246,0.0854361932
47137,1,0,0.0717592593,0.1021365294
47139,1,0,0.1149179158,0.0942203492
47141,0.3852656097,0,0.1255675591,0.1458215962
47143,0.7052631579,1,0.1019208154,0.1031771502
47145,0.5211407385,1,0.1049368542,0.0936741331
47147,0.5300056316,0,0.110043339,0.1054078146
47149,0.1596405123,1,0.1279055105,0.1139450551
47151,1,0,0.0972466315,0.1057181672
47153,1,0,0.0980392157,0.1293558606
47155,0.5336552145,0,0.1348635067,0.1082085618
47157,0.0340276463,0,0.188196823,0.1794844418
47159,1,1,0.1444816054,0.1075521193
47161,1,1,0.1011787819,0.0830645161
47163,0.2653591548,0,0.1121969414,0.1029382705
47165,0.2525919473,0,0.1214207048,0.1070363665
47167,0.6666229293,0,0.1136779506,0.1041580519
47169,1,0,0.171641791,0.1697782964
47171,0.5144466756,0,0.0936058009,0.0957519465
47173,1,1,0.0991902834,0.0636338264
47175,1,1,0.101659751,0.0435339309
47177,0.6163651015,0,0.142178594,0.0821419116
47179,0.2575995669,0,0.124191933,0.1281580752
47181,1,1,0.10670194,0.0703545573
47183,0.6743662999,0,0.0813469542,0.0806205289
47185,0.791927169,0,0.1086851043,0.1029272002
47187,0.1864196733,1,0.1003985465,0.1085922727
47189,0.3523829508,1,0.1046522601,0.0943567082
48001,0.6786195228,1,0.144461305,0.1162083307
48003,0.1831810854,1,0.1237031125,0.1457973291
48005,0.5190578158,1,0.1483146067,0.1292153048
48007,0.2357532522,1,0.1770334928,0.1511847914
48009,0.8735981308,0,0.1127596439,0.1126248865
48011,1,0,0.0563380282,0.0761904762
48013,0.7145219575,0,0.1619496855,0.1067687096
48015,0.7883448802,1,0.1558277027,0.1314192942
48017,0.2527520278,0,0.0948717949,0.0277497477
48019,1,0,0.129994037,0.1198554273
48021,0.7200460829,1,0.1570195075,0.1184814475
48023,1,0,0.1092715232,0.1261137766
48025,0.5416626405,1,0.1583284285,0.1424908425
48027,0.1369065445,1,0.1651790845,0.1516910369
48029,0.0470765292,1,0.1823670908,0.1575969409
48031,1,0,0.1221052632,0.1145833333
48033,1,1,0.0717948718,0.0691823899
48035,1,1,0.1250888415,0.0579608939
48037,0.379436556,0,0.1484478446,0.1242297934
48039,0.2259542888,1,0.1292191334,0.1050421795
48041,0.1185038208,1,0.2367115097,0.2275752366
48043,0.3418185627,1,0.1551540914,0.1012521589
48045,1,1,0.1711711712,0.1789264414
48047,0.3644714528,0,0.1628865979,0.1090909091
48049,0.4339939625,0,0.1365187713,0.1183998881
48051,1,1,0.1295264624,0.0749420902
48053,0.6732342764,1,0.1399108138,0.1158202606
48055,0.5459320445,1,0.2085225288,0.1096166342
48057,0.400427733,1,0.1406451613,0.0424757282
48059,1,1,0.0667302193,0.0644
48061,0.1758147533,1,0.2184111359,0.1344854894
48063,1,0,0.1664766249,0.1295510386
48065,1,0,0.0592105263,0.0417431193
48067,0.8056160821,1,0.1407211961,0.1113816739
48069,1,1,0.1469979296,0.1161572052
48071,0.5410663288,1,0.1687353237,0.0965190859
48073,0.7246488931,1,0.1469050894,0.1090634441
48075,0.3223289316,0,0.0845410628,0.1221674877
48077,1,0,0.1177184466,0.0880201765
48079,1,0,0.1282051282,0.0658227848
48081,1,1,0.0541516245,0.0657989877
48083,0.5316241541,0,0.1055900621,0.0969321149
48085,0.0614956809,0,0.1441205948,0.1304822247
48087,1,0,0.1706161137,0.0408626561
48089,1,0,0.1207142857,0.074176969
48091,0.4661147609,1,0.1290455406,0.1265385022
48093,1,1,0.1177042802,0.0649452269
48095,1,1,0.0683229814,0.0479896239
48097,0.6029567054,1,0.1235641105,0.0976043719
48099,0.1952872083,1,0.1256522647,0.0999764299
48101,1,0,0.106870229,0.13003663
48103,1,0,0.1238390093,0.0653676933
48105,1,0,0.0772200772,0.0145208132
48107,1,1,0.1369509044,0.0852585259
48109,1,0,0.0535433071,0.025728988
48111,0.2330288124,1,0.0845665962,0.0334654337
48113,0.0057825806,0,0.2078623508,0.17108297
48115,0.2990526654,1,0.1814946619,0.1164278403
48117,0.1648280687,0,0.1500412201,0.1108412836
48119,1,0,0.0875912409,0.1023738872
48121,0.0720370865,0,0.1354819643,0.1303696201
48123,0.5139729621,0,0.1338880484,0.1208598726
48125,1,1,0.1181102362,0.125984252
48127,0.3482298317,0,0.2810344828,0.2158652159
48129,1,0,0.1506276151,0.0875975716
48131,1,1,0.125,0.0721189591
48133,1,1,0.1194921583,0.1070901034
48135,0.0909057885,1,0.1622331413,0.1365459141
48137,1,1,0.1321428571,0.1340425532
48139,0.3069444805,1,0.1322755541,0.1227100513
48141,0.0402364909,1,0.1905546784,0.1541842064
48143,0.5098836526,1,0.1872696817,0.1751880174
48145,0.6819896275,1,0.1660516605,0.0907501311
48147,0.7813078347,0,0.1379310345,0.1096605744
48149,0.7945569879,1,0.1118119266,0.0938862307
48151,1,1,0.0651465798,0.0642076503
48153,1,0,0.0897097625,0.0794003331
48155,1,1,0.1276595745,0.1484184915
48157,0.0479800773,0,0.1497076475,0.1319176927
48159,1,0,0.0846262341,0.0786868161
48161,1,0,0.105102818,0.1035313002
48163,0.5070437857,0,0.1605456453,0.1101103355
48165,0.6727474766,1,0.1512915129,0.107364685
48167,0.0406436601,1,0.1590900474,0.1642971039
48169,1,1,0.082111437,0.052173913
48171,0.5644153414,1,0.1463632307,0.1212775951
48173,1,0,0.2307692308,0.0431893688
48175,1,0,0.1011235955,0.0694551036
48177,0.6462117743,0,0.1681120747,0.0878083157
48179,0.2054930042,0,0.1478426396,0.1109487111
48181,0.4768966306,1,0.1354370835,0.1251377211
48183,0.1346034659,1,0.1518593934,0.1265396335
48185,0.7451824518,1,0.1393875396,0.1107262911
48187,0.2482195176,1,0.1228610541,0.0865788142
48189,0.3046245618,1,0.1553748871,0.1229103343
48191,1,1,0.0973451327,0.0320150659
48193,1,1,0.1340206186,0.0919154646
48195,1,0,0.1218130312,0.0807909605
48197,1,1,0.0778688525,0.0760517799
48199,0.5072113247,1,0.124453087,0.0980094066
48201,0.0113372133,1,0.2074549067,0.1699456656
48203,0.5490492308,1,0.1460350154,0.1260647359
48205,0.4620958751,0,0.0909090909,0.0775969962
48207,1,1,0.10591133,0.0644051131
48209,0.2974359825,0,0.2097144539,0.1696557254
48211,1,0,0.1227436823,0.0901960784
48213,0.6594400487,1,0.1605629298,0.1181873852
48215,0.0890522416,1,0.2476827501,0.1483676124
48217,0.775101745,0,0.1310847068,0.0855401922
48219,0.4149138692,1,0.1442974165,0.1079117686
48221,0.4108412611,1,0.1312254598,0.1384716408
48223,0.6008644358,0,0.1516915242,0.1144061418
48225,0.7310341702,1,0.1645139361,0.1091946029
48227,0.1693918531,1,0.1409618574,0.0997979443
48229,1,0,0.2298850575,0.1017639077
48231,0.6132598343,1,0.1777373794,0.1207958572
48233,0.3768249503,1,0.0792151163,0.0834719492
48235,1,0,0.2,0.0692041522
48237,1,0,0.1200686106,0.1029304029
48239,0.6056845476,0,0.120271581,0.10771923
48241,0.7785627653,1,0.1197651663,0.0902037618
48243,1,0,0.103960396,0.1128834356
48245,0.0984695508,1,0.150296496,0.1498641244
48247,1,1,0.1754385965,0.1401952085
48249,0.5008356689,1,0.1725749903,0.153082634
48251,0.4647273617,1,0.1311663794,0.1145488746
48253,1,1,0.1165803109,0.1259221136
48255,1,1,0.1478555305,0.1421217547
48257,0.4192209758,0,0.1520891968,0.1200114258
48259,0.5680345085,1,0.1479089791,0.1442626837
48261,1,0,0.08,
48263,1,0,0.0612244898,0.0708333333
48265,0.3945777406,1,0.1428571429,0.125
48267,1,0,0.077994429,0.1113786875
48269,1,0,0.0470588235,
48271,1,0,0.0096153846,0.0135501355
48273,0.1963595361,1,0.2456747405,0.1909534368
48275,1,1,0.064,0.060137457
48277,0.4750838524,0,0.1685900652,0.1650354019
48279,0.5687236489,1,0.1096634093,0.0747955748
48281,0.6613492394,1,0.1197982346,0.1370583814
48283,1,0,0.1363636364,0.0775588048
48285,0.8238678271,0,0.106741573,0.0957258472
48287,1,1,0.1666666667,0.1312154696
48289,1,0,0.1018744906,0.0747278126
48291,0.7737045445,0,0.1574575659,0.1198063595
48293,0.699223336,1,0.1588785047,0.1411992263
48295,1,0,0.1310043668,0.0896273917
48297,1,0,0.1206225681,0.0971018083
48299,0.502141882,1,0.149132321,0.1114864865
48301,1,0,0.2857142857,
48303,0.1052057211,1,0.1951055137,0.1804640049
48305,1,1,0.1377672209,0.0938310005
48307,0.3595019659,1,0.122611465,0.0978925901
48309,0.2402188971,1,0.179521206,0.1670831538
48311,1,0,0.1837837838,0.2205882353
48313,1,0,0.1643663739,0.1260959257
48315,1,1,0.1301115242,0.0978569584
48317,1,1,0.1390374332,0.035
48319,1,0,0.0738255034,0.0543559196
48321,0.4673562267,1,0.1921812203,0.1573538857
48323,0.0657142364,0,0.2433578293,0.1353148673
48325,0.8426144873,0,0.1467342678,0.0984412967
48327,1,0,0.1546961326,0.1184041184
48329,0.1372137214,1,0.1651051098,0.1412494854
48331,0.5711804153,1,0.1401437372,0.115412334
48333,1,1,0.0825958702,0.0589556429
48335,0.3505005562,0,0.1238938053,0.0868113523
48337,0.7285750063,0,0.1110402042,0.1336100662
48339,0.2287623521,1,0.1406475995,0.1208603797
48341,0.314589381,0,0.1450326323,0.0957340562
48343,1,0,0.1138975967,0.0812706271
48345,1,0,0.052173913,0.0451467269
48347,0.4782608696,0,0.2150537634,0.1680206641
48349,0.5367132867,1,0.1701704545,0.1258951915
48351,1,0,0.1469344609,0.079002079
48353,0.2962410096,0,0.1567567568,0.1077779774
48355,0.062770048,0,0.1870691979,0.153675746
48357,0.1621567649,0,0.1581137309,0.0935492879
48359,1,0,0.0769230769,0.0830258303
48361,0.3606853127,1,0.1137587726,0.1169109065
48363,0.5037840121,1,0.1434761675,0.1448756594
48365,0.7186430128,1,0.1038485034,0.0766844522
48367,0.6434807249,1,0.1255534783,0.1095784574
48369,1,0,0.1041009464,0.0539617486
48371,0.4371750148,1,0.0970970971,0.1182795699
48373,0.8884344512,1,0.1541397534,0.1059793349
48375,0.1126429023,0,0.1966129219,0.1633652348
48377,1,1,0.1412300683,0.2125228519
48379,1,1,0.1199563795,0.0979814017
48381,0.1697725803,0,0.1205947137,0.1115451628
48383,1,0,0.1448598131,0.1222879684
48385,1,1,0.1284916201,0.0984682713
48387,1,0,0.1579520697,0.1516339869
48389,0.1130322756,1,0.1437346437,0.1212578616
48391,1,1,0.1529680365,0.1298292902
48393,1,0,0.0322580645,0.0203389831
48395,1,0,0.1561014263,0.1156770749
48397,0.1373598345,0,0.1042773274,0.0913167132
48399,1,1,0.1228304406,0.076581576
48401,0.6407476922,1,0.1285754744,0.0970515262
48403,1,1,0.147161066,0.0927353422
48405,1,1,0.1327014218,0.1433704635
48407,1,1,0.1740740741,0.1204415533
48409,0.2783215766,1,0.1747165057,0.1257582928
48411,1,0,0.112244898,0.0952380952
48413,1,0,0.0451977401,0.0696278511
48415,0.3180368533,0,0.1221757322,0.0494736842
48417,1,1,0.0748031496,0.0756234916
48419,0.7867371576,1,0.154494382,0.098347394
48421,1,0,0.1728395062,0.139657444
48423,0.3492476839,1,0.1475883257,0.1202161475
48425,1,1,0.1565891473,0.0990296804
48427,0.2859526699,1,0.213172043,0.1401940606
48429,0.400615317,0,0.1344165436,0.126092021
48431,1,0,0.0860759494,0.0441558442
48433,1,0,0.0723404255,0.0593406593
48435,1,0,0.1333333333,0.1041490262
48437,1,0,0.1373737374,0.1635773865
48439,0.0122815828,1,0.1684700698,0.150049666
48441,0.1750600525,1,0.132013511,0.124016571
48443,1,0,0.1388235294,0.1452784504
48445,0.3014960696,1,0.181372549,0.1782178218
48447,1,1,0.1048387097,0.085483871
48449,0.5065446283,0,0.2050680432,0.1259512938
48451,0.1668374957,1,0.1430324668,0.119036404
48453,0.0511065054,1,0.1820992756,0.1579090731
48455,1,1,0.1198979592,0.0980989957
48457,1,1,0.1256704981,0.1257142857
48459,0.8069059963,0,0.146483705,0.1107688095
48461,1,0,0.0598591549,0.076602831
48463,0.3516528253,1,0.1327327327,0.0990362668
48465,0.1030975497,1,0.207184887,0.1240669886
48467,1,0,0.1238376049,0.0936168263
48469,0.2774121486,1,0.142314436,0.1252442067
48471,0.4317408377,1,0.2031118587,0.1778257441
48473,0.7736028454,1,0.150708707,0.1029352634
48475,0.2131569907,0,0.1546511628,0.0875
48477,0.514173998,1,0.1413160734,0.1153899336
48479,0.058596704,1,0.2360737484,0.1602581762
48481,0.4752946837,0,0.1854569713,0.1288604181
48483,1,0,0.1085271318,0.0684002261
48485,0.1274835717,0,0.1430202387,0.1127734741
48487,0.260960658,1,0.1526717557,0.124059293
48489,0.3559809562,0,0.2188081937,0.1061761342
48491,0.0915261807,0,0.131141519,0.1184922748
48493,0.8731131791,0,0.1483775811,0.100763094
48495,0.1809780516,0,0.1155963303,0.0327624721
48497,0.9050734351,1,0.1338867603,0.0887561607
48499,0.8729121602,0,0.1347739551,0.1200343446
48501,1,1,0.1473880597,0.0686604886
48503,0.5195052331,0,0.1295546559,0.0955823293
48505,0.2121823025,1,0.2380410023,0.1331736527
48507,0.306204757,0,0.1281296024,0.0805111821
49001,1,0,0.1082352941,0.1123310811
49003,0.3173793917,1,0.1170651278,0.1015195603
49005,0.1443967136,1,0.1477948464,0.1190425857
49007,0.3461689202,0,0.1817010309,0.1403553953
49009,1,0,0.1230769231,0.1312741313
49011,0.0083655243,1,0.0946769791,0.0805545247
49013,0.6804960196,1,0.1333333333,0.1081123245
49015,1,0,0.0985507246,0.0560024752
49017,1,0,0.1150684932,0.0731335703
49019,0.179542869,1,0.2341920375,0.1257088847
49021,0.2860933163,1,0.1299689879,0.1004661883
49023,0.462922111,0,0.1285714286,0.0867430442
49025,1,1,0.1064891847,0.0910563837
49027,1,1,0.0951248514,0.0961724806
49029,1,1,0.0784593438,0.0573496659
49031,1,0,0.137037037,0.1441947566
49033,1,1,0.0984848485,0.1006369427
49035,0.0069142231,1,0.1391318493,0.1198798004
49037,1,1,0.2443693694,0.1053000233
49039,0.8224496255,1,0.1300813008,0.1112041134
49041,0.6100269492,0,0.0986206897,0.0810437664
49043,0.4464197181,1,0.1276437848,0.1237472457
49045,0.1974744835,1,0.094869993,0.0604020941
49047,0.4476417743,1,0.1305122494,0.0857890148
49049,0.0422915412,1,0.145106893,0.1122107234
49051,0.2786018167,1,0.147556391,0.1185869753
49053,0.1486584683,1,0.1589409369,0.1350373322
49055,1,1,0.0900473934,0.0713606089
49057,0.0559142409,1,0.1244874715,0.1024717071
50001,0.8352915986,0,0.1250863856,0.1145506519
50003,0.6315902214,0,0.160179125,0.1734322508
50005,0.8384877452,1,0.1473053892,0.1223004509
50007,0.2606536243,0,0.1650891481,0.1536115985
50009,1,0,0.1703296703,0.1378655526
50011,0.7723941857,0,0.1347313237,0.1282983094
50013,1,0,0.1487179487,0.1381470491
50015,1,1,0.1740535549,0.1395850175
50017,1,0,0.1332256762,0.1226309027
50019,1,0,0.1565255732,0.1520773452
50021,0.6772436109,1,0.1606,0.1489370253
50023,0.665356898,1,0.1241296996,0.1176376823
50025,0.7094216316,1,0.1695048467,0.1539470233
50027,0.7864353367,1,0.151241535,0.1141248085
51001,0.9035405381,1,0.1279151943,0.1115552874
51003,0.4037457182,0,0.126320678,0.129725301
51005,0.5313670104,1,0.0858704137,0.0852224305
51007,1,0,0.1454720617,0.1015000974
51009,0.6236624397,0,0.0968899522,0.1033492037
51011,1,0,0.0881164107,0.0655737705
51013,0,0,0.1594996805,0.1421591139
51015,0.8426445726,0,0.0910307898,0.087579244
51017,1,0,0.104109589,0.1235884567
51019,0.707344391,0,0.0839789278,0.0839344262
51021,1,0,0.0973451327,0.0600858369
51023,0.5943862365,0,0.0829827916,0.0819990673
51025,1,0,0.0948348857,0.1055674872
51027,1,1,0.1061827957,0.1110784602
51029,1,1,0.1572052402,0.0962613557
51031,0.5685507038,0,0.0856372218,0.0771911647
51033,1,0,0.1,0.088167465
51035,0.9762647916,0,0.0907216495,0.085947572
51036,1,0,0.1296928328,0.11988514
51037,1,0,0.1422366992,0.1761523989
51041,0.0803104118,0,0.1148077655,0.1056071781
51043,1,1,0.144112478,0.1030534351
51045,1,0,0.1030927835,0.0936073059
51047,0.5706538286,0,0.1399095534,0.1196097994
51049,0.9330232558,0,0.1065162907,0.1283120707
51051,1,1,0.1103139013,0.1111768185
51053,0.7166422156,0,0.1139240506,0.1134652074
51057,1,0,0.1848837209,0.139656816
51059,0.0154175965,0,0.1439040803,0.1194074933
51061,0.574562846,0,0.1160188457,0.1101050486
51063,1,0,0.1097834205,0.0962368908
51065,0.6394363096,0,0.0886773547,0.0944376528
51067,0.9006736788,1,0.1114136601,0.088898183
51069,0.3940975071,0,0.1035905271,0.0911133749
51071,1,0,0.0996336996,0.0799754864
51073,0.7257110382,1,0.09375,0.0871002564
51075,0.9272859627,0,0.0877842411,0.0657238783
51077,0.9988912802,0,0.0842880524,0.073918168
51079,1,1,0.102853351,0.0817074768
51081,0.8777982618,0,0.1177394035,0.1414004079
51083,0.7821115749,0,0.1303221029,0.1400487536
51085,0.3700706499,0,0.0948896056,0.0803874092
51087,0.0369420047,0,0.1426037066,0.1287515366
51089,0.6506437937,0,0.114550329,0.0910398685
51091,1,0,0.0609137056,0.0251046025
51093,0.5845464436,1,0.1105210753,0.1029869528
51095,0.1416157641,0,0.1181512605,0.1094712942
51097,1,0,0.1711229947,0.1906812843
51099,1,1,0.1005823187,0.0842667763
51101,1,0,0.0915228807,0.1018950437
51103,1,0,0.1010587103,0.0839723209
51105,1,0,0.1437234688,0.1402376033
51107,0.1194653161,0,0.1025867787,0.0935478544
51109,1,1,0.1085271318,0.0979409374
51111,1,0,0.1045296167,0.0824455767
51113,1,1,0.122705314,0.0893365893
51115,1,0,0.077247191,0.0435868962
51117,0.8325802302,0,0.1477676808,0.1183215224
51119,1,0,0.1375545852,0.0773719473
51121,0.2608477653,0,0.1733502181,0.1678436911
51125,1,1,0.1357723577,0.1381188119
51127,1,0,0.1083684527,0.0777202073
51131,1,0,0.1049149338,0.1131845842
51133,1,0,0.1326829268,0.103125
51135,1,1,0.1186440678,0.1244733818
51137,0.5668340045,1,0.1156048676,0.0928713434
51139,0.7999915644,0,0.122928915,0.1307102367
51141,1,0,0.1009055627,0.0856430155
51143,0.8906133783,1,0.1232515711,0.1216068117
51145,0.9809118782,0,0.0508395522,0.0693258223
51147,0.6673531969,0,0.1862262825,0.1564014827
51149,0.4905603348,0,0.1224979984,0.0946930281
51153,0.0459494322,0,0.1422685893,0.119293136
51155,0.4259171598,1,0.1083591331,0.1191900267
51157,1,1,0.0918918919,0.0996402878
51159,1,0,0.0711743772,0.1031406138
51161,0.1941008367,0,0.0885250096,0.0766876734
51163,0.900794702,0,0.0923161968,0.0772397357
51165,0.5928101532,0,0.0973068291,0.0824230707
51167,0.9938714557,0,0.0902945437,0.0976686865
51169,0.9830830552,1,0.1167247387,0.1129881258
51171,0.6961933644,1,0.1286817272,0.1313261481
51173,0.7556711409,0,0.1134470448,0.0981909971
51175,0.9824405423,1,0.1103603604,0.128011118
51177,0.3204053359,1,0.1147147773,0.1091337398
51179,0.1864688677,0,0.0999595715,0.0822652933
51181,1,0,0.1341911765,0.1076335878
51183,1,0,0.1053351573,0.0930434783
51185,0.5229414529,0,0.1050126904,0.1025181051
51187,0.6024013554,0,0.1366047745,0.1223792618
51191,0.6917400575,0,0.0874341955,0.0807833537
51193,0.7848676733,0,0.1726984127,0.1464751958
51195,0.6538610573,0,0.1244206774,0.1079498536
51197,0.7471191234,1,0.0931958763,0.108463575
51199,0.0706403027,0,0.1169751871,0.1095144281
51510,0,,0.1731222634,0.1528681254
51520,0.0102212672,,0.1477195371,0.1514892404
51530,0.0218340611,,0.1724806202,0.1363828886
51540,0,,0.2040393578,0.2081572274
51550,0.0773227702,,0.1389028686,0.1405538841
51570,0,,0.1326188881,0.1340544982
51580,0.0064493638,,0.0766208251,0.1291418862
51590,0.0322610942,,0.1729424422,0.1724291769
51595,0.0497745404,,0.1517857143,0.170620438
51600,0,,0.1633663366,0.1605483798
51610,0,,0.1385435169,0.1028068427
51620,0.0394865526,,0.1956834532,0.1515339324
51630,0,,0.1816964286,0.1804096171
51640,0.0985119048,,0.1025179856,0.114973262
51650,0.0031571733,,0.18541539,0.1822682827
51660,0.0062145366,,0.2114035088,0.1841475096
51670,0.0003473277,,0.2060409924,0.2120204036
51678,0,,0.2094763092,0.1348766985
51680,0.0161627156,,0.149447132,0.1621340413
51683,0,,0.1692477876,0.1366734339
51685,0,,0.1968962173,0.111981206
51690,0.0008157212,,0.192749779,0.2003370155
51700,0.0037369729,,0.1882007475,0.175154018
51710,0,,0.1980080754,0.1951643009
51720,0.0989964741,,0.1266233766,0.1685467817
51730,0.0270787256,,0.2302108538,0.2296957857
51735,0.0888443018,,0.0964247021,0.1131664853
51740,0,,0.2098301128,0.2125466454
51750,0.0419415059,,0.2100991885,0.2001170275
51760,0,,0.2115462457,0.2128778322
51770,3.99956e-05,,0.173389454,0.1718477456
51775,0,,0.129889669,0.1277439024
51790,0.0214368932,,0.153258427,0.1273072747
51800,0.2705568042,,0.1419858156,0.1475323524
51810,0.0181469955,,0.1417436245,0.1520572146
51820,0.0235177509,,0.1910828025,0.1437703028
51830,0.0011669368,,0.1412133891,0.1907717774
51840,0,,0.1519963702,0.1719232569
53001,0.472905448,0,0.1923701299,0.1216905114
53003,0.0726048912,0,0.1114701131,0.1158338741
53005,0.1214368236,1,0.1238390093,0.1095749923
53007,0.3362925867,0,0.1416454623,0.1096482344
53009,0.3609098568,1,0.1443436896,0.1262768898
53011,0.1348112797,0,0.1570788652,0.1299221299
53013,1,0,0.1135135135,0.0865654862
53015,0.3297660977,0,0.1634132086,0.1392613503
53017,0.2538078159,0,0.140052356,0.1050307733
53019,1,1,0.1635434412,0.1023113528
53021,0.1144507954,0,0.1746031746,0.107914431
53023,1,1,0.0945273632,0.1183550652
53025,0.4486950556,1,0.1492150587,0.1200230115
53027,0.3911497171,1,0.1386425648,0.116069896
53029,0.4778083517,1,0.1575498575,0.1492790257
53031,0.5325833156,0,0.1565020975,0.1503774076
53033,0.0329434831,1,0.1792288681,0.149707091
53035,0.1757114194,0,0.1427482734,0.1278652648
53037,0.4279270136,0,0.2168353756,0.1989643391
53039,0.797096987,0,0.1500535906,0.1142148404
53041,0.6017845622,0,0.1526020817,0.1302474062
53043,1,0,0.1092342342,0.0881822282
53045,0.694976113,0,0.152680885,0.1311849888
53047,0.8060754323,0,0.1521346963,0.1359423275
53049,0.6292317569,0,0.1346153846,0.1053334605
53051,1,0,0.1343943413,0.0884229717
53053,0.0678167034,1,0.1632139774,0.1467915589
53055,0.8008769957,1,0.2010739857,0.1645301658
53057,0.3410127931,0,0.160862683,0.1388533759
53059,1,0,0.1428571429,0.1288777847
53061,0.1179602322,0,0.1604944384,0.1432446161
53063,0.1462605152,0,0.1488742606,0.1392438488
53065,0.8910969964,1,0.1421514819,0.1041324126
53067,0.2133802363,1,0.1538125791,0.1479142198
53069,1,0,0.1825396825,0.2104187947
53071,0.2025278026,1,0.1565236427,0.1347682415
53073,0.2858710937,1,0.1923440717,0.1739211904
53075,0.3185541867,0,0.2543031649,0.2473320042
53077,0.3043220841,1,0.198558516,0.125437042
54001,1,0,0.0928632846,0.0956348488
54003,0.3242570202,1,0.1165670367,0.1031992821
54005,1,0,0.0959079284,0.0907866379
54007,1,0,0.0772626932,0.0629306385
54009,0.4162861829,0,0.0733944954,0.056389318
54011,0.2202861685,0,0.151142132,0.1544297667
54013,1,1,0.0627615063,0.0430510061
54015,1,0,0.1174438687,0.1369606004
54017,1,0,0.0497835498,0.0446735395
54019,0.6295198577,1,0.1054625829,0.0994108984
54021,1,0,0.0776470588,0.0353114272
54023,1,0,0.0735826297,0.0869886644
54025,0.7808472572,1,0.1039402174,0.1016949153
54027,1,0,0.0973451327,0.0901419256
54029,0.3291974566,1,0.0973520249,0.0989384977
54031,1,1,0.0914581536,0.083028083
54033,0.4427572397,1,0.1058170685,0.0806669119
54035,1,0,0.113258427,0.0856397353
54037,0.61699104,1,0.1188563327,0.0993297338
54039,0.2937674624,0,0.1183047322,0.1066352335
54041,0.7399166324,0,0.1148648649,0.0981875493
54043,1,1,0.1121134021,0.0862825388
54045,0.7291429975,1,0.1187399031,0.0899359481
54047,1,1,0.099766173,0.1189918992
54049,0.4348011743,0,0.1050257732,0.08598668
54051,0.4893596156,1,0.0893310754,0.1050770397
54053,0.6871881507,0,0.0775733466,0.0582430548
54055,0.4181248324,1,0.1091942358,0.1043355657
54057,0.6922562922,1,0.0757430489,0.0923032407
54059,1,1,0.1273326015,0.1226307086
54061,0.2665041296,0,0.1620073327,0.1571321392
54063,1,0,0.0522803115,0.052171966
54065,1,0,0.0884255931,0.0666088716
54067,1,1,0.0872933884,0.0854767184
54069,0.3297583972,1,0.1114932645,0.1217580904
54071,1,0,0.0856531049,0.0850386539
54073,1,0,0.0724907063,0.0462563701
54075,1,1,0.1065292096,0.1061195614
54077,1,1,0.0895283773,0.0819658545
54079,0.3393976323,0,0.0919592299,0.074037379
54081,0.4306551729,1,0.1571499917,0.1559287308
54083,0.6022841186,0,0.0938897168,0.0779459902
54085,1,1,0.0961538462,0.0779771615
54087,1,1,0.103255814,0.08
54089,1,0,0.1154618474,0.0743421053
54091,0.6851242143,0,0.0686498856,0.062676277
54093,1,0,0.0627240143,0.0662673156
54095,1,0,0.0535405872,0.0705802511
54097,0.6411236144,0,0.1213541667,0.1265099934
54099,0.5981991688,1,0.1018646409,0.0824253908
54101,1,1,0.1349072513,0.1492826677
54103,0.624082537,1,0.0820695807,0.0642908309
54105,1,0,0.1129807692,0.0804248862
54107,0.2962774034,1,0.094548552,0.0810455607
54109,1,1,0.1122514432,0.0877144818
55001,1,1,0.1286283438,0.1180144642
55003,0.549198228,1,0.118490566,0.0996774689
55005,0.7825779795,0,0.1204533474,0.0906806283
55007,1,0,0.1256793478,0.0865622424
55009,0.1659001265,1,0.1148742693,0.1005053911
55011,1,0,0.090990991,0.1088534107
55013,1,0,0.1158798283,0.1090186847
55015,0.5262957172,0,0.0933300757,0.0785842251
55017,0.6252168273,0,0.1153329495,0.0932949087
55019,1,1,0.1354249404,0.0869030034
55021,0.6624209267,1,0.1147199667,0.0935017745
55023,0.63005027,1,0.1159754224,0.09110971
55025,0.135769291,1,0.1369923952,0.1317625368
55027,0.5488612466,1,0.108245962,0.0966067864
55029,0.6863899421,0,0.1219691403,0.1280092259
55031,0.3861383903,1,0.120593692,0.1031005662
55033,0.6253961268,0,0.1351664255,0.1153505404
55035,0.2372717813,1,0.1242406194,0.0994167176
55037,1,0,0.1518072289,0.1155512759
55039,0.3625688884,0,0.0855278766,0.080893992
55041,1,0,0.1161202186,0.096748186
55043,0.7720743964,1,0.1059418458,0.1012651637
55045,0.7108618877,1,0.1059129305,0.0828546907
55047,0.7264696603,0,0.114589856,0.0974101276
55049,0.7934117846,0,0.0964102564,0.0835962145
55051,0.6715007333,1,0.1160714286,0.0972464273
55053,0.7912035942,0,0.1371069182,0.1208987616
55055,0.4450058893,1,0.1012994684,0.097009612
55057,1,0,0.1099855282,0.1007759364
55059,0.1308298503,1,0.1471726755,0.1324850979
55061,1,1,0.0752621838,0.0730268011
55063,0.1810918665,0,0.1367805665,0.1287130708
55065,1,1,0.1020255064,0.0912505869
55067,0.5859114463,0,0.0862581797,0.0773575639
55069,0.6650008798,0,0.0929075073,0.0828611316
55071,0.4277461621,1,0.0912874982,0.0819312363
55073,0.4338866629,1,0.093472074,0.0879760131
55075,0.6076136798,1,0.089397656,0.0721838825
55077,1,0,0.1158445441,0.0935864853
55078,1,0,0.244,0.1167434716
55079,0.0027695907,0,0.187459666,0.1683188573
55081,0.5677270173,1,0.1212292078,0.0955228982
55083,1,0,0.0847094801,0.075248139
55085,0.7426872771,1,0.0858505564,0.1011832154
55087,0.2539314648,0,0.083921155,0.0711726961
55089,0.243117712,0,0.0950121984,0.0975917524
55091,1,1,0.0849673203,0.0604209097
55093,0.699540415,0,0.1078184111,0.0994700103
55095,1,0,0.1067615658,0.0929171933
55097,0.3660570925,0,0.1027892562,0.0859638264
55099,1,0,0.1285171103,0.0986603625
55101,0.1434705427,1,0.1291118421,0.1162886864
55103,0.7154415164,0,0.1278825996,0.101968851
55105,0.2003885464,1,0.1141147963,0.1032921495
55107,1,1,0.1261335532,0.1153781654
55109,0.6398819706,0,0.0837925675,0.0901908787
55111,0.4470446908,0,0.1145251397,0.0934997206
55113,1,0,0.1166456494,0.1110428694
55115,0.7008634818,1,0.0968320383,0.0812316357
55117,0.2935933714,0,0.1006153846,0.0789962442
55119,0.7934012956,1,0.1287386216,0.0875912409
55121,1,1,0.0983606557,0.0840711626
55123,0.8683336589,1,0.1457541191,0.0942542474
55125,1,1,0.1127962085,0.1084188521
55127,0.3690527621,0,0.126487387,0.1227280428
55129,1,0,0.0995059986,0.0809399478
55131,0.3835888886,0,0.0740973031,0.0816590591
55133,0.1520770164,1,0.1103631047,0.1049291716
55135,0.6364162742,0,0.1030439684,0.1116758242
55137,0.996451876,0,0.1168437026,0.1079136691
55139,0.1741396378,1,0.1049499405,0.0908652824
55141,0.3547778511,0,0.1017615602,0.0909527315
56001,0.1296336265,0,0.2179206993,0.192645032
56003,1,0,0.0889679715,0.0894428152
56005,0.2680219453,1,0.1067481094,0.101508287
56007,0.4703171218,1,0.101095198,0.0904388156
56009,0.5274525489,0,0.0585625555,0.0541961211
56011,1,1,0.134751773,0.1362126246
56013,0.5358362645,1,0.1352657005,0.0881026219
56015,0.485037606,1,0.0897177419,0.1131644518
56017,1,0,0.0551558753,0.0707964602
56019,0.4653723215,1,0.1032679739,0.0666116157
56021,0.2115369309,1,0.1170421156,0.1228412928
56023,1,1,0.1123899797,0.0599605523
56025,0.1526358577,1,0.118584342,0.1053458635
56027,1,1,0.1477832512,0.1928504233
56029,0.4435592763,0,0.1043236811,0.1029272899
56031,1,0,0.0764163373,0.1099166891
56033,0.3716244623,0,0.15301807,0.1517013596
56035,1,0,0.0824587706,0.0658494869
56037,0.1075416351,1,0.107855763,0.101072909
56039,0.538811024,1,0.1600209864,0.128982129
56041,0.4417603912,1,0.0905537459,0.0621399177
56043,0.3638256344,0,0.0845697329,0.0832550861
56045,1,1,0.110707804,0.0856697819
