fips,h,f1,f2,f3,f4,f5,k6,k8,k10,rucc
01001,28.7861217120028,28.7861217120028,-15.5179796447967,-5.99265094624207,-21.1399932318342,38.5520894556174,1,1,1,2
01003,42.9645845313309,42.9645845313309,-21.990463888829,-8.12543416660128,-30.2514248859943,55.5971448053588,1,1,1,3
01005,36.4627951110382,36.4627951110382,-18.6897576325179,-6.3678591274833,-24.7745176193279,46.4244219531244,2,2,2,6
01007,10.4999636034116,10.4999636034116,-5.65848037538322,-2.50321023542187,-7.64701190008477,13.7133305330648,2,2,2,1
01009,75.7284194475307,75.7284194475307,-40.5473545734125,-14.1466767723163,-53.1093006963471,99.6439453863253,1,1,1,1
01011,113.263339900021,113.263339900021,-63.4282937194543,-22.4771730111838,-77.2606927308947,146.95994084809,2,2,2,8
01013,22.2250105280354,22.2250105280354,-12.5549151116929,-4.90154677168777,-15.1296683359324,29.8397298967243,2,2,2,6
01015,-19.8821293827845,-19.8821293827845,12.1627733811598,4.0637343586877,14.0003590750083,-25.3749020095072,2,3,3,3
01017,13.899075177146,13.899075177146,-6.27075903293075,-2.5518203901045,-10.3231961511233,19.5511733637035,2,2,2,6
01019,37.2795051542059,37.2795051542059,-19.3899151198481,-7.00880556589491,-25.9283490064373,48.0825443468652,3,4,4,8
01021,57.4524873325907,57.4524873325907,-30.9866900569598,-10.7427926092452,-41.5344458382085,76.488791070116,1,1,1,1
01023,-20.8550326343401,-20.8550326343401,9.65941408068107,3.50234128526577,12.1386041817101,-25.0645989682314,2,2,2,9
01025,-10.1267152199762,-10.1267152199762,5.06574089041877,1.51359207553379,6.59349447799752,-11.9143588645659,2,2,2,9
01027,70.4468814694836,70.4468814694836,-36.223459833569,-13.9112797222355,-49.6910870658033,91.0941120579201,2,2,2,9
01029,13.1787583009212,13.1787583009212,-7.89226292122158,-3.24870326338207,-10.2341721120309,18.14677172975,3,4,4,8
01031,-5.11183725603245,-5.11183725603245,4.20060633794567,1.97994528235084,4.12493067795157,-7.85612700387764,2,3,3,4
01033,-50.0783224181166,-50.0783224181166,28.5502546593545,9.70869973059568,34.2091448221583,-64.3707638777058,2,3,3,3
01035,63.6907106574853,63.6907106574853,-35.4932892316725,-13.5792521524281,-42.0265489659897,80.9123803182887,2,2,2,9
01037,-23.1134342998839,-23.1134342998839,12.6289225843917,3.82959610252808,12.8824516619583,-30.5906941044243,2,2,2,8
01039,-14.7309842033712,-14.7309842033712,8.80958048439906,2.82563729638731,10.4051100992838,-18.5096284387192,2,2,2,6
01041,32.8905892862194,32.8905892862194,-18.302998678484,-6.96476246550806,-23.5470539275285,43.9167207697448,2,2,2,8
01043,-18.0708276388589,-18.0708276388589,11.0389383439372,4.00082565135888,11.8905674415462,-22.2202473412444,1,1,1,4
01045,-48.7137473132943,-48.7137473132943,27.2205193837252,9.80428508736704,33.7134871879512,-63.6202453149421,2,3,3,4
01047,13.5781974554273,13.5781974554273,-7.67962367850119,-3.73356345896425,-7.92771643577023,17.563501739988,2,2,2,4
01049,-33.0310884614911,-33.0310884614911,20.0530754907367,8.48024824206816,22.7806501765581,-42.0749186046229,1,1,1,6
01051,36.8993508585452,36.8993508585452,-19.5077954404785,-7.80411951673153,-26.5999050493533,48.9012813558252,1,1,1,2
01053,-42.0843659701762,-42.0843659701762,23.0690391847792,8.31507013503082,29.3370295459068,-54.2698264896753,2,2,2,6
01055,-2.7723341406024,-2.7723341406024,3.73087590893395,0.904592374398175,2.42437330625851,-3.57620205087017,2,3,3,3
01057,90.8660288690558,90.8660288690558,-50.1280944056148,-18.9800871418977,-61.6811851807456,118.988034854503,2,2,2,8
01059,18.3176297104509,18.3176297104509,-7.72852335350959,-1.93803262614381,-12.9914886410974,24.8659507946047,1,1,1,6
01061,87.6606954349325,87.6606954349325,-46.568957468585,-16.9022117824605,-60.3996599841411,114.493266312756,2,2,2,3
01063,101.439637457863,101.439637457863,-58.0210680765942,-22.0745803403219,-67.9283852606121,131.154309757226,2,2,2,2
01065,34.8881400043375,34.8881400043375,-21.2865282179991,-7.86967610726773,-24.4245803174857,46.4540159093163,2,2,2,2
01067,49.5015363339905,49.5015363339905,-28.495656696233,-10.5166803774435,-34.8220652307822,65.5870881333867,2,2,2,3
01069,-55.1921582099738,-55.1921582099738,31.0599124954217,11.0796995683425,37.7954624241673,-71.111817317505,2,3,3,3
01071,5.27013827138776,5.27013827138776,-0.95834192180695,-0.490814849717449,-3.66098020125537,6.9095427103257,3,4,4,6
01073,-4.43330664725359,-4.43330664725359,2.62372058899049,0.639459784996891,3.41744052127838,-5.40278565760344,1,5,5,1
01075,77.4107930716192,77.4107930716192,-42.3203707081432,-16.0955184683329,-53.2028823717274,101.118068203101,2,2,2,8
01077,28.5161248745398,28.5161248745398,-14.4660317081389,-5.90112886332986,-19.5703336308088,37.9007328597193,2,3,3,3
01079,24.2820612043131,24.2820612043131,-13.553312028568,-4.87294527584694,-18.8441834537844,34.5510480488816,3,4,4,3
01081,22.2307090207599,22.2307090207599,-12.2387427359525,-4.89810214576236,-14.9121943726485,29.3342328581583,1,5,5,3
01083,-11.1395092033092,-11.1395092033092,7.05065217754173,2.57573025653943,6.39511770086465,-14.0583948506633,1,1,1,2
01085,72.7660567125012,72.7660567125012,-40.8040879969594,-15.7575879247124,-50.717077127163,94.9228259277016,2,2,2,2
01087,116.353842673319,116.353842673319,-64.2936665189791,-24.3812973786607,-78.448791658193,150.87516097799,2,2,2,3
01089,-9.45517726116248,-9.45517726116248,5.74836819313981,1.61594559677504,5.94412623750482,-12.2178363022166,1,5,5,2
01091,-29.8187521750081,-29.8187521750081,14.6887155932179,5.49272558141242,19.724310772665,-37.2263051088185,2,2,2,6
01093,32.1005116587316,32.1005116587316,-15.38919813858,-6.33939476318479,-22.2997605933789,41.5596180056184,3,4,4,9
01095,-55.097006689794,-55.097006689794,32.5179983128584,12.5691464231328,37.8340199787437,-71.8661232442596,1,1,1,4
01097,-17.0129005891687,-17.0129005891687,10.2495955561653,3.123561840741,11.8866493875033,-21.096589618061,2,3,3,2
01099,21.1502727886272,21.1502727886272,-11.9732380933385,-4.91572387092042,-14.049925082716,27.7282715000339,2,2,2,8
01101,-89.0812235429015,-89.0812235429015,48.9888743755,17.688845133197,61.9432716994553,-115.833187795875,2,2,2,2
01103,-61.5413936518295,-61.5413936518295,35.0329216355707,13.0755957360807,41.4559468661174,-79.5535855819028,1,1,1,3
01105,17.238901848596,17.238901848596,-11.373142118499,-4.64883290101183,-11.02518600768,21.2911702621096,2,2,2,8
01107,67.7451212511165,67.7451212511165,-36.8079318347503,-13.4500928116791,-46.7925254008899,87.8208744044917,2,2,2,2
01109,-23.4080192547724,-23.4080192547724,11.5697582059272,3.70128100944179,16.3456258688784,-28.712308931912,2,3,3,6
01111,53.1628909049345,53.1628909049345,-28.2827313201227,-10.7203132703407,-37.358585789449,69.6009475288595,2,2,2,8
01113,18.1677844599699,18.1677844599699,-9.28198399974937,-3.56303764018425,-12.0142534516055,24.311704896207,2,2,2,2
01115,38.427157677836,38.427157677836,-20.637124206613,-8.0590976327914,-28.0926199403012,51.0985233110335,1,1,1,1
01117,-2.15667280664253,-2.15667280664253,0.876593001795207,0.0238118341025532,-0.554428952229559,-2.49283348439297,1,1,1,1
01119,118.685793794679,118.685793794679,-66.8251110731959,-25.1034486852415,-80.1243937242277,153.963685528004,2,2,2,8
01121,-38.3641636671005,-38.3641636671005,22.4004418763539,7.44982304415296,25.2738093843965,-49.4441255413415,2,2,2,4
01123,8.17736063779402,8.17736063779402,-3.53965627210914,-1.42556127342897,-6.07745199025426,10.5736315125061,2,2,2,6
01125,32.4543475062437,32.4543475062437,-17.7267449277314,-7.40165518910615,-22.040839007451,43.8125445759355,1,5,5,2
01127,26.6656191277441,26.6656191277441,-13.5485047758471,-5.12208759461882,-19.0808645082633,35.8659503054376,3,4,4,1
01129,-25.4380475488519,-25.4380475488519,14.7863399610471,4.34483225892163,15.9904989548061,-32.5338227383244,2,2,2,8
01131,93.3475679599607,93.3475679599607,-52.1441400832641,-20.1922437355667,-63.9395325419022,121.66141659119,2,2,2,9
01133,54.706403442575,54.706403442575,-28.2548034824389,-10.1584333431281,-38.2047328272613,71.4334574390221,3,4,4,8
04001,-48.8463555911292,-48.8463555911292,28.9069818499891,10.1211513287531,37.0509628339091,-67.818862705487,4,6,6,8
04003,-29.682254678579,-29.682254678579,19.0404149061899,7.86832337370255,22.4189756122953,-43.8779235520207,4,6,6,3
04005,-2.81567838324842,-2.81567838324842,2.04039251049756,0.602721364514846,3.54207951427643,-5.3060419215108,5,7,7,3
04007,-35.3107862123311,-35.3107862123311,22.4016504313938,8.80318462725952,26.384950643714,-50.9728157286583,4,6,6,4
04009,-1.21815864392593,-1.21815864392593,1.99510385162824,0.937327334125245,2.18650554594101,-3.31103149443719,4,6,6,7
04011,-45.8532181470953,-45.8532181470953,25.0707644669657,10.344567383166,31.3832438845726,-60.2210827810738,4,6,6,9
04012,50.7002926881751,50.7002926881751,-25.8908281109284,-7.17733886051791,-34.3667251697797,62.4650214714024,4,6,6,6
04013,156.17201462196,156.17201462196,-83.8448429190491,-29.9270427535516,-105.597735593609,201.922629995827,5,7,7,1
04015,45.2014691021731,45.2014691021731,-21.1226731820639,-6.87507665146778,-29.0466473166073,54.2867113446702,4,6,6,3
04017,-15.7383068108613,-15.7383068108613,11.2916542413221,4.17955183509317,13.3472310815816,-24.1881412708566,4,6,6,4
04019,115.348120903121,115.348120903121,-60.7028679254484,-21.4922218904565,-76.7786403967248,146.765332526148,5,7,7,1
04021,136.370601994462,136.370601994462,-72.1258931253838,-25.3895229109408,-93.0049211698072,175.148412194369,4,6,6,1
04023,-28.6708186386944,-28.6708186386944,16.8962657081161,9.1961155183061,22.1320223800314,-40.7179289844797,4,6,6,6
04025,11.7422796199888,11.7422796199888,-2.89485174785846,-0.32322232222869,-6.46731599425405,9.63220258437487,4,6,6,3
04027,-38.9197968686887,-38.9197968686887,22.771567377463,11.3375912876044,27.0120853813901,-51.9458652233992,4,6,6,3
05001,17.5493693972848,17.5493693972848,-9.69530259258376,-3.95221585050166,-12.7472740443994,25.5464760730794,2,3,3,6
05003,-13.3809605363529,-13.3809605363529,7.3533818673684,2.90773781221866,9.77214001450977,-16.8875310062557,2,2,2,7
05005,-65.2205826891435,-65.2205826891435,38.9085265997146,14.0569881904739,46.7830571824391,-88.3051219645917,3,4,4,7
05007,14.7799269085624,14.7799269085624,-8.20855410022143,-1.81481099752983,-10.7215860679277,19.2735425979032,1,1,1,2
05009,-56.3310839122701,-56.3310839122701,31.9147716642024,11.274108971238,39.281783005485,-72.3571595158857,2,3,3,7
05011,94.2524449079435,94.2524449079435,-51.7250184864144,-18.0462678756481,-63.5082893630107,122.908841627658,2,2,2,7
05013,264.404376123111,264.404376123111,-144.643002278035,-52.8546568117574,-181.930682101118,344.827856585865,3,4,4,9
05015,-4.88740437635155,-4.88740437635155,5.34736525852947,3.1314229769967,4.65524998356206,-8.60139208928977,2,3,3,6
05017,86.0293505756228,86.0293505756228,-47.5051987673081,-16.54528447822,-57.3160992228016,110.956956326619,2,2,2,9
05019,31.6543502915673,31.6543502915673,-17.8324019652933,-7.1270198590617,-21.0647517121444,43.1868863093292,2,2,2,7
05021,45.0982503168647,45.0982503168647,-24.6477522395725,-9.72915375566606,-29.7830627997554,59.5249795135729,3,4,4,9
05023,8.16100227553289,8.16100227553289,-2.89115191683103,-1.06490468923449,-4.56706988051742,8.30954937841384,3,4,4,6
05025,-133.43167904538,-133.43167904538,71.0411436051729,24.6749808639875,88.8816761702244,-172.876071680574,3,4,4,8
05027,52.4751179067474,52.4751179067474,-29.4620934792701,-11.3378585179515,-35.9864398132521,69.8080379561334,2,2,2,7
05029,-4.02483429188864,-4.02483429188864,2.15264144483263,0.695022209811451,2.58044969060841,-3.88744998489316,2,2,2,6
05031,-21.635659576782,-21.635659576782,12.3259566031976,3.84098372233171,15.6006414712118,-26.4141660905841,2,3,3,3
05033,-23.4071320503557,-23.4071320503557,14.2775028435034,5.38127772616389,16.5311922376875,-30.4370568066914,2,3,3,3
05035,-0.077668167875458,-0.077668167875458,-0.775765936427209,-0.991602981931026,0.766143592973687,2.15943619054019,2,2,2,1
05037,56.843784707498,56.843784707498,-32.0542794122066,-11.5435733655713,-38.1454449524463,75.673240580199,2,2,2,6
05039,133.892832229179,133.892832229179,-74.3255858506707,-27.3076963503668,-91.174445718321,175.499166526183,2,2,2,8
05041,61.5540427166063,61.5540427166063,-35.2698189311311,-12.0185696725056,-40.4997102036239,81.065588611706,2,2,2,9
05043,14.4292886374533,14.4292886374533,-8.83760068283862,-3.16875124702553,-9.30935379217419,20.0448961775554,2,2,2,7
05045,11.2011947311431,11.2011947311431,-6.05088285380269,-2.91136904996126,-7.95070335812279,16.5308348095242,2,3,3,2
05047,14.6988704947967,14.6988704947967,-7.36941221156108,-2.74103564246727,-8.90977849683015,19.3547473949292,2,3,3,8
05049,-40.4606278998436,-40.4606278998436,22.9610856879928,7.68783302798304,28.8346812867176,-54.8727783055566,3,4,4,9
05051,5.26641450181394,5.26641450181394,-0.648821874969177,-0.350701489665637,-2.75967845854546,5.3790769437707,3,4,4,3
05053,36.1682638838286,36.1682638838286,-19.5023615170324,-8.12258625785049,-26.0924470969031,47.8896102010782,3,4,4,2
05055,3.72810018873445,3.72810018873445,-1.18722236240432,-1.27134141670496,-2.03191518199485,6.55808026656594,2,3,3,4
05057,-21.4970741030038,-21.4970741030038,12.7055749383006,5.7516272070215,14.7982503482199,-27.7771689709332,2,3,3,6
05059,-9.70940324183213,-9.70940324183213,5.9973250356553,1.96449674027245,6.07334930386068,-11.9159816959166,3,4,4,6
05061,54.815338822689,54.815338822689,-28.822759254092,-10.1718861547425,-37.5257506829005,72.2012856591128,2,3,3,8
05063,-62.7458377345462,-62.7458377345462,34.9624719438684,12.9518475721929,42.8800393411234,-79.5639099746141,2,3,3,7
05065,41.858647905635,41.858647905635,-21.2625354229821,-7.84491687553326,-25.4351433916515,50.4523762237299,3,4,4,9
05067,23.3290022301876,23.3290022301876,-12.6798619527662,-4.81911264297124,-14.0631162880933,30.4581608641691,2,2,2,6
05069,-52.0515301420291,-52.0515301420291,29.2190297646389,9.62011598125403,35.9849656286068,-67.4221351927589,2,2,2,4
05071,-6.36946161651381,-6.36946161651381,5.93973478888114,2.8582157932498,5.765375928739,-8.94192976314196,2,3,3,7
05073,-127.079893116097,-127.079893116097,66.7608048902326,24.6402893973635,85.6720510567484,-164.232509152443,2,2,2,8
05075,39.2678702890325,39.2678702890325,-21.5689719012733,-8.26666206123609,-25.1615776490716,51.9429378245715,3,4,4,6
05077,74.2504921017397,74.2504921017397,-41.5541985053565,-15.6243639004661,-46.3203788765923,92.1714901458144,2,2,2,8
05079,33.272383882222,33.272383882222,-17.9458292844212,-5.79244634857899,-22.9155489295292,41.839807398877,2,2,2,9
05081,56.9185650219156,56.9185650219156,-31.3071324658437,-12.5052098819436,-39.6546343670148,74.653805798139,2,2,2,3
05083,45.0428303829761,45.0428303829761,-23.177948596927,-9.08494897666923,-30.5098602785149,59.0434012895758,3,4,4,8
05085,64.5713471044713,64.5713471044713,-34.6112189788351,-13.0104359988092,-44.9457929778972,85.5964267659123,1,1,1,2
05087,55.6744545547689,55.6744545547689,-29.8370335407408,-10.5910545245775,-38.8771738082173,73.8252384100819,3,4,4,2
05089,42.945158199387,42.945158199387,-20.9711137409906,-7.57119291746202,-28.0905514171607,52.4237217849287,3,4,4,9
05091,7.57044885552209,7.57044885552209,-4.11452555459753,-2.12330160177728,-3.91901482599609,10.5495628259644,2,2,2,3
05093,-100.128839864625,-100.128839864625,54.835420502146,19.4283983962131,68.9030640393538,-127.666475718562,2,2,2,4
05095,52.4418361526335,52.4418361526335,-30.7774077338959,-10.9448706225845,-35.1377742246325,69.1493512339388,2,2,2,9
05097,-34.8116731287475,-34.8116731287475,18.884925695702,7.12508344826976,24.2138612075707,-48.2954189754963,2,2,2,8
05099,28.2136481124801,28.2136481124801,-16.3405685130398,-6.75681673589571,-19.776877827037,37.3512347047909,2,2,2,9
05101,-125.710926089582,-125.710926089582,68.3560282997987,24.3587267716151,85.4882523729487,-164.236172499747,3,4,4,9
05103,-18.4724812063684,-18.4724812063684,9.6982515597799,3.26145583199822,13.0802605613724,-23.7471702295303,2,2,2,7
05105,-162.926971917317,-162.926971917317,87.8199288750202,31.6659724381483,109.405403781969,-211.612936708612,3,4,4,2
05107,30.737709405091,30.737709405091,-17.9825687392458,-6.81756190332768,-17.9976195940264,39.9616558117524,2,2,2,7
05109,43.3696596124669,43.3696596124669,-24.3037544090135,-8.26361524009817,-28.9826624321179,55.9146267206768,2,3,3,9
05111,41.485743819098,41.485743819098,-22.4229311705846,-8.77662160456809,-27.7114315533481,55.928667538202,2,2,2,3
05113,50.5104191996455,50.5104191996455,-26.1327571333673,-8.98719873259992,-33.1556975862474,65.4232728878409,2,3,3,7
05115,-58.6537155992396,-58.6537155992396,33.3843077089192,12.5108946244514,41.0730163821863,-75.9060043721491,2,3,3,5
05117,-0.482424811980223,-0.482424811980223,-1.7229841036599,-0.573748174551549,-0.698044403057349,1.73281860903057,3,4,4,8
05119,-32.2058969854437,-32.2058969854437,17.9728617122842,6.49605540097322,22.708548618569,-41.4499341064119,1,5,5,2
05121,27.5393765909468,27.5393765909468,-13.559267546547,-5.23365629583413,-17.1244487418803,35.4973129031235,3,4,4,7
05123,-27.671997131438,-27.671997131438,15.0598540233539,5.16390147677977,21.2578423518706,-36.8423745209911,2,2,2,6
05125,92.3846360540959,92.3846360540959,-49.5603500016388,-18.3278553126119,-64.8449966793869,121.405818309264,1,1,1,2
05127,74.5931617922226,74.5931617922226,-39.3698601512106,-13.7759766898585,-50.098725911215,96.3936002334072,2,3,3,8
05129,-3.64068282920735,-3.64068282920735,2.43752524057655,0.610733913711384,4.04061696448503,-6.54687988993431,2,3,3,9
05131,-63.6635936429755,-63.6635936429755,36.2655663284617,14.00204977975,44.8239090692052,-82.470327681647,2,3,3,3
05133,18.0370228618095,18.0370228618095,-10.4024023993617,-1.35439045725765,-13.1964746359543,25.9347640435461,4,6,6,6
05135,25.5482546498653,25.5482546498653,-11.7384805044224,-4.53730984028749,-15.5941907677088,31.0590975199989,3,4,4,9
05137,73.2178027671396,73.2178027671396,-38.1763215771717,-13.948855155473,-47.3284343759023,91.5387594602811,3,4,4,9
05139,-75.0707023115294,-75.0707023115294,40.5873339829505,14.9188582350317,50.7743202049648,-96.4393208836934,2,2,2,7
05141,-26.6127220290071,-26.6127220290071,15.6750100467562,5.75457448747523,19.738852808658,-37.1339966230295,3,4,4,8
05143,-9.79627070037729,-9.79627070037729,5.3676862750061,2.73099242484747,7.45419683068013,-11.1117284022324,1,5,5,2
05145,-8.99128928852378,-8.99128928852378,5.50785583920019,1.7817067233351,6.54673163876775,-9.87408692685016,2,3,3,4
05147,88.7350187835712,88.7350187835712,-51.6054059228155,-18.9715497892542,-60.1925564571563,117.786021339693,2,2,2,9
05149,12.3728977563928,12.3728977563928,-5.16620477770767,-0.748592705801814,-8.88003717605068,17.4679890916822,4,6,6,9
06005,-57.9270173352612,-57.9270173352612,34.135740021849,12.5130173576277,40.452817103155,-81.5098514348518,5,7,7,6
06007,7.55135617335111,7.55135617335111,-2.63130411933622,-1.16948873150022,-2.6162184764265,7.14011009279539,5,7,7,3
06009,-35.6656685426767,-35.6656685426767,21.6766250880294,8.12856747989038,25.5660724389026,-51.9383268616285,5,7,7,6
06011,-32.4626103518226,-32.4626103518226,17.1404411516574,9.10371158999988,23.2312806587487,-43.3180315233852,5,7,7,6
06013,82.5853412435783,82.5853412435783,-45.0203787439303,-16.3087344336928,-56.7182270333573,103.588284598694,5,7,7,1
06015,-7.36006735206217,-7.36006735206217,5.63255499787193,2.63065304283333,6.46338280416719,-13.3366801120023,5,7,7,7
06017,-9.78430700681169,-9.78430700681169,6.38983276505384,2.18095298126893,7.19407750063944,-17.9247228998151,5,7,7,1
06019,18.1332643332065,18.1332643332065,-8.65785290439461,-1.7778868470776,-10.0766561699194,22.6175758452612,5,7,7,1
06021,-26.1339122801341,-26.1339122801341,14.2827565553574,7.2002771715379,18.8248370760185,-34.2558365529408,5,7,7,6
06023,-31.7313224043858,-31.7313224043858,19.2867447851921,6.690161757886,25.0371198879174,-44.3756167631971,5,7,7,5
06025,-121.277074767796,-121.277074767796,67.463106731164,27.4375452653318,85.6564111249976,-159.788074442688,5,7,7,3
06027,7.4728959958717,7.4728959958717,-4.23303062063954,-0.416175576697675,-4.66281091021316,7.57072500668133,5,7,7,6
06029,18.4596999890297,18.4596999890297,-8.76386126397279,-1.67838086865981,-10.5214892610487,23.0185531335585,5,7,7,2
06031,-77.4850364563618,-77.4850364563618,43.7558967187681,17.5024754067341,55.2814362901785,-103.436093674325,5,7,7,3
06033,-28.2231694875721,-28.2231694875721,18.6837828470667,7.15954193568893,21.3662631745861,-41.8924963058877,5,7,7,4
06035,-24.4187757781148,-24.4187757781148,16.3973044834129,6.59236846261805,18.0580471290689,-37.1806074522578,5,7,7,7
06037,-45.4678222965252,-45.4678222965252,25.3778160856272,9.87187142201034,32.4098574454606,-61.5359525768705,5,7,7,1
06039,-87.2582487977044,-87.2582487977044,48.978729318851,19.6197192267959,61.6444534089422,-115.624101276951,5,7,7,1
06043,16.4404916875404,16.4404916875404,-7.46882134995908,-2.04957641525051,-10.4095532531622,17.5106499772101,5,7,7,8
06045,-38.0339873088239,-38.0339873088239,23.124752431504,9.18263574350575,28.809174475128,-53.9788048536181,5,7,7,4
06047,-19.6646365316413,-19.6646365316413,12.073842790993,6.14356963369224,15.6631653055345,-26.483499671879,5,7,7,2
06049,114.641844907074,114.641844907074,-62.1640026095943,-21.2970039507285,-75.0586152091077,143.703612215375,5,7,7,8
06051,48.6745798821131,48.6745798821131,-27.4829998100113,-9.31333626832998,-34.6445224662565,63.1437800644532,5,7,7,7
06053,-67.8006269973339,-67.8006269973339,37.8509229733843,15.6415085050839,47.2654844990888,-90.2797588376783,5,7,7,2
06055,-113.467210845944,-113.467210845944,61.9957515771871,23.5432039739811,77.4577806961234,-150.676791480554,5,7,7,3
06057,-67.163021562748,-67.163021562748,38.4640923816702,13.9695977925093,47.6471699936784,-92.7876135675481,5,7,7,4
06059,35.3534709141081,35.3534709141081,-19.6218685475145,-6.53635468977089,-23.2855900314645,43.1291810878263,5,7,7,1
06061,-31.045802800562,-31.045802800562,17.9638538898895,6.33189976849089,21.8151835318911,-44.9279149198826,5,7,7,1
06063,5.3198727230556,5.3198727230556,-1.17282955096123,0.133465027343169,-0.796445250290786,0.514967075985242,5,7,7,9
06065,127.201695613903,127.201695613903,-67.9218032062761,-23.6845453272254,-86.3650002774916,163.707863883108,5,7,7,1
06067,44.3092763984996,44.3092763984996,-23.1948726176749,-8.34490327350579,-29.1722323967304,55.86325951446,5,7,7,1
06069,-41.7526306770567,-41.7526306770567,21.9674577802893,9.32094720515677,27.7787741646944,-55.493618857626,5,7,7,1
06071,63.3464015976511,63.3464015976511,-33.146436146047,-11.1355963806546,-42.2216864366257,81.1951015537464,5,7,7,1
06073,82.0980714630948,82.0980714630948,-44.468279352339,-15.9355166366624,-54.5594182433835,103.639442962387,5,7,7,1
06077,6.15329204514728,6.15329204514728,-2.41301309550542,0.239433825108403,-3.33651109509288,6.62443217489778,5,7,7,2
06079,-17.3461891531061,-17.3461891531061,10.4467175688593,3.93827830608227,13.46874436312,-26.8200246537677,5,7,7,2
06083,-6.11191687719144,-6.11191687719144,3.10367651897588,2.30579164563036,5.79399813974648,-10.7159163207707,5,7,7,2
06087,7.49314641670144,7.49314641670144,-4.18274090712564,-1.06033447803126,-3.78109520609073,6.01921598806571,5,7,7,2
06089,-35.0967186453106,-35.0967186453106,21.4466303051604,7.39611733141308,26.2260778733931,-49.3438540868191,5,7,7,3
06091,-189.936540501284,-189.936540501284,103.401606758913,38.0909153660915,131.962440573558,-254.219520313657,5,7,7,8
06093,-44.0490428238742,-44.0490428238742,26.3969894294312,9.84836228237578,32.6270359926659,-62.0327123450966,5,7,7,7
06095,5.95604605026751,5.95604605026751,-2.51539316831518,-0.624045433609104,-3.65002444271487,5.06402327200766,5,7,7,2
06097,22.5883549328229,22.5883549328229,-11.6247695289682,-3.78017199504885,-14.4955161540591,25.9483304719525,5,7,7,2
06099,-4.00366697356374,-4.00366697356374,3.65381523728731,2.44561961398506,4.08599482115691,-6.58795767236528,5,7,7,2
06101,-58.4569539954222,-58.4569539954222,32.3030246391308,13.2059399850685,41.3184296894257,-77.6599755075382,5,7,7,3
06103,-47.0964328558553,-47.0964328558553,27.1823740768185,10.7998169358995,33.6160168331284,-63.9185251570961,5,7,7,4
06105,38.2245778679107,38.2245778679107,-19.5212068547585,-7.23913587836131,-22.3847822221701,43.7035773483859,5,7,7,8
06107,-16.6438432239542,-16.6438432239542,10.6872253832728,5.76151675289978,13.5051237803612,-22.2970294079471,5,7,7,2
06109,-66.9625813069427,-66.9625813069427,39.3703623268175,14.1384925105028,47.634369859234,-93.1639156126508,5,7,7,4
06111,17.5790544567874,17.5790544567874,-9.33110584292809,-2.44877268102366,-11.2511315946855,20.0346052079232,5,7,7,2
06113,-57.6983015294246,-57.6983015294246,30.946775403598,11.4393106547114,41.4372354303282,-77.7362351500725,5,7,7,1
06115,-21.2747485654033,-21.2747485654033,12.495953107942,4.67176364241739,15.5415549709517,-29.5139758042812,5,7,7,3
08001,16.7482304776419,16.7482304776419,-9.54698375011699,-2.79485948592747,-12.3839818706821,23.6686149881101,5,7,7,1
08003,17.6372019529359,17.6372019529359,-10.3720620855546,-2.84825031118033,-10.5738379480525,23.1939595259641,4,6,6,7
08005,21.1565856077492,21.1565856077492,-12.1655481533812,-4.4125436017865,-15.1048152901296,27.1793340517098,5,7,7,1
08007,12.4522715078761,12.4522715078761,-5.78614060055591,-0.97507943936698,-7.58077607445046,10.9583499599441,5,7,7,7
08009,-10.4219510367736,-10.4219510367736,3.91590447964634,2.6882196640327,8.71948874391072,-14.4781512125497,4,6,6,9
08011,-41.4668511442653,-41.4668511442653,22.9480910347784,9.42066385117318,32.099391219872,-60.6062543829167,4,6,6,9
08013,-22.2269510023771,-22.2269510023771,11.9092222749725,3.55667572531033,16.7038850004012,-32.9641394700026,5,7,7,2
08015,-28.4311577408297,-28.4311577408297,16.4346313298556,6.33563237365831,20.3695465477258,-41.5777784490934,5,7,7,6
08019,31.928452323959,31.928452323959,-18.7636767296185,-6.96873184232993,-21.9812277561662,38.1854410841662,5,7,7,1
08021,-14.3043574594522,-14.3043574594522,7.30687746701215,4.19228804034069,9.82968762306333,-19.4176109151878,4,6,6,9
08023,-6.51362456146799,-6.51362456146799,3.7657143059659,3.46006420721917,7.05976572431221,-14.7270765570519,4,6,6,9
08025,35.1067508841039,35.1067508841039,-17.9029082537956,-5.46252510246658,-21.1116518086877,38.7015411739058,4,6,6,8
08027,-155.803858844417,-155.803858844417,84.8972254527926,31.1151262029537,107.111472753721,-209.863859544047,5,7,7,8
08029,-20.672986358596,-20.672986358596,13.2642889137741,5.54466975479055,15.9265583627495,-30.8483854008687,4,6,6,6
08031,22.6926002450779,22.6926002450779,-14.4716071236311,-5.28726716840433,-15.1514198783043,30.6968412201118,5,7,7,1
08033,-271.330053972647,-271.330053972647,144.95835184399,51.9501194666497,183.780978743357,-354.612996192297,5,7,7,9
08035,45.0623287027303,45.0623287027303,-25.4596101684825,-10.3972254547736,-31.9573862858449,55.7412306301644,5,7,7,1
08037,-64.3918962819984,-64.3918962819984,33.180904504,12.7551403835007,42.7902271493805,-84.5776953951254,5,7,7,5
08039,19.2413320855938,19.2413320855938,-11.3667822397618,-4.8893403781511,-15.4331532258641,22.3974796229664,5,7,7,1
08041,74.2048868506657,74.2048868506657,-39.2804220926094,-14.6358760077113,-49.6165410305476,94.6668681448484,5,7,7,2
08043,-52.4038401692573,-52.4038401692573,31.4844478447306,11.5083792482771,37.1511065310241,-72.9628989517175,4,6,6,4
08045,-43.1968687876693,-43.1968687876693,22.6909644796146,9.30851789185308,28.0367978053125,-55.5086873179676,5,7,7,5
08047,184.724869626987,184.724869626987,-100.543671168835,-37.5034663415624,-126.863065810051,236.743001461839,5,7,7,1
08049,17.7490701115105,17.7490701115105,-10.6645497439907,-3.70311003902987,-13.1685458464519,22.3908844629299,5,7,7,9
08051,-32.7733090058295,-32.7733090058295,16.4208263196934,5.43236723349024,22.6352652869344,-43.4871462183669,5,7,7,7
08055,96.7618131323001,96.7618131323001,-51.153336608503,-17.6306652382221,-61.4743532801588,117.142430246645,4,6,6,8
08059,84.3980448568557,84.3980448568557,-45.9714474646952,-17.524041435877,-57.5267734625948,107.699569323991,5,7,7,1
08061,-271.99317620526,-271.99317620526,143.240871859993,53.5163125299067,185.105355011529,-353.89124051845,6,8,8,9
08063,84.628750212305,84.628750212305,-47.9943529663576,-15.7193046275084,-57.4515641670409,110.661092882872,5,7,7,9
08065,16.4691485679046,16.4691485679046,-10.522988726731,-3.0959687358613,-12.0682182459283,20.9431596721997,5,7,7,9
08067,-40.1114175645699,-40.1114175645699,21.5425135989699,7.84779357453421,27.8012402035171,-54.4930385258313,5,7,7,6
08069,40.9236317011592,40.9236317011592,-21.9593567808015,-8.82169510461584,-26.7032559032591,50.5786113346487,5,7,7,2
08071,43.1754747204151,43.1754747204151,-22.1541122686307,-7.08201076251146,-26.7543045698907,51.740890336006,4,6,6,7
08073,128.271754288485,128.271754288485,-70.4865823391358,-24.5527222390162,-86.3264176514089,163.740442926263,5,7,7,8
08075,-10.8223172159853,-10.8223172159853,5.77592596363599,2.98737494970387,8.4371113311357,-14.2964006280108,5,7,7,6
08077,-13.6009961238932,-13.6009961238932,9.10768060652991,3.20465229146911,10.6127643810307,-19.5579943187113,5,7,7,3
08081,51.1956864757079,51.1956864757079,-29.6735530437936,-10.1645954350512,-35.6417698968253,67.9209714258855,5,7,7,7
08083,10.6165584166606,10.6165584166606,-4.97717892251073,-1.28809843371975,-6.16809417102201,11.0063932933555,4,6,6,6
08085,-43.8510561651121,-43.8510561651121,25.1709043863115,10.0732642661075,30.3238347647071,-59.0265751733852,4,6,6,5
08087,-69.609479429249,-69.609479429249,37.8943462004953,15.3289143847089,47.3169348890224,-90.1623209544693,4,6,6,6
08089,22.6387255224256,22.6387255224256,-11.4467287119597,-3.24082179784296,-12.5492238452081,26.5014970724308,4,6,6,6
08091,44.4706729847109,44.4706729847109,-25.5457374442941,-8.34428084522662,-29.9391414689844,52.7945535131782,5,7,7,9
08093,-13.2884218040007,-13.2884218040007,7.28423637640494,2.2423692529388,7.43316745815405,-20.6236544487486,5,7,7,1
08095,78.1348080214432,78.1348080214432,-44.4102369339069,-14.0811172337898,-52.0188022170013,101.445046240452,5,7,7,9
08097,-94.9203103623993,-94.9203103623993,49.4276615290193,18.4536919840351,64.2129354771004,-126.51273783457,5,7,7,7
08099,30.4023261033835,30.4023261033835,-17.1802572657957,-4.18382020856513,-19.556768926971,39.4531001431329,4,6,6,7
08101,-16.8668930340317,-16.8668930340317,11.7313445370854,4.54388780474228,13.7535266131088,-25.4044058858558,4,6,6,3
08103,75.9985736747777,75.9985736747777,-42.9685952669573,-14.6537284320613,-51.0584648546959,98.578898211536,5,7,7,9
08105,85.6062365514751,85.6062365514751,-47.2525919853448,-15.7731278512142,-56.306557875729,108.385324581776,4,6,6,9
08107,-60.9768017113563,-60.9768017113563,31.2908663516216,11.7631488210067,40.2649573655187,-80.4966260068134,5,7,7,7
08109,31.2184483943796,31.2184483943796,-16.8145863936392,-4.45527120681463,-19.347711794424,36.4836420587258,4,6,6,9
08113,-44.1962666470289,-44.1962666470289,21.7076094808456,8.3897766453783,29.5678442899748,-57.4875284058024,5,7,7,9
08115,-110.827809845906,-110.827809845906,57.3887957834594,21.9673401591965,77.091673893202,-145.510232077774,5,7,7,9
08117,-20.3868351693819,-20.3868351693819,9.6145415675862,3.01565743417468,12.5271677926983,-27.2505286402495,5,7,7,5
08119,-43.8860245767145,-43.8860245767145,25.1366306817013,8.94926988399941,29.9321591706147,-61.1076350352838,5,7,7,2
08121,-16.6311621085729,-16.6311621085729,7.57172635837507,3.50324839949221,10.52198867583,-22.6729656368877,5,7,7,9
08123,58.0972550053706,58.0972550053706,-31.8102427310623,-11.1279705341356,-40.1617848800557,75.8695284499485,5,7,7,2
08125,15.1459267716517,15.1459267716517,-9.84503709017624,-0.984639206188868,-9.9164853958506,20.3304843068869,5,7,7,9
10001,-15.4347713842551,-15.4347713842551,9.45083596473163,3.12629798362095,9.67629271159162,-19.376850788145,1,1,1,3
10003,19.8031278810144,19.8031278810144,-10.5995951426221,-4.35557830339374,-14.1413489747036,25.9648983524216,1,5,9,1
10005,8.63360221487079,8.63360221487079,-2.22955800618434,-0.56483110107739,-6.51080348013467,8.92640529135151,1,1,1,4
11001,12.6209507986004,12.6209507986004,-9.91644427722039,-5.29531322797338,-8.53852759516021,16.4101531844194,1,5,9,1
12001,32.954004876275,32.954004876275,-17.6863035964467,-7.17331665047954,-20.7709264062056,41.5912158258766,1,5,5,2
12003,4.15601592078833,4.15601592078833,-2.61004308370129,-1.40240498188101,-5.39976485614516,7.08501771826476,1,1,1,1
12005,-2.31616687827095,-2.31616687827095,1.96885097466778,0.830198195468484,1.0484965162581,-2.53717647030468,1,1,1,3
12007,11.4513597415994,11.4513597415994,-5.8846194445515,-2.28336435258438,-8.69947569383826,14.1275095845112,2,2,2,6
12009,55.5426506431108,55.5426506431108,-28.0218537750094,-10.2095459255279,-37.4067374260842,69.2740873325878,1,1,1,2
12011,87.3474960143316,87.3474960143316,-47.5968063015171,-16.3572211277781,-59.9655261056818,113.004675531271,1,5,5,1
12013,33.6674887116862,33.6674887116862,-17.7303082403904,-5.8907461644805,-22.8166093292718,42.2087921801551,2,2,2,8
12015,-15.1327579445548,-15.1327579445548,12.4279622545918,4.97744016653987,10.8951716553549,-25.7495669951902,1,1,1,3
12017,36.8849418231822,36.8849418231822,-15.6949151452341,-5.68004249017599,-23.6583595472755,41.600574030112,1,1,1,3
12019,58.1277601751248,58.1277601751248,-30.4425038247561,-11.2912732887866,-40.9104325706792,75.2512528469091,1,1,1,1
12021,-5.77420126854761,-5.77420126854761,4.35245402315917,3.4311705644374,3.86645948062317,-12.8385850415161,1,1,1,2
12023,-33.3969389279535,-33.3969389279535,18.9616654350624,7.11747348646083,21.5074716824155,-42.5908110981443,2,2,2,4
12027,-5.82029514875688,-5.82029514875688,4.02863180151968,3.57555205087243,3.69217683276296,-8.05732651255638,2,2,2,6
12029,88.844300428428,88.844300428428,-48.0641600112575,-17.2558361576476,-61.5604096798089,114.600526239665,2,2,2,8
12031,42.5618689907838,42.5618689907838,-22.8037545891892,-8.32247275569796,-28.3852317196809,55.5697837578202,1,5,5,1
12033,-7.87621585315004,-7.87621585315004,5.80886371342203,1.64401939960702,6.66659723738677,-11.8809795911705,2,3,3,2
12035,23.1188728827182,23.1188728827182,-9.68958347668424,-3.00286368532159,-15.4052256030428,24.9108840514804,1,1,1,2
12037,88.3029722080713,88.3029722080713,-47.1495323106697,-16.0966477168903,-59.4124219785977,111.1018361734,1,1,1,8
12039,-58.3176673013462,-58.3176673013462,32.064785102271,12.6961022548914,40.0131528049476,-76.7399743726108,2,2,2,2
12041,41.0601354908452,41.0601354908452,-22.8901894514708,-7.68710862514078,-31.0713122818112,54.2159387232087,2,2,2,2
12043,-17.4724780674114,-17.4724780674114,8.9723431647872,5.80221364417833,9.109191851487,-24.0849545754181,2,2,2,8
12045,-11.9443512701691,-11.9443512701691,7.35401415431698,3.81411708725974,8.2467867080482,-18.7553003508812,1,1,1,8
12047,86.5182699533598,86.5182699533598,-46.8305948193068,-16.2896519764662,-59.5610177418014,110.267914728273,2,2,2,8
12049,10.1242610215846,10.1242610215846,-5.71893439394844,-0.181369585955453,-6.91103674808634,13.226577653648,2,2,2,6
12051,-64.9022996112271,-64.9022996112271,35.2879855080144,15.9044390390624,42.6156875120404,-82.7953204126084,2,2,2,4
12053,12.8707779798722,12.8707779798722,-3.53598212553378,-0.846885990604667,-8.21401407464759,13.3676877080251,1,1,1,1
12055,-19.2122896265689,-19.2122896265689,14.1357178614284,6.45168942259681,13.4332512300737,-29.2897368950049,1,1,1,3
12057,56.7983130705084,56.7983130705084,-30.5296202999611,-10.4461942720686,-38.5118666975381,73.5125890649142,1,5,5,1
12059,32.364273572496,32.364273572496,-17.2009376430017,-6.17470390873936,-23.1882804628941,42.4199614023219,2,2,2,8
12061,-20.9782202672854,-20.9782202672854,13.6163612329768,6.1037303421957,14.72217382296,-32.3592010270887,1,1,1,3
12063,-55.0814230934645,-55.0814230934645,31.5124488810681,11.4721863034437,37.734890751432,-72.7206001272033,2,2,2,6
12065,58.5545492823935,58.5545492823935,-33.0711139809615,-11.4136542179206,-40.5597975093417,75.5717302403554,2,2,2,2
12067,28.0697937274873,28.0697937274873,-16.5910790751787,-4.60874486943289,-20.34635127528,36.1132026409825,2,2,2,9
12069,62.4037091234317,62.4037091234317,-31.4316424102856,-10.7501765961603,-43.0198222210515,78.8208818959708,1,1,1,1
12071,70.3328204694674,70.3328204694674,-35.8872695213461,-12.0259812563066,-47.7557229143231,87.6342002985601,1,1,1,2
12073,26.8502187727827,26.8502187727827,-15.3751743274049,-6.45655947311099,-17.4434972237272,35.5469164094821,1,5,5,2
12075,61.1866399126398,61.1866399126398,-32.9568055858576,-11.4446342354569,-43.6129364825246,79.6734971616341,2,2,2,2
12077,1.43867573726756,1.43867573726756,-1.47683378982271,0.102281050932622,-2.12684432776802,1.09911922182764,2,2,2,8
12079,7.49396401412205,7.49396401412205,-3.98531485914411,-0.660007051986765,-5.51813319333428,8.09554164629236,2,2,2,8
12081,51.5490516533667,51.5490516533667,-26.4096944420411,-8.64953796063969,-35.5507246545576,64.5046128801808,1,1,1,2
12083,60.1723941791737,60.1723941791737,-29.6538537924774,-10.0940345216252,-40.5663161379701,75.5063044845624,1,1,1,2
12085,-79.0475378920214,-79.0475378920214,44.7300718536946,17.3130860315377,54.1222699100008,-107.90793584152,1,1,1,2
12086,-11.5417579216109,-11.5417579216109,6.51520754217314,4.24351768673084,8.5447548180042,-16.3696443203036,1,5,5,1
12087,-78.8323657067513,-78.8323657067513,44.3802518411916,17.5032345607694,53.1876263388927,-105.710152933215,1,1,1,4
12089,21.151709525701,21.151709525701,-10.9199389141121,-4.13098590154922,-15.8107255092827,25.5887139862911,1,1,1,1
12091,-13.5631939439968,-13.5631939439968,8.68311818946729,2.92775976500553,9.34062954678213,-19.3648388050516,1,1,1,2
12093,-42.8416302920156,-42.8416302920156,23.9930607690492,10.5809504934185,28.0727232703851,-55.3089037343141,2,2,2,4
12095,-9.71291690187427,-9.71291690187427,5.45861092661727,2.68902260120562,6.91364690439585,-12.2393095041869,1,5,5,1
12097,69.3921201929754,69.3921201929754,-36.8355909025178,-12.2018855702275,-47.5672246035811,90.175894088882,1,5,5,1
12099,92.6763676058359,92.6763676058359,-49.8323552385502,-16.8539003441311,-63.1635747396056,117.376489368657,1,1,1,1
12101,165.9644344763,165.9644344763,-88.3639116537775,-31.6555467589224,-113.310989222603,214.413856511449,1,1,1,1
12103,56.1673755262696,56.1673755262696,-29.1883726740313,-10.5050041623029,-37.8313712022885,70.8573416155738,1,1,1,1
12105,115.82143873183,115.82143873183,-61.5749973035076,-21.4684796038658,-79.3296382088222,150.990517586186,1,1,1,2
12107,28.4166254927568,28.4166254927568,-14.3116785421423,-4.63338236796356,-19.9690323089011,36.437768649853,2,2,2,4
12109,58.9002041189788,58.9002041189788,-31.1295009619174,-11.5008642942839,-40.8292237544107,72.7164101968976,1,1,1,1
12111,74.1492931985512,74.1492931985512,-38.198146435078,-12.9698213366649,-50.4732444834017,93.7429152889147,1,1,1,2
12113,67.8844297532058,67.8844297532058,-35.6649429068584,-13.4063849165731,-46.5913704921253,86.1405799642704,1,1,1,2
12115,-1.4482382894395,-1.4482382894395,3.57099417751787,1.98722990632488,1.54532214599297,-7.79957113978856,1,1,1,2
12117,18.9541504200666,18.9541504200666,-10.062840710011,-3.38817590233745,-13.2674238274518,24.2534661955119,1,1,1,1
12119,-106.84879241329,-106.84879241329,63.7812481616493,23.843224759917,74.5524630039587,-150.066500823985,1,1,1,3
12121,-1.4441536190496,-1.4441536190496,1.20951538708008,1.3339780071031,-1.2568579764925,-0.0955805291829529,2,2,2,6
12123,49.7772045138879,49.7772045138879,-27.0698335326076,-9.71093259123787,-35.2978260591783,64.0474178180159,2,2,2,6
12125,39.1690483974622,39.1690483974622,-20.738332655453,-7.80118399722324,-28.4273531444481,49.1895900131111,2,2,2,8
12127,90.2225983067586,90.2225983067586,-46.4930897054655,-16.7168993769886,-60.8818810405083,114.508292986068,1,1,1,2
12129,28.0395466647773,28.0395466647773,-15.9501458988344,-5.88309780493085,-22.2624880267593,38.0258132702325,1,1,1,2
12131,-36.7544842459403,-36.7544842459403,20.5526165128287,7.99724708855996,23.9186523636495,-49.395097922301,1,1,1,2
12133,-5.09608846275614,-5.09608846275614,3.51274177454762,1.34735659677583,1.84119651530914,-6.63121210187801,2,2,2,3
13001,-21.221546703281,-21.221546703281,10.7310042393796,5.06977160208773,12.3911551687183,-24.8450446166042,2,2,2,7
13003,97.9042348350041,97.9042348350041,-55.1345797766061,-17.6912808298678,-70.0954488889674,132.152555034333,2,2,2,9
13005,26.4861547720364,26.4861547720364,-15.6360059959337,-4.82328498647738,-18.4492190196716,36.46766068953,2,2,2,9
13007,-514.072242375782,-514.072242375782,275.899227385093,99.8693144698207,348.907244776554,-671.705728270452,2,2,2,8
13009,-5.48726594127774,-5.48726594127774,3.37320274661217,0.557592111311119,4.36193760247602,-8.75890133059016,2,2,2,4
13011,29.44331924376,29.44331924376,-16.7249643164735,-5.29244069122823,-22.2016947968597,40.9643560542234,1,1,1,8
13013,-12.9247387063985,-12.9247387063985,7.47950247774719,3.20266016368482,6.745636566888,-14.3283729431015,1,1,1,1
13015,-65.4988683619919,-65.4988683619919,36.6999140400264,13.3098564532844,43.0742346670704,-83.2414181369408,1,1,1,1
13017,44.451577297037,44.451577297037,-24.8937711764989,-8.88375278596744,-30.6100311149813,60.1472667790961,2,2,2,7
13019,83.618305782813,83.618305782813,-45.8950105080632,-16.6371612662152,-58.4065479260205,110.429457916444,2,2,2,8
13021,-51.1495321824397,-51.1495321824397,28.5490257753279,9.76562753238839,36.7073328969518,-66.7432962506643,2,2,2,3
13023,111.275443679796,111.275443679796,-62.0492656569009,-23.0759590570715,-76.8266182793777,145.641665229544,2,2,2,6
13025,53.2139826190277,53.2139826190277,-30.3417745261561,-11.3624488119329,-39.0962796200945,71.7773665312535,2,2,2,3
13027,88.5743146175958,88.5743146175958,-50.062794381626,-17.837551390829,-60.6977693387969,115.949856054796,2,2,2,3
13029,-8.6871944579432,-8.6871944579432,4.35123395247696,1.51575489381144,4.07320031338185,-10.1111793061765,1,1,1,2
13031,25.5734007260559,25.5734007260559,-14.4977647614256,-6.0486095439495,-16.5142790402592,34.4522965771858,1,5,5,4
13033,37.4374625115439,37.4374625115439,-22.3608450799667,-8.99702188612426,-28.3953577979012,51.4957828453892,2,2,2,2
13035,5.74479807835451,5.74479807835451,-2.81552112691992,-1.45342950535246,-4.84605135209645,8.3228469943547,2,2,2,1
13037,37.8670406639228,37.8670406639228,-20.9491966052468,-6.81873314628666,-24.2469902365657,45.6140209590568,2,2,2,8
13039,-31.8346950384551,-31.8346950384551,18.2560770985004,6.06231858804218,22.1099226304895,-42.5888596355427,1,1,1,4
13043,-7.08897548436154,-7.08897548436154,2.8557026786592,2.79994506002068,3.5503343405352,-6.75091451294415,2,2,2,9
13045,4.65748062597813,4.65748062597813,-1.96660721408976,-0.923832265633368,-4.06548452104363,7.1242112049716,1,1,1,1
13047,68.1354586890334,68.1354586890334,-36.2696734247332,-13.8402085116266,-47.2279345592558,89.2122396082982,1,1,1,2
13049,14.2865543101634,14.2865543101634,-8.82692425492116,-2.78182434210704,-11.0751462655268,19.25926428656,2,2,2,8
13051,-27.540863189006,-27.540863189006,15.2160656726459,5.44239708196083,19.2105275610854,-35.852829978583,1,5,5,2
13053,70.8714720248511,70.8714720248511,-38.7145234664976,-15.3078679562202,-42.3252093893014,84.6495963936302,1,5,5,2
13055,40.2015704036246,40.2015704036246,-20.5002838771839,-7.18261985304221,-26.7037542394489,51.6567796114955,3,4,4,6
13057,71.7183914631015,71.7183914631015,-38.6536658764753,-14.1247608641407,-50.7698616598669,93.4579308756398,1,1,1,1
13059,-2.87641639171298,-2.87641639171298,1.12055027348622,-0.162736202365858,4.04333709876047,-3.17139254204292,1,5,5,3
13061,-258.958781774893,-258.958781774893,137.691162850071,49.5034528149666,174.575630651527,-336.402561262235,2,2,2,9
13063,-35.13132940695,-35.13132940695,20.2605646041985,6.88746328439587,23.3548132564436,-43.9260209564966,2,2,2,1
13065,95.6336189164736,95.6336189164736,-54.1997472002776,-18.5814715298432,-66.2322852434202,126.962310887367,2,2,2,8
13067,24.598535148846,24.598535148846,-14.0336944681026,-5.06747342581303,-17.8730886751911,31.7361138046856,1,1,1,1
13069,-60.7483879982936,-60.7483879982936,33.2239652017052,13.2386963594217,41.0745224628622,-77.0989622307918,2,2,2,7
13071,1.22735291224731,1.22735291224731,-0.337236456945766,1.15436930911987,-1.2578681420506,3.87518562374435,2,2,2,6
13073,40.7253065211079,40.7253065211079,-21.5360672796724,-8.04930566649573,-28.7968287682293,52.641764886324,1,1,1,2
13075,20.7043296725127,20.7043296725127,-11.9786923793168,-3.85028778545234,-15.0802746749577,29.0590087475037,2,2,2,6
13077,-11.5763766569943,-11.5763766569943,6.65356962635604,2.27254943948979,5.85598493647895,-13.9929728277033,1,1,1,1
13079,8.78039689367765,8.78039689367765,-6.52045554401537,-2.33282352907019,-10.2665966109456,14.3676332520219,2,2,2,3
13081,38.1999283258264,38.1999283258264,-21.4923496436878,-7.84177366725545,-25.7150862196047,50.9571627219493,2,2,2,6
13083,69.0043850619015,69.0043850619015,-36.9855163128364,-13.7026013884485,-48.2143176194689,90.4193666778766,1,1,1,2
13085,-25.7275220115508,-25.7275220115508,15.1143356986783,5.75943870543975,16.4823257105089,-34.1790652402819,1,1,1,1
13087,6.66942741095606,6.66942741095606,-4.33621353756543,-0.941015547209206,-4.17743021577877,9.02807485452935,2,2,2,6
13089,49.6149971744406,49.6149971744406,-27.8847319922431,-10.2523961621665,-34.0182804550005,64.4861724524639,1,5,5,1
13091,34.2674873804091,34.2674873804091,-18.566215265625,-6.75325533901289,-23.289607527926,44.0617379668793,2,2,2,7
13093,57.1303394105133,57.1303394105133,-32.3830315449715,-10.8636987603041,-40.3602573698615,73.2897916564927,2,2,2,8
13095,-81.2729578449417,-81.2729578449417,44.296643059436,15.5145134403414,57.8215862956075,-106.219265153083,2,2,2,3
13097,-40.0260754513635,-40.0260754513635,22.0089615191097,7.96544060057653,25.7052154791687,-50.5206838541082,1,1,1,1
13099,68.3432177831793,68.3432177831793,-39.3513853131004,-15.1725750674499,-47.2204535874241,90.0157095850656,2,2,2,8
13101,-339.09193557942,-339.09193557942,181.914372512584,67.7957564131289,226.998736265457,-435.921898541095,2,2,2,3
13103,38.326497852897,38.326497852897,-21.5546961619726,-8.08936682069143,-29.1180823128536,53.1847437129249,1,1,1,2
13105,64.9392306461005,64.9392306461005,-35.4753881963443,-12.6537183922549,-45.6351099038816,86.1970953446475,2,2,2,6
13107,28.1466532812538,28.1466532812538,-16.4322374540612,-5.65633835406245,-19.6650570546141,39.157562846674,2,2,2,7
13109,60.8326278494955,60.8326278494955,-33.8640644577562,-11.4201734512683,-43.4179327863859,82.3395285050329,2,2,2,8
13111,3.4945716944492,3.4945716944492,0.442357082296052,0.698646601125351,-1.6454194386832,2.15693857371358,1,1,1,8
13113,-94.6828498834262,-94.6828498834262,52.0694798345023,18.8951485554384,62.9110291729811,-125.973819076357,1,1,1,1
13115,-36.6950401416026,-36.6950401416026,21.5184575085947,8.02689845857621,25.3337006825201,-47.2376674184043,2,3,3,3
13117,-9.10357442305294,-9.10357442305294,4.44645701059069,1.70412417137077,3.97481648068015,-13.3678601941153,1,1,1,1
13119,20.0671299082827,20.0671299082827,-10.7310251328426,-3.28679988358803,-14.2560963153968,26.9668840711672,1,1,1,8
13121,-8.34991100908466,-8.34991100908466,2.76290266792205,0.547849869856641,5.6656723378182,-11.3833396712947,1,5,5,1
13123,24.8597724463089,24.8597724463089,-11.4454850258719,-3.42953532179415,-16.4647168874891,29.3954758144111,1,1,1,6
13125,-845.084342713783,-845.084342713783,458.309648928215,165.865617234639,572.234940718346,-1098.51795055606,2,2,2,9
13127,-51.1299765637445,-51.1299765637445,28.6002043661471,10.8122768547313,34.655290303212,-67.4979829435846,1,1,1,3
13129,-52.5784237586851,-52.5784237586851,30.9525621310344,11.949435684301,34.6358815514047,-66.5600555548591,1,1,1,4
13131,49.3019892485775,49.3019892485775,-27.9107728147766,-9.09609966192548,-35.3874279364811,66.6049796052398,2,2,2,6
13133,47.2000086209416,47.2000086209416,-25.5625863321199,-8.36258492449322,-33.3624347159484,58.1625129485709,1,1,1,8
13135,12.418184146871,12.418184146871,-6.76847183223267,-1.59444576776463,-9.61427311580649,16.8909836228372,1,1,1,1
13137,-20.5045949218418,-20.5045949218418,12.4061978902321,5.62675647070159,13.3770374527703,-26.1254392707658,1,1,1,6
13139,-84.2256650807631,-84.2256650807631,47.147422827116,18.6282274257764,56.5937615433816,-108.808905487263,1,1,1,3
13141,84.1752155943483,84.1752155943483,-46.1078298561375,-17.167903571877,-57.8316095453345,104.823708501896,2,2,2,9
13143,17.8995087014855,17.8995087014855,-9.60706751604638,-4.47032339574344,-13.7576188178512,25.216573754513,1,1,1,1
13145,49.3266983926796,49.3266983926796,-25.7165860959846,-10.1284185082505,-35.347815050814,62.3099530937254,1,1,1,2
13147,-0.257259135062181,-0.257259135062181,1.22402990173992,0.826883595334463,-1.60005177514706,-0.0252330840540876,1,1,1,6
13149,6.86255507099338,6.86255507099338,-5.40151841911706,-2.70534900449621,-5.87994858114383,10.4052413711849,2,2,2,1
13151,14.8061703729673,14.8061703729673,-7.61704053288996,-3.12968990491071,-11.6944308513105,20.3083915953574,1,1,1,1
13153,-11.6674994074358,-11.6674994074358,7.39597307749855,2.1931442778921,7.40407138855008,-15.2811172161786,1,1,1,3
13155,64.1823603574615,64.1823603574615,-36.7338436577027,-13.3105544928482,-45.0558842697008,84.9409621780888,2,2,2,9
13157,-101.038202529336,-101.038202529336,56.6342288400201,20.6240439373495,66.1379575541559,-128.963070543202,1,1,1,4
13159,32.7060620454146,32.7060620454146,-18.7828037027117,-6.92870360902118,-24.2325108631327,44.0657058227852,1,1,1,1
13161,46.6303313033543,46.6303313033543,-26.0439351564355,-8.0666160740021,-32.5928650977044,63.3516262307517,2,2,2,9
13163,20.9418632957435,20.9418632957435,-12.4020032759109,-4.22693959268314,-16.1626178254413,29.900721013418,2,2,2,8
13165,124.299261568143,124.299261568143,-69.2463274415881,-24.1673739101332,-85.41560295125,161.627905242232,2,2,2,9
13167,-71.4802568021305,-71.4802568021305,38.2880283669445,13.7328486406195,48.2195600644176,-94.2044272037093,2,2,2,9
13169,78.7325502315012,78.7325502315012,-44.1928627801761,-16.8798195867925,-56.8847296174885,104.869950306432,1,1,1,3
13171,55.0901707859504,55.0901707859504,-30.860230773372,-11.7708456833345,-39.3876104565889,73.5942306003808,1,1,1,6
13173,-115.785861143798,-115.785861143798,61.6794328978916,22.8259032179049,77.9882582184344,-149.246551074821,2,2,2,3
13175,-27.8039623292219,-27.8039623292219,14.8964343934837,5.0726785009439,18.5769412667788,-34.5635332215465,2,2,2,4
13177,43.8706335541204,43.8706335541204,-25.0626761707562,-9.655593398949,-32.8987891407974,59.3791561893901,1,1,1,3
13179,2.38903456159697,2.38903456159697,-1.76382385885447,-0.951726153452818,-1.77397671683329,3.8592850379135,2,2,2,3
13181,-49.3831118245811,-49.3831118245811,24.519940409022,9.70492349026717,31.9614450961982,-63.1111349277833,2,2,2,2
13183,-112.573249114988,-112.573249114988,60.7962113840127,22.1274480606669,73.8130500701545,-144.972813792957,2,2,2,3
13185,-16.1021076690017,-16.1021076690017,9.05369141766327,2.86936912637266,11.9378332328388,-20.2534914786128,2,3,3,3
13187,41.1654684684942,41.1654684684942,-22.077902862196,-8.52879027618623,-28.0206599780047,52.4537809390987,1,1,1,1
13189,16.3445220825249,16.3445220825249,-9.53747278606772,-4.03035326544392,-12.4295509030208,22.7467157400981,2,2,2,2
13191,11.1428209524497,11.1428209524497,-6.56006765590683,-2.69512693024369,-9.79382205146967,12.9708843082344,2,2,2,3
13193,26.1319035103325,26.1319035103325,-15.2502043436653,-4.36831562583037,-17.0149751669091,33.4068414164624,2,2,2,8
13195,74.8071777574362,74.8071777574362,-41.0647284742077,-14.4229964602316,-53.3218819216874,99.3857428390775,2,2,2,3
13197,-53.7587620126215,-53.7587620126215,27.7048995517865,11.5067492764915,34.7330394739716,-68.9234891455943,2,2,2,2
13199,15.196278799327,15.196278799327,-8.95905499188235,-3.63958923701926,-11.7376422446147,21.0022410715101,2,2,2,1
13201,107.250402943857,107.250402943857,-59.47894899313,-21.7870505762374,-73.2455473960635,139.409670886699,2,2,2,9
13205,36.3688618805854,36.3688618805854,-19.748931197447,-7.11846603566157,-25.25430901485,47.4304029277418,2,2,2,6
13207,13.6363779523558,13.6363779523558,-7.9770664900914,-2.99870548256121,-11.6451773161154,19.3382867025166,1,1,1,3
13209,-1.00582712013039,-1.00582712013039,-2.16154626281184,-0.154542987256373,-1.28781574031921,1.0172974235929,2,2,2,9
13211,-26.7908079104571,-26.7908079104571,13.882818429878,5.22678112551782,16.1199348211571,-33.591487944966,1,1,1,1
13213,73.2238334812785,73.2238334812785,-38.8558924604547,-13.5190005276137,-51.922265438755,97.3816216052521,1,1,1,3
13215,1.20194509965177,1.20194509965177,-0.027293156424092,-0.245485760872342,0.914994114744516,0.866172688955967,2,2,2,2
13217,5.34131375516993,5.34131375516993,-2.5228307201048,-1.17716696009031,-4.80520946595738,8.21362981387735,1,1,1,1
13219,-43.4530191006189,-43.4530191006189,22.9756690263604,8.38486459335317,28.0602055365517,-57.2285146654361,1,1,1,3
13221,39.0080243713321,39.0080243713321,-22.4351557312799,-8.17244680669893,-29.5275544254068,51.8535664697198,1,1,1,3
13223,101.471596100856,101.471596100856,-54.9741045297873,-20.4536300789974,-72.0775559370492,133.754875158378,1,1,1,1
13225,-3.34767463947273,-3.34767463947273,2.03892470376514,0.645973083017273,1.77995334073246,-3.72377080836379,2,2,2,3
13227,5.2231879486862,5.2231879486862,-1.88700638249668,-0.806595014769207,-4.26146228183652,5.64263364488598,1,1,1,1
13229,39.6254492537888,39.6254492537888,-22.4778365862797,-8.16646489332477,-29.5179504529629,54.650932432248,1,1,1,8
13231,36.8701043758329,36.8701043758329,-20.8035792560533,-8.52298097933064,-27.459624960857,48.711968096065,1,1,1,1
13233,1.30216397984825,1.30216397984825,0.672633430335729,0.420741091477498,-1.04075134248374,2.63524535625083,1,1,1,4
13235,141.361228256883,141.361228256883,-77.6743969577189,-27.9088725235869,-96.344075882396,182.523601879171,2,2,2,8
13237,3.19456508053313,3.19456508053313,-2.34749082653559,0.380965715098458,-3.98783743450623,3.37088319942633,1,1,1,8
13239,-988.652467047805,-988.652467047805,537.287825392799,195.166170141038,671.387150639431,-1290.31550339778,2,2,2,8
13241,31.1360068309546,31.1360068309546,-15.2361584745608,-4.3247887620354,-20.634641859746,37.5244348686835,1,1,1,9
13243,57.6450864524984,57.6450864524984,-34.3766547154774,-12.8630823888087,-37.5167032370324,76.330105043524,2,2,2,8
13245,-37.6891279576246,-37.6891279576246,21.0365854475315,6.84220244998175,27.2339724356997,-48.5871396489827,2,2,2,2
13247,-83.3043266533062,-83.3043266533062,45.4246835019738,16.5795766397031,55.3837086586741,-107.308750547787,1,1,1,1
13249,-25.1490120444132,-25.1490120444132,10.7500775088024,3.74128712373499,14.8567870411977,-30.610323804084,2,2,2,8
13251,62.0589110981319,62.0589110981319,-35.5471987632394,-13.1296126924327,-44.3899022024881,83.5485547640845,2,2,2,8
13253,113.827326589013,113.827326589013,-63.543159036447,-23.2291047876047,-78.3890056287906,148.163560617853,2,2,2,8
13255,-16.889500172782,-16.889500172782,10.3715085556982,3.34641767262003,11.9934196693706,-22.1276389820478,2,2,2,1
13257,38.9468931770428,38.9468931770428,-20.4488597048797,-7.60494293212338,-27.0146132470223,51.2249367142956,1,1,1,7
13259,0.849113004393731,0.849113004393731,-1.63452944350668,0.260756858461591,0.423064286039348,-1.65230654570757,2,2,2,2
13261,32.4366198730011,32.4366198730011,-18.6887971883721,-6.68141882842809,-22.0405282132263,44.1841111867506,2,2,2,6
13263,-167.233651165676,-167.233651165676,87.9072580016955,31.4275567818336,112.148383640829,-217.683555084495,2,2,2,2
13265,-1942.38039247311,-1942.38039247311,1054.99081273574,382.426692702132,1319.16958767619,-2527.94365260724,2,2,2,8
13267,-6.58089389778704,-6.58089389778704,3.39011310745126,2.12613163589545,3.84545993250112,-7.83235978250742,2,2,2,8
13269,-20.2151739917102,-20.2151739917102,8.43702489040909,2.76893300480978,13.9165010782217,-25.8227786930988,2,2,2,8
13271,97.450282955846,97.450282955846,-53.155046670659,-18.1709183281799,-65.192101808422,123.907023672402,2,2,2,9
13273,41.5244415236342,41.5244415236342,-25.0634795302238,-8.79405547670036,-27.1411128434082,53.8086449131588,2,2,2,3
13275,-45.8000927837507,-45.8000927837507,24.686386262979,8.74980363858937,30.518899509331,-57.9951852225993,2,3,3,4
13277,-100.367517146577,-100.367517146577,54.5518282236048,20.7651938299722,68.1486887715946,-128.711557008575,2,2,2,5
13279,-43.480984610613,-43.480984610613,23.2831454957399,9.51543911856397,29.4258030069526,-54.4355174963277,2,2,2,7
13281,79.9395008781637,79.9395008781637,-41.6684304637543,-15.0243660448582,-53.0468553163951,97.9824449122469,1,1,1,9
13283,-85.4650584445781,-85.4650584445781,44.7169966702681,16.4959195185382,56.1991061241444,-108.742164887674,2,2,2,9
13285,-126.170686940867,-126.170686940867,69.8546121509634,25.0495959113205,85.885363386724,-162.585621648523,2,3,3,4
13287,81.7186545138597,81.7186545138597,-46.3711613851517,-16.4205540832765,-55.8294838857049,107.920260393628,2,2,2,9
13289,111.476435332959,111.476435332959,-62.5373815837973,-22.9169793653956,-78.1147836390861,144.555432135461,2,2,2,3
13291,-4.71228802153551,-4.71228802153551,5.09137886172044,2.48354683715564,3.91204274993666,-9.9607526767009,1,1,1,8
13293,12.8092660411485,12.8092660411485,-7.37987815437848,-3.21852041973528,-8.29762553896776,17.6999419436039,2,2,2,6
13295,70.0749114702468,70.0749114702468,-36.0982078359787,-14.1577180710421,-49.0332398764697,92.2914581951846,1,1,1,2
13297,6.77615435403345,6.77615435403345,-3.36240227419753,-1.43181807328315,-6.32385739007141,9.72050518585761,1,1,1,1
13299,-62.4187742959961,-62.4187742959961,34.5399209839895,12.5777646440707,43.5127159964302,-81.0144002883785,2,2,2,5
13301,171.955716741688,171.955716741688,-95.9271077755518,-35.2709424298595,-117.691871640648,224.697076740118,2,2,2,8
13303,18.3582519881707,18.3582519881707,-11.5268873996072,-4.04319134565372,-13.1820776359515,25.33228508541,2,2,2,7
13305,-31.4809348254884,-31.4809348254884,17.0528889694666,6.49329913396718,20.9662218746563,-39.6751004319415,2,2,2,6
13307,-495.663591546598,-495.663591546598,265.238227048568,97.1173213481565,334.347373717361,-642.0550900345,2,2,2,8
13309,53.3150526244536,53.3150526244536,-31.7351156589817,-12.0584064946819,-35.509364801513,68.4720306816195,2,2,2,9
13311,-8.08496266013306,-8.08496266013306,5.51555348704727,2.29495952710318,4.75123676490718,-10.9749220431439,1,1,1,8
13313,-94.8222923881716,-94.8222923881716,53.1554505561188,21.2416722727863,64.0164727970283,-121.713931003687,1,1,1,3
13315,-35.3358218960897,-35.3358218960897,18.7798412909312,6.67934466681408,23.1553422789016,-48.6677387816209,2,2,2,9
13317,47.9559554649264,47.9559554649264,-27.7722230674481,-9.03359989987808,-33.6152587810422,63.122571201574,2,2,2,8
13319,51.4600646610086,51.4600646610086,-29.624362809163,-10.8086254903224,-36.0982588781899,68.6303081224747,2,2,2,8
13321,100.83522920004,100.83522920004,-56.7303794233027,-21.1900292202473,-70.2611613645529,132.357570064007,2,2,2,3
16001,-8.46496695184231,-8.46496695184231,5.40565072795717,1.59225832192264,6.43474366082082,-12.3289882609288,5,7,7,2
16003,30.5505729947102,30.5505729947102,-17.6877470649281,-6.71712112386057,-18.3097485648881,33.862803893003,5,7,7,9
16005,-16.2474594899849,-16.2474594899849,9.73855127178759,3.00842563105862,11.7114318673001,-20.8228028817931,5,7,7,3
16007,130.062010774765,130.062010774765,-72.0750918969787,-26.3159073687244,-88.2020855993986,167.578398166656,5,7,7,9
16009,30.1815089196656,30.1815089196656,-17.1418514747395,-6.03874232288349,-20.0751031970843,38.6852713741325,5,7,7,8
16011,-16.5180239533743,-16.5180239533743,9.00980370704918,3.77822110680028,10.6286389279012,-20.0132177220499,5,7,7,6
16013,7.03983473802474,7.03983473802474,-5.10149300528955,0.12398780291749,-5.71306261722053,7.64925303748119,5,7,7,7
16015,38.0641134635288,38.0641134635288,-20.9052941592602,-7.22493298529144,-26.9070465247854,46.1269383703985,5,7,7,2
16017,-37.8948913214545,-37.8948913214545,21.9459933599825,8.05519735359941,26.7919728030375,-52.7013192484165,5,7,7,6
16019,-42.901763583763,-42.901763583763,23.9985513651712,8.59746646541886,29.3179911074838,-55.1709180158862,5,7,7,3
16021,22.7968149888139,22.7968149888139,-12.3906769511827,-3.30949050660776,-13.977194619433,26.9741689631358,5,7,7,9
16023,128.218109229343,128.218109229343,-72.5237495392041,-25.1588663200638,-84.3276183351075,166.386652022038,5,7,7,3
16027,5.16562314123923,5.16562314123923,-1.46030082469722,0.182296297494681,-3.58759511085969,7.67876301753748,5,7,7,2
16029,84.1284338951142,84.1284338951142,-47.7250949111826,-17.0561354702253,-57.4201700487237,110.006766121099,5,7,7,8
16031,-87.4019980376357,-87.4019980376357,46.9956077646779,18.9353202467546,59.5095269895692,-111.857316010384,5,7,7,6
16035,80.6188143052627,80.6188143052627,-43.4280957895447,-15.4241431927961,-53.4072412140408,100.695772166871,5,7,7,8
16037,153.940084372199,153.940084372199,-85.3515482190861,-29.4001650725758,-103.257037609148,195.941229270701,5,7,7,8
16039,16.0540140206327,16.0540140206327,-7.97443875930779,-2.3610701475918,-9.53425034861779,18.7197794575834,5,7,7,6
16041,-12.0339297175247,-12.0339297175247,5.31593643251222,1.88096092016105,7.52691154685318,-13.3087945598973,5,7,7,3
16043,31.8086520785639,31.8086520785639,-17.4683973196331,-5.43961170516186,-21.9431815908947,40.8126647035869,5,7,7,8
16045,45.4157685780909,45.4157685780909,-24.1129236047113,-8.10203477077543,-30.1839979192349,56.7692336287021,5,7,7,2
16047,4.01020933333486,4.01020933333486,-2.85847654431111,1.35991931637525,-3.04381459304398,6.98619764907861,5,7,7,8
16049,26.5656027037454,26.5656027037454,-13.816033795327,-4.73740851075823,-16.6978905677117,31.3663909255198,5,7,7,8
16051,-35.9984031896595,-35.9984031896595,19.6472420510966,7.3975484331406,23.5295026648106,-44.3477293773145,5,7,7,3
16053,-76.1299952074256,-76.1299952074256,41.8493204450376,17.7989117260627,51.6231063338342,-96.8894843573973,5,7,7,3
16055,-21.1041035549485,-21.1041035549485,12.6850672757455,4.0641270402533,14.6665730281266,-28.6823349899487,5,7,7,3
16057,20.5991910330919,20.5991910330919,-11.536106619061,-5.28443342297411,-12.7865463957962,25.7329163954543,5,7,7,4
16059,101.925947431783,101.925947431783,-56.2264536379622,-20.0009344462959,-67.4971340398709,130.053472653167,5,7,7,9
16061,135.594322688998,135.594322688998,-75.7661291805578,-26.452659449394,-90.2854871449309,174.013636144642,5,7,7,8
16063,37.5817360165323,37.5817360165323,-22.7892186657179,-6.29718394687256,-27.477342179329,51.3450788188843,5,7,7,8
16065,84.4632417469443,84.4632417469443,-49.0015281230321,-19.8563948164677,-55.4837073386078,114.190095273337,1,5,5,4
16067,-25.1818039764047,-25.1818039764047,13.0540255410939,6.7830624637801,17.3577613580692,-31.0533513397236,5,7,7,7
16069,-77.5334965893876,-77.5334965893876,42.7215354028141,14.9780643566722,53.7955162824056,-101.554678621242,5,7,7,3
16071,104.096363438201,104.096363438201,-57.3640916536166,-21.152512437393,-71.0283244389628,134.72217670932,5,7,7,8
16073,42.5017939115972,42.5017939115972,-24.2378474148586,-6.22737526982907,-29.7251217362571,56.8379814596487,5,7,7,2
16075,22.9889697384392,22.9889697384392,-12.4099766962159,-3.37417647020501,-16.027035229701,30.4119766350372,5,7,7,6
16077,61.0195030738032,61.0195030738032,-34.4714143490725,-10.1544516149991,-42.6936533680122,81.4895942113312,5,7,7,8
16079,38.9983846126705,38.9983846126705,-20.681451576886,-7.74333000286197,-24.8359879230863,49.5319380460271,5,7,7,8
16081,18.1617351632607,18.1617351632607,-11.8622028601122,-3.53825643171066,-13.5523960917116,23.8556282729684,5,7,7,9
16083,-47.7730894282672,-47.7730894282672,27.201541380742,10.540840412584,32.7751257225733,-61.3446341752085,5,7,7,3
16085,98.0541564929931,98.0541564929931,-53.7341725725846,-18.7383447474843,-64.5269368294144,123.773008531024,5,7,7,9
16087,99.799049529862,99.799049529862,-53.8560902486924,-18.1780156057512,-65.5984031360043,125.961206387418,5,7,7,6
17001,-48.0289071300108,-48.0289071300108,26.6606860064309,8.47232390262484,32.7860959275949,-60.7138339843881,6,8,8,5
17003,-75.1866103099257,-75.1866103099257,39.3428085866208,12.9473295218854,51.4553300592238,-99.040330705662,2,2,2,3
17005,22.3893147873723,22.3893147873723,-12.3269350079112,-5.39768259617958,-15.3725392780909,29.3000332385693,6,8,8,1
17007,55.1685004475992,55.1685004475992,-30.1743359820896,-10.5863268038649,-38.7699383222626,72.0399530908232,1,1,1,2
17009,-11.2715132989442,-11.2715132989442,5.28056202594834,2.86625442122534,9.07970409743311,-16.1342321524756,3,4,4,9
17011,30.4457283609745,30.4457283609745,-15.3761204075787,-5.92876382474751,-20.7791824671005,39.5179234014232,6,8,8,7
17013,-175.257602863974,-175.257602863974,93.0917186018038,32.3230278282898,117.78165155067,-229.629592284396,3,4,4,1
17015,11.8973035287362,11.8973035287362,-5.94373764137322,-2.19602605019749,-7.43299327479425,13.256902931261,6,8,8,9
17017,11.4075271963004,11.4075271963004,-6.65487707497952,-1.22527558550508,-8.8171091488915,15.9862353001063,6,8,8,6
17019,10.375450460465,10.375450460465,-6.4717254903543,-2.96462059336381,-5.62133266549195,13.4954090377626,1,5,5,3
17021,1.47931939474381,1.47931939474381,0.283360452676447,-0.850826305348447,-0.459687606943239,1.72256906028812,6,8,8,6
17023,14.7337557934484,14.7337557934484,-8.28221573054358,-4.04574987075525,-10.6038543852109,19.2127644224034,6,8,8,8
17025,75.969944936753,75.969944936753,-41.2783327100164,-16.2707270879386,-51.4360894926005,99.003065517285,3,4,4,9
17027,-38.1538023620037,-38.1538023620037,21.2185431546804,7.17696600412959,24.8533253572954,-48.8853124459446,6,8,8,1
17029,-21.2968935505719,-21.2968935505719,12.3606466177576,3.41049026466606,15.9571337425723,-27.2471316894232,1,5,5,5
17031,83.2795679350928,83.2795679350928,-45.5529086730947,-16.5997476962043,-56.5126100097135,107.634080250795,1,5,9,1
17033,-43.8927936159848,-43.8927936159848,24.0883392070336,8.17202035292526,30.0694297084335,-57.5728326935157,6,8,8,6
17035,53.5645164405849,53.5645164405849,-31.526994161987,-12.6287191858832,-38.752333021128,73.2698231854018,6,8,8,9
17037,38.0469168445559,38.0469168445559,-21.2379265402409,-8.5586111262743,-25.667385227456,50.643172698819,1,5,5,1
17039,-14.2324080876433,-14.2324080876433,7.12036676450136,1.74664880660799,9.55459668358895,-17.8902317202974,6,8,8,6
17041,-3.57292635213556,-3.57292635213556,2.16267834285945,0.942808650185995,0.843821130301751,-2.28829849751938,6,8,8,8
17043,-28.5736944865724,-28.5736944865724,15.3347530232199,5.60654765133526,18.7584293987827,-38.5118203271204,1,5,5,1
17045,20.6726958498998,20.6726958498998,-10.392317006847,-4.78791776288082,-13.9621523727173,27.299195655706,6,8,8,6
17047,86.8232001555929,86.8232001555929,-49.3346826643104,-18.5496309923785,-60.0671517351542,113.679165754388,3,4,4,9
17049,-98.0938045896995,-98.0938045896995,53.4022663293642,18.7266293604704,66.4736757825392,-126.265671769817,6,8,8,7
17051,10.0109175555227,10.0109175555227,-5.58962771591103,-2.6189739692225,-6.77767231039857,13.3419815941314,6,8,8,6
17053,-22.6016612079395,-22.6016612079395,11.8322523016525,4.21618189881885,16.0297245170894,-28.4079917392375,6,8,8,3
17055,17.462164243688,17.462164243688,-8.20227488738675,-4.09845261966191,-10.3451450858894,21.5151777021737,6,8,8,7
17057,-24.1557488392028,-24.1557488392028,14.5921203062962,4.47579035810264,17.4686431935289,-32.4050878077752,6,8,8,6
17059,-111.203566986818,-111.203566986818,58.6376989193985,20.4934840798784,75.5296114534398,-145.264338651394,3,4,4,8
17061,40.2851682427951,40.2851682427951,-23.0758697581965,-9.71245504484883,-27.6804245723457,53.3044380853082,6,8,8,8
17063,-53.6596472870548,-53.6596472870548,28.8889492319945,9.80720713286355,35.0965349178934,-68.4181120951615,1,1,1,1
17065,63.5027636998033,63.5027636998033,-36.6502742632915,-14.0495081148608,-43.2761323690481,83.3648705081016,6,8,8,9
17067,25.8234958852598,25.8234958852598,-14.2806939270719,-5.57770666420912,-17.4929037437848,33.387942137786,6,8,8,9
17069,-154.201005233348,-154.201005233348,83.2098839921004,29.0873270700932,105.067641300044,-203.180189909287,3,4,4,9
17071,-27.5564509006185,-27.5564509006185,12.7949857806457,4.09777889870588,18.5346821650628,-36.3115076982403,3,4,4,9
17073,3.48915041251491,3.48915041251491,-1.08690374891917,-0.7939582789634,-2.30674592665944,4.39323229385344,6,8,8,2
17075,15.6928141633794,15.6928141633794,-7.72174852927027,-2.89565142878777,-10.4947395195265,20.2790534223198,6,8,8,8
17077,-32.070435932532,-32.070435932532,17.7542738584314,5.46729215053475,23.7183858134874,-42.0241717826807,1,5,5,5
17079,80.9089084116605,80.9089084116605,-45.8834188427797,-17.5880831352096,-56.2992621555384,106.404670059621,6,8,8,9
17081,-86.8512026866386,-86.8512026866386,48.2391946386299,16.6323404956164,58.8685202617151,-112.071684744387,6,8,8,7
17083,61.8161133023795,61.8161133023795,-33.7365544498935,-13.9515870630778,-42.5180108465634,80.3967328460549,6,8,8,1
17085,18.8392591268618,18.8392591268618,-8.97933364526475,-3.72605239054209,-13.2350780280085,22.6986508255549,6,8,8,8
17087,-1.31388588465842,-1.31388588465842,0.982257404274777,0.284543935860493,1.66979106060064,-4.42628834755747,3,4,4,8
17089,27.5005270571525,27.5005270571525,-14.7424300311047,-4.73753281349584,-19.9406294621136,36.0903102138731,1,1,1,1
17091,-20.7299094677408,-20.7299094677408,12.4246587251935,3.99606867717679,13.7604951917622,-26.182404165819,1,1,1,3
17093,75.7850534589306,75.7850534589306,-41.9192417365844,-15.6357029377306,-54.4202099278019,99.8742371835646,1,1,1,1
17095,-22.2474717219867,-22.2474717219867,13.6846984944632,4.29089606374313,16.1929641249616,-30.1398264271054,6,8,8,4
17097,13.8549368134019,13.8549368134019,-7.65061356762597,-2.50441607061526,-10.0550027052164,16.2634127409197,1,5,5,1
17099,-32.2490872511619,-32.2490872511619,18.7177430053339,6.43634101540035,22.4547855507655,-42.1824227682055,6,8,8,4
17101,-3.0634508475084,-3.0634508475084,2.1632513194317,0.376652012129062,2.94818831303465,-4.35383843200391,6,8,8,9
17103,-49.03165754362,-49.03165754362,28.4314247647676,9.65653767373496,33.7221133584201,-64.7020455518611,6,8,8,6
17105,-31.5238088478642,-31.5238088478642,17.3073194939841,5.92480740051457,21.0065142235725,-39.5582255521921,6,8,8,6
17107,7.69270661155481,7.69270661155481,-4.2484837529576,-2.68727079842846,-4.58996958917824,10.0332164551765,6,8,8,6
17109,31.1614322265224,31.1614322265224,-17.3006625583093,-7.61312632624315,-20.2560976388698,41.5764657539454,1,5,5,7
17111,75.3451144021756,75.3451144021756,-40.2895375004479,-15.0781455990058,-52.5556657681918,97.5202045312812,1,1,1,1
17113,-18.2408004066133,-18.2408004066133,9.35780668377172,2.36462306367309,12.1961853276986,-22.7415011197261,1,5,5,3
17115,-50.8359326021973,-50.8359326021973,28.807844100636,9.18680255019712,35.1392362138221,-66.336508389387,6,8,8,3
17117,45.0777814237099,45.0777814237099,-23.8270338772829,-10.2289441436619,-30.971992762539,58.4594234847822,6,8,8,1
17119,13.5617761403026,13.5617761403026,-6.36269508270182,-3.52653079064667,-9.07345980422066,17.62797107658,1,1,1,1
17121,11.6172551731919,11.6172551731919,-5.29013595324587,-3.24119476651151,-8.25098573952395,15.9107548868128,6,8,8,7
17123,17.0756026083442,17.0756026083442,-9.40146885394822,-4.19957055860201,-11.460349825472,21.1598879659424,6,8,8,2
17125,2.26127081710662,2.26127081710662,-0.826468134646329,-1.45848047752797,-0.937830270427512,0.935544570914256,6,8,8,8
17127,52.9915312736958,52.9915312736958,-28.8898349909119,-11.578137156053,-36.1659899622524,67.9236343229035,3,4,4,3
17129,-21.9902439474063,-21.9902439474063,11.0155586878013,2.53675383644386,14.0079590082433,-29.6113424104024,6,8,8,3
17131,22.9510299356589,22.9510299356589,-13.2593505726102,-5.58878253357262,-16.8760114244293,30.4682291509803,6,8,8,2
17133,30.5972021274616,30.5972021274616,-17.7457344379429,-7.81244534338332,-22.6154124892243,40.0321414473374,6,8,8,1
17135,-109.419939460743,-109.419939460743,61.2509781410068,21.708408651559,76.7026242366632,-143.403303836736,6,8,8,6
17137,-9.18436434621405,-9.18436434621405,5.70756866120665,0.958077229792906,7.01744581084192,-12.0394458373456,6,8,8,4
17139,6.40992608978344,6.40992608978344,-4.02317761311489,-2.07327494591144,-5.71208441914357,10.3571535113544,6,8,8,8
17141,-6.44398248096726,-6.44398248096726,4.1875887028957,1.26347312212318,4.13142326684976,-8.57693022849921,6,8,8,6
17143,-69.6528913966269,-69.6528913966269,38.8701004602962,13.4510623947208,48.5202566330892,-91.2194114401071,1,1,1,2
17145,25.1312802364061,25.1312802364061,-13.3330873178099,-5.34052688338038,-16.893030494593,31.8257351657205,6,8,8,7
17147,46.7959793730371,46.7959793730371,-27.1849297224995,-10.7613502811094,-33.5182608873096,61.7134869427657,6,8,8,3
17149,69.6121977821337,69.6121977821337,-38.4142969113413,-15.0654459242571,-47.0124433875498,91.1052797177075,6,8,8,9
17151,-216.053201137004,-216.053201137004,117.002731500694,41.9609338677829,146.89888868835,-285.025228180974,3,4,4,8
17153,61.072553889271,61.072553889271,-35.0920849075477,-13.9817950586128,-41.5173960241565,77.9115216730365,2,2,2,8
17155,66.4218778456789,66.4218778456789,-36.8718783610964,-13.5756741756594,-45.7505693506881,85.6841532530863,6,8,8,8
17157,-56.2568702206418,-56.2568702206418,32.0531863139247,11.2557502106049,38.4482649139654,-73.9191436335936,6,8,8,6
17159,27.6975732068795,27.6975732068795,-15.0223884563152,-6.09795688329035,-18.756166474097,36.7728487637596,6,8,8,7
17161,-55.8283539328045,-55.8283539328045,31.5217731389787,11.3038942908969,38.5447727613606,-73.244526910554,1,1,1,2
17163,37.5588458601244,37.5588458601244,-20.030046835749,-8.49449133253128,-25.6249158547216,48.8525179814172,1,1,1,1
17165,-2.93685228068433,-2.93685228068433,2.29550657815657,-0.080058611384671,3.59339766836675,-4.49502130337024,6,8,8,7
17167,-105.685681911624,-105.685681911624,60.1043019055759,20.7605342406467,72.9864809360171,-137.952058123878,1,1,1,3
17169,10.4880597429061,10.4880597429061,-7.25204363906148,-2.66018973479907,-5.9805855559704,12.5100946345415,3,4,4,9
17171,-62.6845892932661,-62.6845892932661,32.8140396777671,10.6854952365703,41.7373773723766,-82.3030567013717,3,4,4,9
17173,41.366421210636,41.366421210636,-22.8799473743782,-9.37975813256705,-28.9213087519736,55.0956130745601,6,8,8,8
17175,13.0818542554447,13.0818542554447,-8.92889322574928,-3.05553199312555,-8.5779276393186,17.8913026443594,6,8,8,2
17177,-39.5864590351425,-39.5864590351425,22.477391272954,7.52390644478185,26.9784038632162,-50.8792952635583,6,8,8,4
17179,-7.47266755062009,-7.47266755062009,4.90656159143753,0.549249300992136,5.11926504266707,-9.766878982005,1,1,1,2
17181,25.9846956506573,25.9846956506573,-12.6120386514795,-4.64449609528009,-15.5931564019033,31.3620424197297,3,4,4,6
17183,-22.3545022069876,-22.3545022069876,13.446392842451,3.81130751447629,16.0117421651761,-28.9953766854585,6,8,8,4
17185,65.5312755580478,65.5312755580478,-36.6216922076323,-13.7703354870098,-43.2993885515159,84.2072142959101,6,8,8,7
17187,49.3221031383019,49.3221031383019,-26.1596385475141,-9.35739865794893,-33.7283703252118,64.6259763173947,6,8,8,6
17189,14.7152136421963,14.7152136421963,-8.64111767788696,-4.23666582716861,-11.5079679751431,20.3917510451751,6,8,8,8
17191,36.5814581021432,36.5814581021432,-20.4229583598846,-7.71639055070872,-25.6174507371325,48.5360192835782,6,8,8,9
17193,26.1781998877373,26.1781998877373,-14.6508729646879,-5.86748518085636,-17.0862557028879,34.1492594438841,6,8,8,6
17195,-29.9069747889155,-29.9069747889155,17.887456763943,6.14414808139405,21.1567371120392,-39.5592112480482,6,8,8,4
17197,59.0964840100998,59.0964840100998,-31.8044924356023,-11.7670491031688,-42.0424862295306,76.9923944848325,1,1,1,1
17199,-45.0012144004699,-45.0012144004699,25.7791643881393,8.26697157152952,31.0697323125944,-58.799769630805,6,8,8,5
17201,8.83705303087591,8.83705303087591,-3.08913541693064,-1.35462213601959,-5.10199144890379,11.1441124965295,1,1,1,2
17203,-25.6055518573582,-25.6055518573582,13.7438122794357,3.93178314679461,16.6111972079425,-33.3606432752649,6,8,8,2
18001,-59.1991513793162,-59.1991513793162,33.1688805273246,11.6319935590019,39.2295368959896,-74.0390942327056,6,8,8,6
18003,0.0433448215987211,0.0433448215987211,0.942478208706541,0.131915219246605,-0.166668304069605,1.75249516845834,1,1,1,2
18005,-99.0939415967506,-99.0939415967506,55.4437840215166,19.922540680109,67.1837631585196,-128.587497806437,1,1,1,3
18007,12.9378725804461,12.9378725804461,-8.68150870027168,-3.10866143875084,-8.69847447598069,18.0929144090996,6,8,8,3
18009,42.6206434058492,42.6206434058492,-22.3592364935066,-9.234367081994,-28.4917930050538,55.3545661444522,3,4,4,6
18011,-73.8206469790571,-73.8206469790571,40.5530818284243,13.9599667315365,48.6595322767514,-95.5635075512569,1,1,1,1
18013,40.9850317809356,40.9850317809356,-22.0571618348749,-8.48231695243071,-29.0376784379572,52.247484315549,6,8,8,1
18015,32.4354261248195,32.4354261248195,-18.2463154029211,-6.70085358580302,-22.8522895795733,44.7811857798621,6,8,8,3
18017,-31.8238206653448,-31.8238206653448,19.4079112498096,7.75454161013093,22.1809792379609,-40.8581895995704,6,8,8,4
18019,-48.6109936027985,-48.6109936027985,27.1664935276223,9.43023429393654,32.4270497087553,-60.7526500646026,2,3,3,1
18021,32.3377528314385,32.3377528314385,-16.128495937872,-7.19458542924556,-22.9421672819303,43.4422268101884,6,8,8,3
18023,-26.799024227394,-26.799024227394,16.219586925104,6.31888440544172,17.5383681585664,-32.8987122976014,6,8,8,6
18025,-9.37778521224032,-9.37778521224032,4.56871315538806,0.693685076239235,5.96032313075211,-11.7642479957087,3,4,4,8
18027,-92.970392029791,-92.970392029791,50.2878938690476,19.4662515903149,62.2903497187218,-117.031847398415,6,8,8,7
18029,2.35371559774765,2.35371559774765,-0.925386300405143,-1.62551575218692,-2.53337450097461,3.57092144768631,6,8,8,1
18031,-71.6620315670375,-71.6620315670375,39.7247727427745,13.3890724324629,48.026992228319,-90.5553933672039,6,8,8,6
18033,-51.1463340912309,-51.1463340912309,29.3567676074912,9.2822383732849,33.7340502788274,-64.9568313300596,6,8,8,4
18035,1.48892164665175,1.48892164665175,0.362994654754973,-1.27062954359578,0.70338014384479,2.69077480107242,2,3,3,3
18037,-78.5613529574562,-78.5613529574562,44.2308567650919,16.1319178809207,52.6243621254334,-100.550679948761,6,8,8,5
18039,-62.5696413303853,-62.5696413303853,36.2944965271063,13.5067180808598,41.0620919648983,-78.703783737433,1,1,1,3
18041,42.6314157213168,42.6314157213168,-22.2995637397956,-9.50535112820076,-27.7729445713395,55.6898887908574,3,4,4,6
18043,-18.6322820459729,-18.6322820459729,10.8358907350979,2.93910589781626,12.3671570272641,-23.8033062066143,1,1,1,1
18045,70.7821222915323,70.7821222915323,-38.0326563061629,-14.8323169946683,-48.9766243818132,93.6925283896196,6,8,8,8
18047,63.4069030423513,63.4069030423513,-34.7766196333296,-13.6946792779087,-44.7051377291882,83.2377435994442,6,8,8,1
18049,10.8801425217988,10.8801425217988,-5.4596976510268,-2.01015232534858,-7.30437484084957,15.1269146706632,6,8,8,7
18051,-96.3879427273733,-96.3879427273733,54.3185103387006,18.4072183502828,64.2807552678203,-123.100618205799,3,4,4,6
18053,-33.4246406760703,-33.4246406760703,19.9334113299835,6.4342741226312,24.2387605955185,-42.8035650485547,2,3,3,4
18055,47.6441803444245,47.6441803444245,-25.6637538486473,-10.1575909651977,-33.0418650813536,63.1884811432528,6,8,8,6
18057,14.1796635100941,14.1796635100941,-8.36097346114556,-3.67608368400785,-11.1093986050655,17.9191914722273,1,1,1,1
18059,-29.2852378113259,-29.2852378113259,16.0047313719332,4.99054272929971,18.4359742364472,-36.2523197817782,1,1,1,1
18061,14.7531388019771,14.7531388019771,-7.9427732032325,-3.72240510708317,-11.4270188690046,20.4753692020422,6,8,8,1
18063,-47.9173187450045,-47.9173187450045,26.4551970542298,9.07631270086183,30.5644218827035,-60.4139090653245,1,1,1,1
18065,-41.5497029456565,-41.5497029456565,24.4904213662884,7.85058958441014,29.0603094059791,-53.7286105418486,6,8,8,6
18067,-60.7701366779855,-60.7701366779855,34.8936479290355,11.5349925387468,42.1357913340928,-78.6075329363402,3,4,10,3
18069,-22.6177076037719,-22.6177076037719,13.2063116562409,3.93845639885856,15.1277409839346,-27.7843428745807,6,8,8,6
18071,-95.6548040980181,-95.6548040980181,52.856203168404,19.843243180909,64.5301742591329,-121.733914864022,6,8,8,4
18073,-50.7764012360233,-50.7764012360233,28.2676925552636,10.245697835191,34.217056733452,-65.3691734883897,6,8,8,1
18075,-12.9384188842017,-12.9384188842017,8.666345563054,2.45655664746978,8.6890752161661,-14.7986059600361,6,8,8,6
18077,13.0826594815527,13.0826594815527,-6.615294509757,-3.33757532225539,-8.39574844247747,17.586269681593,2,3,3,6
18079,17.3881919911747,17.3881919911747,-8.54754807679235,-4.10150668738486,-12.356282566979,24.0680158779709,6,8,8,6
18081,-3.54330803075214,-3.54330803075214,2.1650447025146,0.133339964897389,1.19024143097473,-2.45386060280303,1,1,1,1
18083,-54.7998556318717,-54.7998556318717,30.2292273999181,10.3588184636615,38.1001034997053,-69.9064635650272,2,3,3,7
18085,-38.5451911061786,-38.5451911061786,22.2828675464975,8.05267709248884,24.9335010813306,-48.5798977938727,1,1,1,4
18087,-27.3339162628121,-27.3339162628121,15.9569354949018,6.90867347793218,14.8857956074155,-30.6301695642872,6,8,8,8
18089,36.4252030274263,36.4252030274263,-18.5181470456216,-6.84845576817685,-24.5629233360565,47.2530104791277,1,1,1,1
18091,-26.0927835563333,-26.0927835563333,15.8636656385795,5.16698914413891,17.9043594449706,-34.4344219997491,3,4,10,3
18093,-7.07961326724794,-7.07961326724794,4.81571865743671,0.749513769273221,4.71951658229352,-8.33320099292572,6,8,8,6
18095,12.5662646288541,12.5662646288541,-5.34441988226329,-2.8252144639283,-7.91357375596039,17.198960315969,3,4,10,1
18097,-4.10455758774813,-4.10455758774813,1.86205889564628,0.816352517661242,2.67763994314018,-2.16645282367322,1,5,5,1
18099,-58.1268310173364,-58.1268310173364,33.4764300314849,12.5967346044289,39.1508841424803,-74.2907466578041,6,8,8,6
18101,35.5638643958681,35.5638643958681,-19.1296511638282,-8.50458453332333,-25.1348698978762,48.1038048160394,3,4,4,9
18103,-9.47815177768636,-9.47815177768636,6.01138716885251,1.59339777709409,6.74566173168683,-11.7607347787571,6,8,8,6
18105,10.3887322375159,10.3887322375159,-5.78902862921143,-3.30372758994291,-5.20021034999367,13.2153102812521,1,5,5,3
18107,-37.8987484868284,-37.8987484868284,21.9260848606375,7.46140966788466,24.7222345842007,-47.1293673080946,6,8,8,6
18109,41.2147410477541,41.2147410477541,-22.0547790686683,-9.25037030028217,-28.8834563172024,54.4835230928894,6,8,8,1
18111,8.39971456676387,8.39971456676387,-4.93768685838906,-1.77760797532246,-6.16050633033783,11.7071809395543,3,4,10,1
18113,-19.120780484576,-19.120780484576,12.1842556426714,4.48107259396598,11.76904393151,-23.5003390107178,6,8,8,6
18115,-118.264952260146,-118.264952260146,63.1990657503014,22.255138427523,79.7646724499848,-154.331918714601,3,4,4,1
18117,53.2620520774947,53.2620520774947,-28.1452131028112,-11.3172425809453,-36.8809091958994,70.6493417289657,6,8,8,8
18119,38.3094902276714,38.3094902276714,-19.7937626500998,-8.55706788996972,-27.7902822184686,51.4360101847553,6,8,8,3
18121,68.4042904828762,68.4042904828762,-38.1138284517053,-14.6513880322414,-46.9335659270985,89.5646160692177,6,8,8,8
18123,-1.25248569786979,-1.25248569786979,1.39536256192361,-0.889558017464295,0.972841394123625,-1.57449988845926,6,8,8,7
18125,-5.79939152730829,-5.79939152730829,2.21291308742731,-0.243204698455463,2.97300449410731,-5.81769239793976,3,4,4,8
18127,-4.02433878233472,-4.02433878233472,2.94308871345105,0.507537814686826,2.05920552703355,-5.14047358226964,1,1,1,1
18129,-18.753328177473,-18.753328177473,10.5054799577747,2.68061100150548,11.845486756441,-23.9354701641271,6,8,8,2
18131,9.16889849560286,9.16889849560286,-4.7601438352225,-1.74271859264687,-6.37741838833535,13.955647966968,6,8,8,8
18133,-51.4282326009067,-51.4282326009067,28.4430559364081,9.46839023634784,34.5912592074254,-66.4397426262603,6,8,8,6
18135,-6.81508517195169,-6.81508517195169,4.5463144493679,1.21049865988939,4.85259314985511,-8.10145435489382,6,8,8,6
18137,-59.0587162748169,-59.0587162748169,31.9375443751742,10.8524586822064,39.5254325427841,-74.4642857243364,6,8,8,6
18139,12.7290130494613,12.7290130494613,-7.6773287649875,-3.56075483141143,-9.0740217954229,18.7335535021071,6,8,8,6
18141,-0.447539807478045,-0.447539807478045,1.38127862557263,0.150583468343773,0.915227350863201,-0.159144666087147,1,1,1,2
18143,34.7629079341846,34.7629079341846,-18.1395107538327,-7.51695344494256,-23.5762168542087,47.1478708199582,3,4,4,6
18145,-58.5838886289763,-58.5838886289763,32.7457345534152,11.3735890585798,39.7143480865567,-74.5790008137228,6,8,8,1
18147,-4.31497960315943,-4.31497960315943,2.12282113464033,0.483687309300804,1.94489403109094,-4.25609594801496,6,8,8,8
18149,24.7593910450408,24.7593910450408,-12.9204442162604,-5.04763541216493,-16.9047405542442,32.4899654848689,3,4,10,8
18151,-34.6750870861541,-34.6750870861541,20.7725989592142,6.84290268127214,23.2078860922838,-45.957000982275,6,8,8,7
18153,9.38750066808494,9.38750066808494,-4.60264599799233,-2.6431579468645,-6.19006137830149,12.621446333812,6,8,8,3
18155,31.6157203961,31.6157203961,-18.6131989189263,-7.6181995136005,-22.8753622934697,42.979215989989,3,4,4,8
18157,-19.1655666056411,-19.1655666056411,10.7704070500394,3.50950629636498,14.5783370874253,-24.277842754324,2,3,3,3
18159,-3.42312197765907,-3.42312197765907,1.31040283816695,0.0364524716419294,1.67169977906435,-3.70194037667688,6,8,8,1
18161,19.7252240668444,19.7252240668444,-11.4901386882936,-4.73097752562602,-14.0455665101956,27.2056840515563,3,4,4,8
18163,-52.6658487094504,-52.6658487094504,29.6060778277634,9.99362803483772,36.4470612647303,-67.1282184700319,2,3,3,2
18165,3.1556024939265,3.1556024939265,-1.25038055733194,-1.94672189728136,-1.74089667962505,3.99886383751895,6,8,8,3
18167,-49.7783728478257,-49.7783728478257,28.5299525856052,9.32486349123586,36.0934648884851,-64.6876002006045,2,3,3,3
18169,-16.881520640098,-16.881520640098,10.4789151865461,2.96629913364076,11.6331852984478,-21.612891408074,6,8,8,6
18171,19.3796975162412,19.3796975162412,-12.1463887644873,-5.32264652186801,-13.798599757813,26.7022753106732,3,4,4,3
18173,10.7974389457343,10.7974389457343,-5.70084703443169,-2.97678329544709,-8.23744614635047,14.2939378490023,1,1,1,2
18175,63.067177762483,63.067177762483,-34.5409144826592,-13.7600993608862,-44.4134528932947,84.3579871915627,6,8,8,1
18177,-63.1849305505133,-63.1849305505133,36.2630144868194,12.3650408862916,44.4010890537902,-81.8457921664598,2,3,3,5
18179,-7.68359699238201,-7.68359699238201,4.79470308373845,0.898399997854854,3.58982384909948,-6.8250408419665,6,8,8,2
18181,-9.94314339859934,-9.94314339859934,6.30651046272147,2.6174393412438,6.10933593021501,-12.2711059613058,6,8,8,6
18183,-0.805624653603222,-0.805624653603222,1.6338217353874,-0.821264653769623,-0.5963931329714,-0.0556410380436022,6,8,8,2
19001,77.5428886574878,77.5428886574878,-44.3206570071647,-16.2402020502706,-52.7149839298419,103.01615460223,6,8,8,8
19003,87.0128632345234,87.0128632345234,-49.8541123156545,-18.8547727016291,-59.4785769175299,113.036222482899,6,8,8,9
19005,23.2424965810423,23.2424965810423,-13.0563014119397,-4.02679599293974,-17.2995287709355,32.3971039575979,6,8,8,8
19007,9.62248416968004,9.62248416968004,-5.42226432003846,-2.55803369999215,-4.56032758667169,12.6633175328479,6,8,8,7
19009,17.9418616984756,17.9418616984756,-11.21329962237,-4.00330138206081,-11.7003624955001,24.7060897389185,6,8,8,9
19011,-1.31571195737962,-1.31571195737962,-0.0278411026079588,-1.00264539310657,-0.52398817546485,0.560954977219968,6,8,8,2
19013,-35.6718250255744,-35.6718250255744,20.0116298286581,6.27247101898527,24.5417246639425,-44.4219399015342,6,8,8,3
19015,-25.8281910692083,-25.8281910692083,13.2943747647674,3.87549570553822,16.5947487127537,-31.7530294056895,6,8,8,3
19017,12.5539306107537,12.5539306107537,-7.39163027547726,-4.06108654402824,-9.74776527236478,18.0061966201093,6,8,8,3
19019,23.873363480227,23.873363480227,-13.2630652387749,-5.93174234777061,-17.7036848043568,33.2140788418562,6,8,8,6
19021,-10.6932157447717,-10.6932157447717,6.28003328188635,3.66560010894861,5.85875077608605,-11.2370739173993,6,8,8,7
19023,42.8865779001938,42.8865779001938,-23.4848868070871,-9.55892657741947,-30.8739299263245,57.0228763632935,6,8,8,8
19025,53.7369621121886,53.7369621121886,-29.9545167197375,-11.1920410940675,-36.6680869154492,69.871668645232,6,8,8,9
19027,-45.0456198096176,-45.0456198096176,24.3494738078717,8.19137431591354,30.3263274844448,-55.9876478245144,6,8,8,7
19029,-11.0891634519147,-11.0891634519147,5.40038394229201,1.41319326766022,8.25510843020214,-12.2238403391505,6,8,8,6
19031,15.8530010345993,15.8530010345993,-9.41205135958293,-4.40086166072306,-12.0914443847566,22.0303225975295,6,8,8,8
19033,-78.56889181388,-78.56889181388,43.3023404943696,15.4423806523858,53.4508106351311,-100.634424168554,6,8,8,5
19035,26.7183420788952,26.7183420788952,-16.2368124419682,-5.52836952190848,-18.7332134640094,37.631628044878,6,8,8,9
19037,48.7064227280766,48.7064227280766,-27.0260866980071,-9.97467949785495,-35.1759454526279,66.2422632902507,6,8,8,8
19039,78.8298222624712,78.8298222624712,-41.7688061735846,-15.0125775637386,-54.7838695230224,103.912704666228,6,8,8,6
19041,-5.31405426983669,-5.31405426983669,2.08943111219205,0.5389641939532,4.16912257414206,-5.25229003148863,6,8,8,7
19043,-1.29860184806892,-1.29860184806892,0.527712881657295,-0.113587731198075,0.40562565982642,-0.196551984105607,6,8,8,8
19045,-42.6232533123825,-42.6232533123825,24.2966517423672,7.75157142760853,29.2989769185766,-54.7865910229904,6,8,8,4
19047,31.3627426346849,31.3627426346849,-17.0134346855226,-4.61406341424164,-21.8329576128964,42.7140394695961,6,8,8,7
19049,-34.4197370418065,-34.4197370418065,18.0319742397118,5.77653158246311,21.4739123006897,-42.8517474407792,1,1,1,2
19051,10.2168960663184,10.2168960663184,-7.4376750630822,-2.47214327914784,-9.19781654900681,16.6700579622702,6,8,8,9
19053,100.412680235227,100.412680235227,-56.0144426351165,-20.9946340206251,-68.1841856117804,132.510082802544,6,8,8,9
19055,29.6386970226885,29.6386970226885,-16.6600440308384,-7.333220012114,-21.6122651572257,41.3416223222736,6,8,8,8
19057,-73.883501706066,-73.883501706066,41.0946155281421,14.2756453065395,50.5776642437674,-95.3569924269446,6,8,8,5
19059,-24.5799182107467,-24.5799182107467,13.0640511789053,4.50214737647836,15.9397866092253,-31.0474311151863,6,8,8,7
19061,-85.9992818046118,-85.9992818046118,47.0805861102277,16.1757374999372,58.0088047990778,-109.475978060403,6,8,8,3
19063,64.2455958434856,64.2455958434856,-35.2438441969356,-12.4996378850653,-43.6294660837567,84.8070569528057,6,8,8,7
19065,-8.82935556590963,-8.82935556590963,5.42760969719931,1.39116166774181,6.41286915359803,-10.6464867844984,6,8,8,6
19067,21.4301432166108,21.4301432166108,-11.2330181516374,-4.82528650821809,-14.7352975115731,28.5291102959075,6,8,8,7
19069,11.3414516088546,11.3414516088546,-6.18235555795063,-1.10560403631723,-7.4079277256288,15.3793603107438,6,8,8,9
19071,63.5698794075119,63.5698794075119,-36.4056086051559,-13.5078654769878,-43.6380204089643,82.6000298193421,6,8,8,8
19073,68.8805150621256,68.8805150621256,-37.4298077722567,-14.0111414043067,-47.1107598052797,89.7627025124787,6,8,8,8
19075,25.9067028659869,25.9067028659869,-15.5165915136849,-6.49764099582882,-19.3589791246376,35.5214418024609,6,8,8,3
19077,12.9058143908742,12.9058143908742,-8.37069013307442,-3.17763151198073,-9.1417521929126,17.2935766698627,6,8,8,2
19079,36.7698937376194,36.7698937376194,-20.260085628938,-7.02951467445052,-25.4511632527462,48.653958583216,6,8,8,6
19081,27.9263530401472,27.9263530401472,-14.214278274883,-5.42576405766323,-20.080424562794,37.3295241362025,6,8,8,9
19083,-17.641418304952,-17.641418304952,9.44212490398266,3.51161815118611,12.0102433152736,-21.7661561708603,6,8,8,6
19085,-0.328769860256238,-0.328769860256238,-1.17419789432417,-1.20257300574769,-0.963019730453298,2.22748259896793,6,8,8,2
19087,-7.36330496707282,-7.36330496707282,4.15934688667332,1.00050572432109,5.08277353461288,-8.7048211058681,6,8,8,6
19089,28.9383108165243,28.9383108165243,-16.3567614361603,-5.99760203956762,-20.4202163091371,40.1780217422807,6,8,8,8
19091,37.4996813964883,37.4996813964883,-21.0454428675223,-7.65678842943914,-25.2117288232874,49.7369690365514,6,8,8,7
19093,107.870689558421,107.870689558421,-59.4222330138446,-21.8619921053414,-73.5630370149571,141.732903491131,6,8,8,8
19095,20.8401217406427,20.8401217406427,-10.5115577629229,-4.98445795110157,-15.0490067124647,28.4287438958837,6,8,8,8
19097,38.9107974528589,38.9107974528589,-21.0732369909041,-8.89142488076125,-27.6356361086325,51.8014603179618,6,8,8,6
19099,5.85854703075496,5.85854703075496,-2.82491102798512,-1.84345310221943,-4.13437772448921,8.43160431735232,6,8,8,2
19101,21.8299504322722,21.8299504322722,-11.5276503078032,-3.90634487225581,-12.9414597901432,26.1070299120017,6,8,8,7
19103,4.5679300983987,4.5679300983987,-3.71652323565445,-2.46576779470266,-2.30660255131047,6.68483521272792,1,5,5,3
19105,11.4264044309037,11.4264044309037,-6.74350858110291,-3.26742701789147,-8.08619314931863,15.4619677864834,6,8,8,2
19107,37.8688293988548,37.8688293988548,-21.2428275912458,-8.58662205751722,-25.9424812938093,50.1116797789012,6,8,8,8
19109,-14.9346241272055,-14.9346241272055,8.41590604143736,3.18890799365221,9.91923333121783,-18.1961415787957,6,8,8,7
19111,-40.378841706316,-40.378841706316,23.5962866841912,7.4890692724663,28.2512053856726,-53.3411658400033,6,8,8,7
19113,-36.8072152504498,-36.8072152504498,20.1619014518631,6.43420685395281,24.514648654705,-46.2979663535912,1,1,1,2
19115,92.7420477104145,92.7420477104145,-49.7483719132655,-17.571246100735,-65.5366923584386,122.257467863966,6,8,8,8
19117,98.387758055283,98.387758055283,-53.8612915811178,-19.804208829287,-66.5960568034612,128.739977788891,6,8,8,8
19119,8.14907339044217,8.14907339044217,-5.88616231847748,-2.13112972741463,-7.11122935860486,14.4965040488999,6,8,8,8
19121,21.1618527766604,21.1618527766604,-13.0306883033796,-5.74489208368432,-15.9756714407218,29.3191062828454,6,8,8,2
19123,15.0862356051235,15.0862356051235,-8.55050166024794,-3.99956011041006,-10.4419304847101,21.6575477011152,6,8,8,7
19125,-49.0914745914429,-49.0914745914429,27.8796153604736,8.76860831704365,32.2770661502805,-63.1211366774559,6,8,8,6
19127,-28.3193311500875,-28.3193311500875,16.6064941436078,6.84591644763447,18.9775688409606,-35.6400462500989,6,8,8,4
19129,10.5616280217795,10.5616280217795,-7.30345795798735,-3.52079990007804,-7.58482935640086,14.0108017170785,6,8,8,2
19131,12.7240073971435,12.7240073971435,-8.51442657870969,-3.3438153172107,-10.6883285036753,20.3302113364461,6,8,8,9
19133,64.2721314813608,64.2721314813608,-36.1382193670566,-13.7449178629239,-43.893533269497,84.9671428861752,6,8,8,8
19135,71.2036625437014,71.2036625437014,-38.4558494351267,-15.6298029570479,-49.6352132810173,92.7910238950743,6,8,8,9
19137,4.42407323317885,4.42407323317885,-2.85000856541963,-2.04705300166025,-1.95058987372308,5.67243415908721,6,8,8,6
19139,-65.882126161596,-65.882126161596,36.9857725900617,13.5577560372524,44.8459651660149,-85.09929080209,6,8,8,4
19141,-10.007043652805,-10.007043652805,4.5534144781692,2.33340687821277,6.29387976005407,-10.0289513385503,6,8,8,7
19143,98.0906373716135,98.0906373716135,-54.7618387312715,-18.9383390227546,-66.2293886283398,128.508807887559,6,8,8,9
19145,0.115378151668698,0.115378151668698,1.15332157514164,0.0316018257652999,1.38013214793751,-0.431092725992397,6,8,8,6
19147,63.9778134567769,63.9778134567769,-36.0643531430469,-13.3505586594081,-43.9173499102706,85.2119011493686,6,8,8,9
19149,-21.8108330917815,-21.8108330917815,11.3810186405887,3.66105615449496,12.9143093302607,-25.408060730139,6,8,8,6
19151,92.455566445502,92.455566445502,-50.7763953800257,-18.2246994360581,-62.983822900371,120.267170028186,6,8,8,9
19153,-6.91937561904109,-6.91937561904109,3.49260278363844,0.964872324545735,4.36997138144566,-6.46949897762582,1,5,5,2
19155,-38.6197133234576,-38.6197133234576,22.1340056472088,7.49596074397967,26.5443626138195,-48.9229332950773,6,8,8,2
19157,-16.7405920947011,-16.7405920947011,8.8468355805335,2.58456111651371,11.8115267632522,-20.5578403836767,6,8,8,6
19159,57.9312362438498,57.9312362438498,-33.2811326347804,-12.6744088510946,-39.5559354798261,76.0446155573716,6,8,8,9
19161,80.5905680001014,80.5905680001014,-45.7389471786534,-16.7886383190153,-55.9655276157511,106.820393801393,6,8,8,9
19163,-31.9309103835883,-31.9309103835883,17.781078004185,5.86246597929153,21.7741491863403,-40.7527128668903,1,1,1,2
19165,22.2407249921389,22.2407249921389,-12.4013986947176,-4.81398702459516,-15.3003252326031,29.3918467810172,6,8,8,8
19167,-119.551558987825,-119.551558987825,64.9087008323885,24.4054913422292,80.2412150271976,-152.262139445983,6,8,8,6
19169,-9.23139461105176,-9.23139461105176,3.94285206818253,0.116728066717463,7.68069973684603,-11.1991721727337,1,5,5,3
19171,35.4559155429041,35.4559155429041,-19.2802272892269,-6.80544954408898,-24.1933308295144,46.9222077373803,6,8,8,6
19173,76.7178472516129,76.7178472516129,-42.4291941338447,-15.2566977542694,-52.3027524952789,100.657563459207,6,8,8,9
19175,36.8064803312807,36.8064803312807,-20.1596144538593,-7.73113319230388,-23.2347583037177,48.0571496678738,6,8,8,6
19177,65.3702621788677,65.3702621788677,-36.4625754049901,-13.643228859766,-44.0904664098158,85.487157705622,6,8,8,9
19179,-55.6498161601113,-55.6498161601113,31.4163421194479,11.6331783301067,38.7254831915152,-71.4297287725686,6,8,8,5
19181,48.3624888739332,48.3624888739332,-27.0117175351589,-11.089772743725,-34.5282803009697,65.0408195313916,6,8,8,2
19183,-5.31595746334673,-5.31595746334673,2.09799978301872,0.954547997968142,2.07709550753046,-3.48867477679887,6,8,8,3
19185,95.7278431792216,95.7278431792216,-53.2459140319895,-20.0667438925643,-65.9145042707324,126.486064184078,6,8,8,9
19187,-57.0098361132951,-57.0098361132951,31.5808255996035,10.8410224185795,39.5431274761998,-73.8623766060765,6,8,8,5
19189,40.728109767803,40.728109767803,-22.87684951441,-8.49205417815842,-27.1877324458634,53.2477435331621,6,8,8,9
19191,-25.5469007503589,-25.5469007503589,13.4714043592706,4.37569821514712,17.5639480789804,-32.2490183076495,6,8,8,7
19193,-51.251935082455,-51.251935082455,28.4439254022942,10.6934466901696,34.9932430879431,-64.6583496373666,6,8,8,3
19195,96.5549564440331,96.5549564440331,-53.9889481912349,-20.1279359870144,-67.2758575300499,127.826668369229,6,8,8,9
19197,-8.34001876280288,-8.34001876280288,4.75268478771984,2.6592700250572,6.50876200266554,-10.3273207049988,6,8,8,9
20001,66.1975301244936,66.1975301244936,-35.4960466339314,-12.8896197177313,-44.6849691870435,87.0189399476121,6,8,8,7
20003,30.7376934974938,30.7376934974938,-17.8879533504941,-6.96825557340275,-21.9054251147284,41.7391360940251,6,8,8,8
20005,50.3563620714831,50.3563620714831,-28.2820072559536,-11.0145596527606,-33.9082342948887,67.5745955869463,6,8,8,6
20007,69.2646572184821,69.2646572184821,-40.5461689841567,-14.038554251897,-47.6503791594768,93.5862742109417,6,8,8,9
20009,-25.2531846534926,-25.2531846534926,13.6664126849624,6.11951489856435,18.1496144694325,-31.4833606316729,6,8,8,7
20011,45.8239070362836,45.8239070362836,-25.0150666735117,-9.45566224780691,-31.3210853255266,61.669119479732,6,8,8,6
20013,87.7450960172041,87.7450960172041,-48.4639855410694,-17.4036084981322,-58.8762022604306,115.065442018794,6,8,8,8
20015,-1.26937842622915,-1.26937842622915,1.12316621628845,0.0866482052530799,0.00305922072006515,-0.840452529653877,1,1,1,2
20017,-73.6916218901979,-73.6916218901979,37.9801989798205,14.9581514013662,49.5426507509855,-96.5012154674378,6,8,8,8
20019,-114.590529037101,-114.590529037101,60.0544603821591,22.5052586186699,77.8978171110715,-149.211174041395,6,8,8,9
20021,0.811886373347662,0.811886373347662,-0.175013372609105,-0.442330935731269,-0.799053572381888,2.70450542712751,6,8,8,3
20023,-26.5454106689418,-26.5454106689418,12.0279992620068,5.90188721639584,18.4836624486272,-33.5687811545587,6,8,8,9
20027,16.871795681189,16.871795681189,-9.79032793278327,-3.46342248840936,-11.1080963740313,22.1500046284078,6,8,8,8
20029,45.6067731343896,45.6067731343896,-25.2493984184828,-9.17886745676242,-31.0741704654835,61.1192888571215,6,8,8,7
20031,32.6579375791985,32.6579375791985,-18.8966756990792,-7.20195273396513,-21.5177782332319,42.7210631133822,6,8,8,8
20035,-21.0956586823817,-21.0956586823817,13.1169067080886,4.85881395841544,14.9212196367214,-27.6397842787507,2,3,3,4
20037,-24.6697474333247,-24.6697474333247,13.9217282753736,4.75143944058354,18.3828407994119,-30.7033260462463,2,3,3,4
20039,-21.0006142928377,-21.0006142928377,9.31896166651108,4.44874851569421,14.5487312806977,-26.9822148013959,6,8,8,9
20041,-8.06109942513764,-8.06109942513764,5.08511624068863,1.60583720398847,5.45632976783629,-10.058854162107,6,8,8,6
20043,102.986020852447,102.986020852447,-58.0665139500173,-21.1530982319403,-70.6649721104955,136.063216088708,6,8,8,3
20045,34.8911606861782,34.8911606861782,-19.8600082511659,-8.12788222540408,-23.0347398987757,47.3975277022438,1,5,5,3
20047,-11.2688808485559,-11.2688808485559,3.61925598551497,3.80011014160021,9.54192560128708,-15.8135503842559,4,6,6,9
20049,-198.800395187178,-198.800395187178,106.672534742862,39.1321107908615,135.651811639388,-260.446975170452,3,4,4,8
20051,-22.5172132292861,-22.5172132292861,11.3822481585466,3.36173178247083,15.9496882874072,-26.4507376989316,6,8,8,5
20053,50.6923354396819,50.6923354396819,-28.3130560711702,-9.62508927792072,-34.3060359774816,64.6883952903258,6,8,8,9
20055,-86.7994542153919,-86.7994542153919,46.2394693012846,19.8167889826282,57.4633986227848,-108.260580421758,4,6,6,5
20057,-67.756502103243,-67.756502103243,36.9886578565014,15.8439855023541,45.4458789379953,-85.0472525415373,4,6,6,5
20059,-13.2284296225304,-13.2284296225304,7.19216455475951,1.88040870277826,8.04783801048562,-15.5393618651179,6,8,8,6
20061,16.2735507427791,16.2735507427791,-10.3970727139963,-3.96858501726247,-10.0381667320197,21.3142222785483,2,3,3,3
20063,79.9201053970905,79.9201053970905,-48.5584235044205,-16.4972016654772,-55.5237138997377,108.358537253362,6,8,8,9
20065,-77.1832418324021,-77.1832418324021,38.8848466794903,14.3044898129034,52.4098036700337,-99.6421055061,6,8,8,9
20067,-52.974515381844,-52.974515381844,25.5141220517255,13.0835840587445,33.3635221469036,-64.2527162023657,4,6,6,7
20069,68.6187294976118,68.6187294976118,-40.14077602727,-11.8474211136468,-48.6214261353571,93.6140972068799,4,6,6,9
20073,31.3880831176751,31.3880831176751,-18.4100927916028,-6.63791876702274,-20.9742684172276,40.7829758833978,6,8,8,8
20075,105.761079061747,105.761079061747,-61.5936706680518,-17.8579321945806,-72.6733541349721,141.908332120463,4,6,6,9
20077,112.092487015405,112.092487015405,-62.7810120114446,-21.8526407293957,-75.0953057963561,147.007426647499,6,8,8,8
20079,-14.7337071219376,-14.7337071219376,9.34526903196486,3.35617191956253,9.58842070166282,-18.7363304087686,6,8,8,2
20081,52.6342653472492,52.6342653472492,-31.7268760574876,-7.44037302190778,-37.1884068751811,72.088997909123,4,6,6,9
20085,14.6081791184641,14.6081791184641,-8.04098871272423,-2.74399285785784,-11.0973506505226,20.4922386268531,6,8,8,3
20087,8.99591383963109,8.99591383963109,-5.17439624220245,-2.58627487124905,-7.91426953209767,13.1298979719788,6,8,8,3
20089,-172.644979309244,-172.644979309244,91.2077966444848,34.2900510256172,116.769539651129,-222.607037879601,6,8,8,9
20091,13.1768419798422,13.1768419798422,-7.5730837481968,-3.14805427764131,-9.76784379610394,17.1858410494167,1,1,1,1
20093,46.461509236923,46.461509236923,-28.2929759436978,-6.88875393066446,-33.0667531736912,63.3371935379007,4,6,6,9
20095,47.519874684645,47.519874684645,-26.9631212332089,-9.84637852493005,-32.8625353865066,63.9538292466961,6,8,8,8
20099,-20.3627556656219,-20.3627556656219,11.9657035024885,4.0090345313658,14.6080615185355,-25.5568160943546,6,8,8,7
20103,-1.65027794486273,-1.65027794486273,1.39854550403702,-0.245998143789702,0.814011458685849,-3.29779025796849,1,1,1,1
20105,-77.1983552320755,-77.1983552320755,39.5398114828635,14.4839210470234,53.1446449352974,-100.21211521696,6,8,8,9
20107,4.15896428312561,4.15896428312561,-2.95406094069612,-1.48449447656344,-4.08258773936835,6.06653018842205,6,8,8,1
20109,116.225637702094,116.225637702094,-66.0754424425317,-23.5190465271071,-78.9597801600806,152.529898735904,6,8,8,9
20111,-28.1576777275328,-28.1576777275328,15.2663322799557,6.34186590590577,19.1417676259187,-33.3123220890498,2,3,3,4
20113,-61.0472232376016,-61.0472232376016,33.8595116829661,11.9708708131153,40.6050125951737,-77.8697071776927,6,8,8,7
20115,60.6698419049315,60.6698419049315,-33.1413274248124,-11.9935052760037,-41.5386957643558,79.4313753067955,6,8,8,8
20117,61.4857440583359,61.4857440583359,-33.9488711429642,-12.7421897033344,-42.4673851164024,81.3167420940753,6,8,8,8
20119,76.8934651574263,76.8934651574263,-44.4804218985695,-13.418429138827,-52.2957095314796,100.551538314504,4,6,6,9
20121,14.1727605425552,14.1727605425552,-8.20612401569949,-3.87234218659763,-10.6755617748709,19.0249607858148,6,8,8,1
20123,22.5740145770284,22.5740145770284,-14.4148525971904,-4.60913611999737,-14.5481208206712,31.3916356093473,6,8,8,9
20125,-78.8345674283717,-78.8345674283717,44.6014239071873,16.3860370432526,54.5595393726699,-101.947256142611,2,3,3,7
20127,29.2598748326029,29.2598748326029,-18.1196946278441,-5.72412821103348,-20.4452524554782,40.0889771654976,6,8,8,8
20129,-67.8305666917385,-67.8305666917385,33.1376955795186,14.8186950096816,46.0528745922762,-88.5523750919242,4,6,6,9
20131,55.1934114502122,55.1934114502122,-30.8973782208091,-11.7262826581141,-37.8646786213634,72.3528585575142,6,8,8,9
20133,-6.08658500927012,-6.08658500927012,3.7226804555599,1.33848024053902,4.70027502467017,-6.59754244217498,6,8,8,7
20135,55.9178497074333,55.9178497074333,-33.9813516605997,-10.1246558612923,-38.4934557372769,74.6394204040167,4,6,6,9
20137,83.995018442292,83.995018442292,-46.7229326371452,-15.944021422674,-55.8663891146838,107.884766647823,6,8,8,9
20139,56.771456600605,56.771456600605,-31.4646482019091,-12.2543647856464,-39.9715151591929,74.7087382201645,6,8,8,3
20141,52.2512900129459,52.2512900129459,-31.6509612851884,-10.522789436054,-35.411164007065,69.9104909836497,6,8,8,9
20143,-4.27840682295038,-4.27840682295038,0.344526142822143,-0.549822068156821,2.35721098941602,-4.88447055935292,6,8,8,9
20145,143.092907104253,143.092907104253,-78.1805487042307,-27.9710058528956,-96.7501431897774,185.211464004779,6,8,8,9
20147,74.3319658406973,74.3319658406973,-41.9903796529404,-14.5056027326118,-49.5252455842413,96.5745778281878,6,8,8,9
20149,-51.2382684634801,-51.2382684634801,27.2615904779509,9.69834632921384,33.3710227981399,-65.5204534822561,6,8,8,3
20151,119.45162258763,119.45162258763,-66.0808372523329,-23.4940151376642,-79.5772595014947,154.933599096029,6,8,8,7
20153,32.4709755258266,32.4709755258266,-21.4847194871813,-6.03803284479656,-22.857419632825,44.7653827608718,6,8,8,9
20155,-58.7050129180287,-58.7050129180287,33.1613076244769,12.1916559616678,40.913949837885,-75.6233056751946,6,8,8,4
20157,127.328437163051,127.328437163051,-70.9117187764731,-24.8354219608941,-85.8636678671862,166.371913380896,6,8,8,9
20159,40.2358406614562,40.2358406614562,-22.9764227676885,-6.93864245798193,-27.430482772921,53.9072884409037,6,8,8,9
20161,-12.5182762290952,-12.5182762290952,6.50322034735915,1.86917061129513,11.5443729627455,-15.4821514878781,1,5,5,3
20163,99.6164185630252,99.6164185630252,-56.1196199777676,-19.9805873374369,-68.2087096504295,131.008304146553,6,8,8,9
20165,-13.8557515946453,-13.8557515946453,5.397816440618,2.54109357375414,9.76259395275509,-17.6970024321415,6,8,8,9
20167,97.1830792755727,97.1830792755727,-54.5681920750272,-19.5837610191853,-65.7459669963701,128.392824714626,6,8,8,9
20169,-66.6385576729324,-66.6385576729324,37.0156274394497,13.7041990616864,45.7579744459443,-85.0579731284501,6,8,8,5
20171,34.0545907352278,34.0545907352278,-20.21759676333,-4.89617989634114,-22.957900119783,46.6994014088875,4,6,6,9
20173,26.7197356250518,26.7197356250518,-13.5600429539438,-4.53276514582162,-17.4585320394279,35.504836484838,1,5,5,2
20175,-75.277851804718,-75.277851804718,39.2820620368586,17.7371067855763,50.1941573753523,-93.1801432703672,4,6,6,7
20177,-67.6036409906324,-67.6036409906324,37.9630655107063,13.7587759607289,46.6253162447212,-87.4358440413323,2,3,3,3
20179,43.7130797249644,43.7130797249644,-27.401781159102,-9.32394844979038,-29.80833203332,58.2432560345482,6,8,8,9
20181,83.3385156120781,83.3385156120781,-47.060405011289,-16.1128129059996,-57.1204552082522,111.231986069653,6,8,8,9
20183,101.097904297259,101.097904297259,-57.3396908890107,-20.1262005062337,-68.771483374723,132.247393315017,6,8,8,9
20185,25.3474522067484,25.3474522067484,-15.7095853413941,-4.34929174380452,-17.6133674056937,33.7548664850507,6,8,8,9
20187,-71.9793036215314,-71.9793036215314,34.5441570750217,17.1441046878767,46.0591952454311,-89.6555174112093,4,6,6,9
20189,23.2707574148342,23.2707574148342,-15.9733363656717,-2.07147973231851,-16.762267909505,34.0265439852994,4,6,6,9
20191,11.2313483118189,11.2313483118189,-5.81367203779912,-2.40081001142344,-7.80932460036514,15.3514658464149,6,8,8,2
20193,73.1754374562994,73.1754374562994,-41.588575082717,-14.396904636344,-50.3024406909661,97.6178357630423,6,8,8,7
20195,36.2016469157545,36.2016469157545,-22.9401711853217,-8.2655550611776,-26.0279706317925,48.4466495617736,6,8,8,9
20197,24.3775328394288,24.3775328394288,-15.0059322541622,-5.56847009514156,-17.6034724433653,32.1112762832824,6,8,8,3
20201,48.3795481575001,48.3795481575001,-27.9128943542689,-9.1653147117254,-32.9453218384826,64.6094200890334,6,8,8,9
20203,-68.8478328430469,-68.8478328430469,32.9681638071374,15.2727416521301,46.971698316423,-89.0624780512844,4,6,6,9
20205,88.7300269419692,88.7300269419692,-48.5997965995854,-17.7417783662542,-59.8926294906517,115.779356160755,6,8,8,9
20207,-175.447893531802,-175.447893531802,93.1297327153224,34.1487493323497,119.827602704976,-228.295560148297,6,8,8,9
20209,-108.681397826206,-108.681397826206,60.0340180983219,22.8609349730614,74.0593873236333,-138.781698670924,2,3,3,1
21001,66.433458958011,66.433458958011,-35.0313836300788,-13.1597280601412,-44.3395589236807,85.8533403811111,3,4,4,7
21003,65.6988787065032,65.6988787065032,-34.7455822440932,-13.8257348316567,-45.3819560168698,86.7691948499763,3,4,4,3
21005,11.1057538319989,11.1057538319989,-5.70091237216646,-2.95660746279903,-8.61316150698669,15.4118209643407,6,8,8,6
21007,-6.83193816028068,-6.83193816028068,2.41710545073952,0.225535079139223,3.66650098385118,-7.48046508979085,3,4,4,3
21009,-17.4138102851436,-17.4138102851436,10.6321413329546,3.41558707903206,12.8393986450195,-22.0275078523142,3,4,4,6
21011,32.6822347281356,32.6822347281356,-19.2231875658463,-8.22162979363979,-22.5773210448719,43.9433565325628,3,4,4,8
21013,-15.098155643155,-15.098155643155,9.93131642956505,2.18378177336596,13.6259489935988,-21.1052974452884,3,4,4,7
21015,-133.85570942338,-133.85570942338,73.2936877679687,25.8151830362279,89.58938003949,-171.945105349507,1,1,1,1
21017,32.2581871635552,32.2581871635552,-17.9555318206822,-6.41866080013368,-21.9096468239776,42.9262558108436,2,3,3,2
21019,-112.229846264287,-112.229846264287,63.1469807576105,21.73271252557,78.2763557938767,-147.225926199888,3,4,10,2
21021,-35.4746963821442,-35.4746963821442,20.5250931966085,6.62941022572969,25.3617104392316,-47.0692933432004,2,3,3,7
21023,10.3083214311976,10.3083214311976,-7.90941782616301,-4.05001742765809,-8.46676523158779,14.9344154316275,3,4,4,1
21025,47.7489026004297,47.7489026004297,-24.9374322114625,-10.5537922577421,-30.6713006038793,60.8101386991124,3,4,4,9
21027,35.1461275369896,35.1461275369896,-19.58127585652,-7.89386023036935,-24.4616935716307,47.2562575524759,3,4,4,8
21029,-11.2439057213451,-11.2439057213451,7.52953302871496,1.55769444291243,6.38066151232762,-12.932438259213,6,8,8,1
21031,41.0397098089256,41.0397098089256,-21.4983962147377,-8.11439950500983,-28.1378244068925,54.2716411614775,3,4,4,3
21033,41.6492936820971,41.6492936820971,-22.4773087671749,-9.14966384135399,-28.034018427332,55.0975319648821,6,8,8,7
21035,11.1776209702248,11.1776209702248,-5.82122924407298,-2.71542506513104,-6.69615611239031,15.8718061679608,2,3,3,7
21037,34.667438985184,34.667438985184,-19.0256770538755,-8.29744384045673,-23.8456356081946,45.8124125413667,1,1,1,1
21039,-58.2473356684911,-58.2473356684911,29.0026741270823,10.5099792717518,38.9277163972359,-74.1420352126658,3,4,4,3
21041,62.418833177391,62.418833177391,-33.7533419641016,-12.9614111208823,-41.5054433757137,81.2681269900747,3,4,4,6
21043,26.5703724218943,26.5703724218943,-13.4730203578992,-5.70749646203922,-17.6681296117356,34.4271674000304,3,4,4,2
21045,42.5039675287803,42.5039675287803,-21.7687812166256,-8.25331245617619,-27.978335084083,54.7954683715863,3,4,4,9
21047,-62.7815159711314,-62.7815159711314,34.5912783763962,11.7832028188908,43.8802957027115,-81.5955230962968,2,3,3,2
21049,-13.3513131827095,-13.3513131827095,7.46512536666582,1.88148607589326,9.55690503064004,-16.5121592513177,2,3,3,2
21051,51.3548807240961,51.3548807240961,-26.1372859613072,-10.7470473040736,-33.1341577315634,64.8425154211142,3,4,4,9
21053,127.197142630089,127.197142630089,-67.9325631594901,-24.9675488106419,-85.6037553473411,166.14861982861,3,4,4,9
21055,56.0182414697983,56.0182414697983,-29.7449708363732,-11.4141260288232,-37.2682629927812,72.4403272521609,3,4,4,8
21057,177.08927289469,177.08927289469,-95.087364937246,-35.3577399981603,-118.533075931826,228.455867586853,3,4,4,9
21059,-40.9579498715029,-40.9579498715029,23.6332940468268,7.75075182592046,28.6586979233096,-52.7018281906808,2,3,3,3
21061,-5.70470549143557,-5.70470549143557,2.60798309988195,0.60407780412407,2.55787837915102,-6.53604249192318,3,4,4,3
21063,-120.035280286176,-120.035280286176,66.6722650720576,22.2755246046599,82.1966366697142,-160.306603822639,3,4,4,8
21065,-28.6501678292586,-28.6501678292586,15.5174963927126,5.11609286025915,20.6453636657541,-37.5272366884171,3,4,4,8
21067,-9.83012456331523,-9.83012456331523,5.16123437644811,1.67563645813013,7.5542360787349,-11.5488654552304,1,5,5,2
21069,39.6623210827258,39.6623210827258,-21.9161084945623,-8.78517183094913,-27.149292018551,52.712584364507,3,4,4,9
21071,10.3245695147,10.3245695147,-3.86166131491278,-2.61551070065755,-4.81097126351877,11.6392770847576,3,4,4,7
21073,-102.131879639121,-102.131879639121,56.9836493432181,19.8666626111702,69.9803517531051,-132.392087229042,2,3,3,4
21075,89.0976973906474,89.0976973906474,-47.7072082421622,-18.0696122931893,-58.8606541860886,114.77088760335,2,2,2,9
21077,47.3018329692381,47.3018329692381,-27.2525954739337,-10.5151983093354,-34.2854127049041,64.4708213260617,3,4,4,1
21081,65.8238988733419,65.8238988733419,-36.4292420417587,-14.5189571829697,-46.0604061705639,88.4850316307003,3,4,4,1
21083,-26.5695093878228,-26.5695093878228,15.887192706184,5.67399940405947,18.6223122410895,-33.7100995859521,2,3,3,6
21085,39.2454282108987,39.2454282108987,-20.5752577508159,-8.5032740875303,-25.5709637858771,51.6823939750519,3,4,4,6
21087,28.2038883946402,28.2038883946402,-15.1747092089298,-6.47623948608602,-18.8832949163126,37.3382453077871,3,4,4,8
21089,37.0123815890588,37.0123815890588,-18.981332323181,-8.10540664564916,-24.4778810781977,46.7656787699531,3,4,10,2
21091,92.0978027551275,92.0978027551275,-50.359704303057,-20.4282057266261,-64.8144196462441,121.390688535263,3,4,4,8
21093,-34.9943504173646,-34.9943504173646,19.9128826755109,6.60547153128256,24.3406190319523,-44.9226548412842,2,3,3,3
21095,-0.239201594196194,-0.239201594196194,1.85702796108651,-0.606555474434276,3.17468384419703,-2.04455750483183,3,4,4,7
21097,58.2111644630547,58.2111644630547,-31.5570580829604,-12.744385077014,-39.8410710617109,76.8994431752712,3,4,4,6
21099,70.2637684254672,70.2637684254672,-36.6070773890341,-14.4763133050366,-48.7800928941149,92.8833839362554,3,4,4,8
21101,-35.0366235584699,-35.0366235584699,20.0242237925791,6.38174943795647,23.4840075626225,-44.3756901077733,2,3,3,4
21103,27.4164317512309,27.4164317512309,-14.7134302011253,-6.00368601096411,-18.6515419231872,35.6344679907721,6,8,8,1
21105,-33.6327816749769,-33.6327816749769,16.4516714228093,5.17978210814688,22.0784985680814,-42.488081256334,3,4,4,8
21107,-41.1549664073994,-41.1549664073994,23.5194044035478,7.7775306151411,29.2626082342833,-53.4752554819286,2,3,3,5
21109,-6.63959526932063,-6.63959526932063,3.66090712062674,0.456410638142755,4.71162204288134,-7.97586541191241,3,4,4,9
21111,13.2942008687463,13.2942008687463,-6.53762411551104,-2.73646359830423,-8.37665846896915,17.940721063144,1,5,5,1
21113,-14.9715840348906,-14.9715840348906,7.94472238945979,2.78861208826457,9.98076860960672,-18.288405110029,1,1,1,2
21115,72.6908374995754,72.6908374995754,-38.3243622100011,-15.1683123209874,-48.6613579458347,94.3192536839608,3,4,4,7
21117,-2.28096860516975,-2.28096860516975,0.963162297275746,-0.540600767254761,1.55268262477978,-1.76000805661523,1,1,1,1
21119,40.089707197853,40.089707197853,-20.8275817127055,-8.36342705254567,-25.7721247448166,50.3519205896123,3,4,4,9
21121,62.4772276507032,62.4772276507032,-32.8001669300221,-13.0894111084648,-39.694432345237,79.6345067096588,3,4,4,7
21123,9.14847957959971,9.14847957959971,-5.1930082708356,-2.26691452364191,-6.4742422168425,12.9745887746779,3,4,4,3
21125,-41.3886461058771,-41.3886461058771,23.0348740172636,7.39469765600595,28.7659490195126,-52.0337409599428,3,4,4,5
21127,46.6640556457584,46.6640556457584,-24.6997169566253,-9.69186205805868,-31.2563235502856,60.2577671794156,3,4,4,2
21129,-38.2532577310361,-38.2532577310361,21.9217663107501,7.12346523461378,27.9872646130533,-51.6641353656132,3,4,4,9
21131,8.81039690154874,8.81039690154874,-3.52142594705195,-3.27816576729077,-4.86319646126229,9.46658327272564,3,4,4,9
21133,35.459585343189,35.459585343189,-17.1296890069667,-7.50506862489947,-22.6410482198201,44.1305091676502,3,4,4,9
21135,10.655271073195,10.655271073195,-6.03475754381035,-3.31049986471821,-7.16952697602162,14.9376291084665,3,4,4,8
21137,96.9486649443168,96.9486649443168,-52.3607650219005,-20.0821358930996,-66.5513323035779,126.552304040367,3,4,4,9
21139,33.3760511686852,33.3760511686852,-18.9635104951052,-7.11611001888584,-21.727031914879,44.0244203595534,3,4,4,3
21141,27.5008463528223,27.5008463528223,-13.4768656495286,-6.22429211522964,-19.256396412891,36.2822126910212,6,8,8,6
21143,42.8752722971621,42.8752722971621,-22.690788129915,-8.16379702135501,-28.7145379986241,53.0997068962711,3,4,4,8
21145,-109.903015719389,-109.903015719389,60.3086275451433,21.227483038524,74.843295448423,-141.421124319912,2,3,3,3
21147,8.88548496682716,8.88548496682716,-2.73669054499827,-2.37899743059911,-3.07861712378038,8.08725060599302,3,4,4,9
21149,-23.2950780963364,-23.2950780963364,11.7170581723923,3.55219583339208,14.5344897766078,-29.1099416432162,3,4,4,3
21151,9.68324377073387,9.68324377073387,-5.22717711438986,-3.11586194328703,-5.97109142240039,14.5311957121216,2,3,3,4
21153,40.5795000944497,40.5795000944497,-21.7291725169285,-8.66967214592538,-25.71061789107,50.8258358415181,3,4,4,9
21155,17.9214483784772,17.9214483784772,-8.16848200549813,-3.8765493997714,-12.521574252362,24.3787304318656,3,4,4,6
21157,-55.583636040837,-55.583636040837,31.1733860863354,10.3457038297164,37.9966892686551,-72.6399341162736,6,8,8,8
21159,25.4670789388432,25.4670789388432,-12.1716451658103,-5.68336893332649,-15.6577894144167,29.3356368978951,3,4,4,8
21161,-4.72315538877272,-4.72315538877272,2.48853012444942,0.198266781454989,4.05815311430864,-5.2865825946992,2,3,3,6
21163,49.9195097955017,49.9195097955017,-28.0736192175716,-11.1536848974507,-35.5887143651728,67.1979272251038,6,8,8,1
21165,-95.1797902605929,-95.1797902605929,52.4132660964099,18.0232291523629,67.2182069089825,-126.58618493883,3,4,4,9
21167,0.113541727792436,0.113541727792436,1.08411950522277,-0.535445640382636,-0.582603918177738,0.156060849521321,6,8,8,6
21169,35.3833239282446,35.3833239282446,-19.2646440996546,-8.25530314101333,-24.2926963631652,47.0494778232382,3,4,4,9
21171,56.7062224549979,56.7062224549979,-30.7753662454604,-11.877435330446,-37.7096266854108,74.9124273487296,3,4,4,8
21173,18.0508071989428,18.0508071989428,-8.98913777530569,-4.23601839092055,-12.801387057317,25.8250925255232,3,4,4,6
21175,8.13750561793337,8.13750561793337,-3.24966729457467,-1.04604784445539,-5.46074859552821,9.77954124866033,3,4,4,9
21177,-10.1255660186012,-10.1255660186012,6.66594568089912,1.86613418125432,7.34105339789925,-12.7966620457257,3,4,4,6
21179,-43.1731322732023,-43.1731322732023,24.8506758541572,7.95056493863649,28.5048407761967,-55.1752779373665,6,8,8,1
21181,-131.443210814233,-131.443210814233,70.3880499459744,23.9422469546068,88.9473155256688,-170.536298154585,3,4,4,8
21183,58.7212138659553,58.7212138659553,-29.9675903088232,-11.6232898887925,-40.977797764675,77.2590175791425,3,4,4,6
21185,-23.6360210816508,-23.6360210816508,12.4786811557273,3.77220110498525,14.6792690914258,-32.0144991073644,1,1,1,1
21187,-19.0540287697233,-19.0540287697233,9.55394778979278,2.43623054164011,11.9238751881765,-24.2075830766454,3,4,4,8
21189,-139.743452669852,-139.743452669852,77.1714682726388,26.6312892491311,98.7733757216547,-185.710336732456,3,4,4,9
21191,33.2247257035754,33.2247257035754,-19.1657557308913,-7.94757349234609,-23.3743045782198,44.4886366724848,3,4,4,1
21193,-43.429035130399,-43.429035130399,24.8367000908895,7.78421791167201,31.3174952341385,-56.908824727804,3,4,4,7
21195,-47.1117834680212,-47.1117834680212,27.2477005103086,9.05470386795593,33.5035095448407,-62.264205115317,3,4,4,7
21197,40.6920212863334,40.6920212863334,-22.6936759196763,-9.1189005120774,-26.4096682609179,53.6793987606947,3,4,4,8
21199,-49.9863838772216,-49.9863838772216,29.5224126401104,9.87538930737446,35.8330698594739,-65.7431455249236,3,4,4,5
21201,-1074.48964950333,-1074.48964950333,583.606977813559,210.609937923631,730.042592068801,-1397.78405203722,3,4,4,8
21203,70.3454530132207,70.3454530132207,-37.9395050983814,-15.0291223031867,-46.8773404652326,91.7433935785304,3,4,4,9
21205,27.6845265607007,27.6845265607007,-14.8213472067517,-7.1405615274703,-17.1306723690953,36.7861617372226,1,5,5,6
21207,39.1761381565589,39.1761381565589,-20.777436004036,-7.53308668657246,-25.6732269037019,52.3940124376428,3,4,4,9
21209,-53.3538488881928,-53.3538488881928,30.1335534869172,9.45746372280155,35.0019774418749,-67.7195378426524,1,1,1,2
21211,-17.4520547639602,-17.4520547639602,9.72744432891427,3.70439074960105,11.0355419125527,-22.1238937182134,1,1,1,1
21213,-26.8531332717069,-26.8531332717069,14.7329128105264,4.40467248877372,17.8533579749325,-32.6414010158369,2,3,3,6
21215,24.0832390942092,24.0832390942092,-14.279691724746,-6.92578869304423,-18.3070210878461,31.5669436337969,1,1,1,1
21217,1.49861574038437,1.49861574038437,0.40770769407985,-1.1734637641941,-0.0451931558410029,2.81368332621955,2,3,3,7
21219,48.2134858386666,48.2134858386666,-27.2736728198183,-9.77735936012292,-34.0846998294911,65.271504767104,1,1,1,8
21221,56.1442611576137,56.1442611576137,-30.5876666151883,-11.4727018220346,-38.3587507587222,72.3469863584433,3,4,4,2
21223,-99.444332154838,-99.444332154838,51.7340638473637,18.0372160944544,66.2149806768355,-128.492425498854,3,4,4,8
21225,9.52810710897435,9.52810710897435,-5.33930034494044,-3.02121232779396,-6.22421247594855,13.2833870790013,6,8,8,8
21227,-23.614440197791,-23.614440197791,13.3822750047729,4.584746067153,16.726360203785,-28.9436593055423,2,3,3,3
21229,40.3997541088422,40.3997541088422,-21.9279489901711,-9.47374049739127,-28.2337498290844,53.3008080713618,3,4,4,8
21231,69.5419833882142,69.5419833882142,-36.0285138352631,-13.7493691425308,-45.7330003387191,89.7493392793841,3,4,4,7
21233,39.0587353275834,39.0587353275834,-21.6899716487026,-7.44661086465991,-27.8031548367213,52.8329302042094,3,4,4,9
21235,-25.8747589831586,-25.8747589831586,15.3846890067666,4.25730101280108,19.7875584864034,-33.4058530902506,3,4,4,7
21237,3.75510639926781,3.75510639926781,-1.80325926553761,-0.465059277529209,1.51729625821639,1.80373856947671,3,4,4,9
21239,12.7123177754074,12.7123177754074,-6.98756014468077,-2.56445141325271,-8.84757270637113,16.0882384934345,1,1,1,2
22001,36.9360122647291,36.9360122647291,-19.773720137613,-7.8979036965863,-24.4924684789331,48.9255132187107,2,2,2,2
22003,-33.8189677129329,-33.8189677129329,19.4240703541989,7.35308017879552,23.8045222793661,-45.1355209827738,2,2,2,6
22005,-27.6930410368571,-27.6930410368571,14.5424252259142,4.75295231619873,16.06047100032,-33.3447990773577,1,1,1,2
22007,48.9393669910415,48.9393669910415,-27.4300276255863,-9.79279702315257,-36.564992670326,66.1454959396935,2,2,2,2
22009,16.371226308294,16.371226308294,-7.97320681522367,-3.29793277009172,-10.160502689041,21.5606829859453,2,2,2,6
22011,0.0514875857853767,0.0514875857853767,-0.137784367908924,-0.652841099095798,-1.76804604572984,1.29538597187796,2,3,3,6
22013,44.5077305738218,44.5077305738218,-24.2777224923043,-9.7503565568089,-30.304790535268,58.5851971822666,2,2,2,8
22015,10.0456468837539,10.0456468837539,-5.2436789397886,-2.3094422415708,-6.97816747470769,13.7128545005542,2,3,3,2
22017,-12.5438240202326,-12.5438240202326,7.68046917137882,2.10536033684051,9.746999856003,-16.3399780548384,2,3,3,2
22019,-9.09356198481117,-9.09356198481117,5.26902032437755,1.25095145361637,5.56535765864061,-10.0907901123413,2,3,3,2
22021,100.942560784408,100.942560784408,-55.7602224970802,-21.6335097926601,-68.7048979766413,130.670504044926,2,2,2,8
22023,150.720977405909,150.720977405909,-85.2359667729164,-31.4442045655079,-106.248291990773,198.991474638602,3,4,4,2
22025,84.9904587748258,84.9904587748258,-47.8592887130982,-17.8306343604024,-58.6441908107365,110.442458612636,2,2,2,9
22027,41.2396181334684,41.2396181334684,-23.2925419947562,-9.13486124676721,-26.7851580613978,51.4378625436355,2,2,2,9
22029,49.9881530320917,49.9881530320917,-27.2749239506234,-10.2374025984883,-31.9403453525851,63.6302713195327,2,2,2,6
22031,13.3304369196653,13.3304369196653,-8.52259239614297,-3.47137876959377,-10.3488674987858,18.5577256624024,2,2,2,2
22033,-19.6870559398057,-19.6870559398057,10.5397653943815,3.30238808126059,14.5345455774927,-25.2165727527922,1,5,5,2
22035,73.6848528742648,73.6848528742648,-41.3094880699188,-15.4813324931407,-46.859887652888,92.2178353028802,2,2,2,8
22037,40.0467887910744,40.0467887910744,-22.2778634971221,-8.87183618822765,-28.5424173212447,50.3927957821624,2,2,2,2
22039,30.3602859209419,30.3602859209419,-15.0599878219045,-5.86270836154481,-20.2386154689591,40.0800159627936,2,2,2,6
22041,85.4019789532619,85.4019789532619,-46.3043754609413,-18.0450791484289,-58.1778423494228,111.757910279014,2,2,2,6
22043,51.2655152878778,51.2655152878778,-26.8202485563917,-10.3478338314745,-36.962307144566,66.0410276019865,2,2,2,3
22045,-27.8335624230722,-27.8335624230722,15.2002744069609,5.1915134977623,19.0127867735563,-34.7012189903644,2,2,2,4
22047,-109.010582921551,-109.010582921551,60.0666238884469,21.5119054857737,73.7933490214759,-141.49491844051,2,2,2,2
22049,35.5078396635405,35.5078396635405,-18.8069704120707,-6.94206443630462,-23.3637658585013,45.6716088712194,2,2,2,6
22051,21.3038850844409,21.3038850844409,-10.6261036315673,-3.33692949162187,-13.9278145497394,27.7013177781394,2,3,3,1
22053,-2.61888254349093,-2.61888254349093,1.17405117729219,-0.192888134183189,0.537056057179716,-1.36580948722698,2,3,3,2
22055,-28.6562395323282,-28.6562395323282,15.7445178583886,5.4216912881137,19.4576426680688,-35.8229440881872,2,3,3,2
22057,-41.6019662531534,-41.6019662531534,22.7469429892447,7.96779154603448,27.0882923099944,-52.0439869524526,2,3,3,3
22059,67.2254581239958,67.2254581239958,-37.3750758555084,-13.8387695111558,-47.3823168005407,89.1459841006173,2,2,2,8
22061,-20.2204822997845,-20.2204822997845,9.8361573884118,2.8539356503914,15.7489966829042,-25.7670776548555,2,3,3,4
22063,95.3425904727119,95.3425904727119,-51.9062262974706,-19.519564068248,-67.1667837009645,126.116295646511,1,1,1,2
22065,138.814612622461,138.814612622461,-77.6995658129864,-28.4778826998937,-91.4884424265024,180.18476004433,2,2,2,6
22067,26.9663730495426,26.9663730495426,-14.365458936347,-6.24274314216765,-17.2397732740758,35.130711958091,2,2,2,3
22069,-3.38955772035101,-3.38955772035101,0.835661195742084,-0.461542959019117,2.66184616597905,-2.7825906877817,2,3,3,6
22071,43.0744958389905,43.0744958389905,-24.1477268784645,-9.44243644114072,-27.3142726444411,55.1213183817208,1,5,5,1
22073,-8.67249902485625,-8.67249902485625,5.18037580217978,0.897170769459311,6.65430153019663,-10.3189898466524,2,3,3,3
22075,-122.561592064886,-122.561592064886,64.6662531732395,24.1335441440532,81.2391622110793,-156.139337067764,2,3,3,1
22077,53.2137727309401,53.2137727309401,-30.038668834369,-11.339574723846,-37.9091974190515,70.0893906777516,2,2,2,2
22079,-47.9446477039453,-47.9446477039453,27.3100947397929,9.17252040438139,32.879254521103,-61.1978868949584,2,3,3,3
22081,112.456636518459,112.456636518459,-64.2722697964246,-23.4522835793042,-77.8190871924735,147.58158536299,2,2,2,8
22083,58.3549779947908,58.3549779947908,-32.5050153254147,-12.5295227407171,-39.9637821731448,77.1870591970784,2,2,2,3
22085,38.5261785768043,38.5261785768043,-21.7412715282826,-8.15626679774015,-28.2044121242822,51.6956361032364,2,2,2,8
22087,18.1339286782275,18.1339286782275,-9.86881971255281,-3.92906814831187,-11.8024459721341,24.4478778150932,2,2,2,1
22089,-138.511421278785,-138.511421278785,75.3896660838731,26.8775544466803,93.0182527162161,-179.448271465853,2,3,3,1
22091,78.631823455549,78.631823455549,-44.400350104418,-17.7612890244213,-55.0213064514804,103.112207767682,2,2,2,2
22093,-34.6420796166041,-34.6420796166041,17.53128774683,5.61818102158534,20.5812990928457,-42.7032515193749,2,3,3,1
22095,-43.6040620427135,-43.6040620427135,24.2862406838388,8.37443650123845,28.8409168416047,-56.3930743669187,2,3,3,1
22097,6.9752716051583,6.9752716051583,-3.24719539003623,-1.96507517512816,-4.52755046677277,10.2998105789529,2,2,2,4
22099,16.3762033511265,16.3762033511265,-9.00845285651063,-3.74260085972861,-13.0913930440302,24.0857528274442,2,3,3,2
22101,-76.4843914420897,-76.4843914420897,41.5296330218291,15.556198858885,52.17712858107,-97.6599216700047,2,2,2,4
22103,13.7810751197822,13.7810751197822,-6.56388850197337,-2.71261556770127,-10.1986640008963,17.6388174660121,1,1,1,2
22105,18.3727626775171,18.3727626775171,-9.49410866092314,-4.00916341525416,-13.0356573288219,25.7903381292485,2,3,3,3
22107,-33.2044211788757,-33.2044211788757,16.1751532617296,5.61825817609929,23.9860340207272,-46.7315771925838,2,2,2,9
22109,-61.4937592078214,-61.4937592078214,33.7604150555398,12.1804463805611,41.1741681287311,-78.1528659532627,2,3,3,3
22111,36.7084552547179,36.7084552547179,-20.3019814046523,-7.30133131313588,-25.4904460601848,48.6971294657439,2,2,2,3
22113,34.7932367546827,34.7932367546827,-19.0375091236215,-7.2491441804151,-24.0419058065031,46.6468787468819,2,3,3,2
22115,27.7325967589111,27.7325967589111,-15.4377242551716,-5.96217671666015,-18.4872198778628,36.1141206059281,2,3,3,4
22117,15.4188859740655,15.4188859740655,-7.27715769519278,-3.68824453416663,-9.85212511259906,19.7301562141344,2,2,2,6
22119,-44.2449527544419,-44.2449527544419,24.196213269401,8.28070214970129,30.1935983234928,-56.3003530633295,2,2,2,6
22121,-67.136065401447,-67.136065401447,35.1609422734695,11.8937423157361,43.4103410677387,-84.4846326232161,2,3,3,2
22123,61.0191515571004,61.0191515571004,-33.2866480496183,-12.4784102042365,-43.2280585984192,81.0512131877134,2,2,2,8
22125,-12.5599368817255,-12.5599368817255,5.68718658353971,1.72488408148264,7.38169393559848,-18.7860199612754,2,2,2,2
22127,14.1121193597004,14.1121193597004,-8.1856306466284,-2.43902242905955,-9.38232321077077,18.49042131062,2,2,2,8
23001,-35.1896029758702,-35.1896029758702,19.5511754506595,5.96780272829629,23.9139115177131,-44.4757407604145,3,4,10,3
23003,-68.9093016881825,-68.9093016881825,39.7287798155243,13.9824218001829,48.4344102019821,-90.5601536574022,3,4,10,7
23005,-46.2688336349615,-46.2688336349615,25.386510553393,8.13951050985685,31.3697908637072,-60.9326169829472,1,5,9,2
23007,13.5379477118578,13.5379477118578,-6.02195063785014,-3.26858732321372,-8.34886133946973,16.1007240875932,3,4,10,8
23009,-65.5383321236204,-65.5383321236204,37.2640863162585,12.9286683031941,45.3423167275975,-87.7886765886625,1,5,9,8
23011,-79.949465809929,-79.949465809929,44.9581611682108,15.1984292941037,55.2611531494452,-104.511688268041,3,4,10,4
23013,-61.2660575518034,-61.2660575518034,34.7837065859977,12.2359272380329,42.643713823391,-82.8499404344356,1,5,9,7
23015,-17.672704087149,-17.672704087149,10.7410542819992,3.35420939264151,12.3199330301083,-25.5096815679644,1,5,9,8
23017,-17.5054737166665,-17.5054737166665,11.1285600479511,2.90971814503085,12.6873916870025,-23.625070142461,3,4,10,6
23019,-52.0928431418518,-52.0928431418518,29.7762931265653,9.65186067213525,36.4932584509744,-67.81797349423,3,4,10,3
23021,22.9169000307533,22.9169000307533,-10.7499933983383,-4.63279781892399,-14.9689258595801,27.3294612730292,3,4,10,8
23023,-51.5506640983152,-51.5506640983152,28.5563744889257,9.27473921936174,35.235226590794,-68.7861670314339,1,5,9,2
23025,-45.214126356682,-45.214126356682,26.4479853510664,8.50859388337075,31.4107548154322,-59.4774445123601,3,4,10,6
23027,9.11014548334436,9.11014548334436,-4.37001440661333,-2.45516730958073,-5.97251257296878,10.1103266285661,1,5,9,8
23029,-11.3216720725323,-11.3216720725323,8.62060536031428,2.54402983007091,9.47129153490913,-17.6726180710954,3,4,10,9
23031,24.4823291850552,24.4823291850552,-12.3915057199925,-5.72225950152935,-17.1096175446904,30.9147987095203,1,5,9,2
24001,-62.4435842368971,-62.4435842368971,36.1793389844756,11.8614273764431,44.3587614768254,-83.3446484398332,3,4,10,4
24003,32.5021098087207,32.5021098087207,-18.5628029181299,-7.61336648382501,-24.0580928063875,41.8532760087894,1,1,1,1
24005,68.1123467792402,68.1123467792402,-37.5261628158426,-14.2179684223866,-47.3047252984306,88.5780151816499,1,5,9,1
24009,21.1536360378551,21.1536360378551,-11.7294232806804,-5.80786318883047,-17.2883079753261,26.280410646529,1,1,1,3
24011,4.27055581848607,4.27055581848607,-2.16480435578091,-0.931633451496993,-3.90835982663003,7.12787484745845,1,1,1,6
24013,-3.10469766155379,-3.10469766155379,1.84636957577439,-0.39277300991035,0.352032543505393,-4.56502775875271,1,1,1,1
24015,-21.9879773474002,-21.9879773474002,12.0642069776898,3.4501741319304,14.2100247812363,-28.2240294338873,1,1,1,1
24017,55.1318150830468,55.1318150830468,-31.1492731602202,-12.3946820472865,-40.9127003847154,72.5312075398432,1,1,1,1
24019,-1.51734287020345,-1.51734287020345,1.25052145831742,0.0815976747338284,1.18695524043449,-1.83194829203753,1,1,1,6
24021,27.3164286260027,27.3164286260027,-15.8294862692716,-6.21682065697643,-20.70059225178,35.6771948334587,1,1,1,1
24023,-57.3011535441845,-57.3011535441845,31.6091357881828,11.1577334461098,39.3805380299898,-74.0193948059137,1,1,1,8
24025,30.670690016,30.670690016,-17.4725545116767,-7.5390109119691,-23.0117273418814,40.1550070032758,1,1,1,1
24029,28.0253248885289,28.0253248885289,-15.183332296634,-5.82344016103038,-19.2466331934685,34.9404787878587,1,1,1,6
24033,78.3058641649172,78.3058641649172,-43.6975268934561,-15.7152270485677,-54.8474869207335,102.182573686795,1,5,9,1
24035,-12.2083737993187,-12.2083737993187,6.30496624427528,1.56124384800279,6.29224486677805,-16.5121720085692,1,1,1,1
24037,-43.5947448468905,-43.5947448468905,23.7951089921461,7.0505101715919,27.8087448638909,-56.8583431712774,1,1,1,3
24039,-0.821889911171605,-0.821889911171605,1.04448158617347,-0.107227977781693,1.90287835236987,-3.41882021267413,2,2,2,3
24041,-68.0752389222626,-68.0752389222626,38.0516190580836,14.467009900418,46.6079769650751,-92.2548074743994,1,1,1,6
24043,-50.5776174898966,-50.5776174898966,28.2017178251771,10.0111163470419,34.2852568444717,-64.9438817335255,1,1,1,2
24045,-36.3613064022619,-36.3613064022619,20.5325003320872,6.68742918502231,24.5261029658223,-46.1191577377249,1,1,1,3
24047,-9.10278594673357,-9.10278594673357,5.6761132896578,1.46675240635667,5.14965179948384,-12.8481575878152,1,1,1,4
24510,53.4413574631074,53.4413574631074,-30.5539954447062,-12.3620228330326,-35.5497018268677,70.6328088352932,1,5,9,1
25001,-31.9354264641599,-31.9354264641599,19.9401332846704,6.48011407949682,22.5579895243655,-47.1324106823114,1,5,9,3
25003,-21.3863688545704,-21.3863688545704,13.1831625444233,3.67396443567047,16.0486215155972,-30.7789121535529,1,5,9,3
25005,89.8284308329272,89.8284308329272,-48.4981870586143,-18.3604190802615,-60.7381970574246,116.656240730019,1,5,9,1
25007,22.1797935657634,22.1797935657634,-13.1890840544634,-5.00525604712696,-15.4161443183911,25.7031555706946,1,5,9,7
25009,99.9979926161102,99.9979926161102,-54.4528791649629,-20.1483833963642,-68.0980303656595,128.653119026345,1,5,9,1
25011,-5.24427264599887,-5.24427264599887,3.8936017853515,0.375116358046477,5.01987417609366,-9.84419830709899,1,5,9,4
25013,37.6331041414149,37.6331041414149,-18.9304296216459,-7.38738226769955,-23.8821080351685,47.5973420611178,1,5,9,2
25015,47.0523176173809,47.0523176173809,-25.3613109124923,-10.7409126983712,-30.7530612859473,58.7360239154357,1,5,9,3
25017,54.5066215188005,54.5066215188005,-30.9581326676902,-12.422315820812,-37.4686789058902,68.543820091542,1,5,9,1
25023,45.9418307567226,45.9418307567226,-24.7990123235606,-10.2901101258228,-32.3359183129631,58.3483166582085,1,5,9,1
25025,3.15799164149012,3.15799164149012,-4.34990915091744,-2.65666999235314,-1.20882452377101,3.96822003341853,1,5,9,1
25027,88.9583918174189,88.9583918174189,-48.0351400152755,-18.208646366972,-60.4377853647334,115.036038350756,1,5,9,2
26001,-80.9910467780155,-80.9910467780155,46.3763001450868,16.6894446690622,56.4000046034385,-110.685872938433,3,4,10,9
26003,7.80593746389173,7.80593746389173,-2.8457116362196,-1.33857642162665,-3.78020244749252,5.53403404580104,3,4,10,9
26005,-12.3476021342337,-12.3476021342337,8.44851121405953,2.40925668333288,7.03106230012986,-16.2157651566646,3,4,10,4
26007,-35.7928601156167,-35.7928601156167,21.5805986953027,6.72444278483249,26.8285454269166,-48.8002309339516,3,4,10,7
26009,67.1466599208279,67.1466599208279,-35.1708462691922,-13.4189957553026,-45.8005392159801,84.259584440906,6,8,8,8
26011,52.6323584470009,52.6323584470009,-27.0060881987639,-10.5073460963308,-35.20267869257,66.6436407985404,3,4,10,8
26013,82.8108353832459,82.8108353832459,-43.412790260109,-16.4130153096405,-54.9238776371854,103.822126663868,3,4,10,9
26015,43.6915121733217,43.6915121733217,-22.1833936133826,-8.98908065268675,-30.6068238295354,55.5339944138636,3,4,10,1
26017,15.9620925065224,15.9620925065224,-6.62425667661577,-3.49644216633048,-9.9872854600375,19.8112336410832,3,4,10,3
26019,34.2601604880956,34.2601604880956,-17.4663271464143,-6.65496778686231,-22.9687131164569,41.5996454538173,6,8,8,3
26021,-11.3232353851536,-11.3232353851536,7.85295119980473,2.43606042677783,8.16594288268052,-15.4786172405458,1,1,1,3
26023,-31.9932830590594,-31.9932830590594,19.0572520858761,6.6547261888585,22.3682756136335,-41.5638670902274,3,4,10,6
26025,-28.0051659428199,-28.0051659428199,17.1418856437596,5.27815247813304,19.674659493972,-36.6673157776842,3,4,10,3
26027,68.8882176465357,68.8882176465357,-36.6153166488395,-13.7579969195914,-47.4745257005861,88.8035132531787,3,4,10,2
26029,-27.2131816124362,-27.2131816124362,15.8484752706316,5.19230151791003,18.3764707678482,-37.1625763567701,6,8,8,7
26031,33.7481604327801,33.7481604327801,-16.4485087688614,-6.44137346171266,-21.9949461456083,40.7619852970518,3,4,10,7
26033,-47.1294921415436,-47.1294921415436,27.6338490535263,9.38592731849916,33.3633645266856,-62.9904444105098,3,4,10,7
26035,3.06772560367002,3.06772560367002,0.539895620348295,-0.6189836451036,-0.30173520260797,1.27130533417132,3,4,10,8
26037,37.0437758498232,37.0437758498232,-20.3841909629064,-8.17057517517087,-25.9199994416912,47.9872648562943,1,1,1,2
26039,30.7975541646547,30.7975541646547,-14.8567068683549,-6.11551861618843,-18.8427668086636,36.1520886753601,3,4,10,9
26041,-49.8871428545725,-49.8871428545725,29.1915091567347,9.82286502490404,35.764497580921,-67.2689752396556,3,4,10,5
26043,-96.3687125720978,-96.3687125720978,54.2221020943072,18.8585410451775,66.6983824174563,-127.145159834815,6,8,8,7
26045,-33.8517380506202,-33.8517380506202,19.4227672727239,6.34157334283253,22.4139114576893,-43.7885987177768,1,1,1,2
26047,-49.3511223126185,-49.3511223126185,27.4943742499839,9.31127259090913,34.0025021295566,-66.0789959254339,1,1,1,7
26049,68.2392176218154,68.2392176218154,-35.058884866535,-14.0554926572828,-45.4138578373419,87.6202171879207,3,4,10,2
26051,-0.122425168260332,-0.122425168260332,2.15374770598857,0.44020597620272,1.49706484139976,-3.27560740585445,3,4,10,8
26053,15.1792557320886,15.1792557320886,-6.16319252343287,-3.17759465176906,-7.83998065397688,16.1979623432201,3,4,10,7
26055,-70.9665006622366,-70.9665006622366,39.8673574407584,13.4737808353911,48.8244772887633,-93.7462750283418,1,1,1,3
26057,-6.39543306514907,-6.39543306514907,5.21028169536622,0.948382301852774,4.83397863413331,-9.74322504097271,3,4,10,6
26059,25.6072321398135,25.6072321398135,-11.6447340547553,-5.59684774107939,-17.528127447497,32.7665471147246,3,4,10,6
26061,-46.1509812174521,-46.1509812174521,26.6446201189693,8.6155868122104,33.996570433147,-62.2856907721127,6,8,8,5
26063,-38.3795184822173,-38.3795184822173,22.5119402272746,7.8014830726917,27.0224258384175,-50.5919633195896,3,4,10,9
26065,-21.0581850363911,-21.0581850363911,12.0233764855123,3.71822339115343,16.178594954673,-27.4547963075427,1,5,5,2
26067,-26.751029357085,-26.751029357085,15.5881257659416,4.66428733345354,17.5339005417224,-33.7757811649414,3,4,10,1
26069,-15.0234614628151,-15.0234614628151,10.8689098289616,3.33768696035505,12.5296578827252,-23.0813786325734,3,4,10,7
26071,43.7368853175479,43.7368853175479,-22.1654792252578,-8.71747105895501,-26.8635617921362,52.4288556426314,3,4,10,9
26073,13.2334480258595,13.2334480258595,-7.18350133459652,-4.00459018211726,-6.96552481777044,18.1962562296413,1,5,5,4
26075,-17.6625679560878,-17.6625679560878,11.4456500645713,2.98184643223164,12.4089990048199,-23.2660572346303,3,4,10,3
26077,23.0694920322778,23.0694920322778,-12.1436035434136,-5.44191395745465,-15.4043189751661,30.545965080867,1,5,5,2
26079,-14.2691400212248,-14.2691400212248,8.12131675594087,2.33442246710289,9.87087972821838,-19.1764484359984,3,4,10,3
26081,23.3137669166677,23.3137669166677,-12.1553476159178,-4.69588470062045,-16.4273860216111,31.5073392329247,1,1,1,1
26085,-2.37354990696074,-2.37354990696074,2.88278138300366,0.665718085599722,1.63227225670979,-5.89919080614286,3,4,4,9
26087,-0.416046637376511,-0.416046637376511,1.96268237952682,-0.177650980688399,-0.258985171164884,-1.32736825602222,3,4,10,1
26089,32.2252939866684,32.2252939866684,-17.0903959971501,-6.07283180501173,-21.66658843549,36.3334838447254,6,8,8,3
26091,19.5151433338802,19.5151433338802,-8.81848257036378,-3.91854616179415,-13.5979367990269,25.2351531484397,3,4,10,4
26093,-0.155883055804707,-0.155883055804707,0.910137287403734,-0.884371911242164,-1.14104970620642,-1.17969721174925,1,1,1,1
26095,32.9736369534089,32.9736369534089,-16.2559093433573,-6.37559839375238,-19.6249238249034,37.4804008394435,3,4,10,9
26097,16.0834916374306,16.0834916374306,-7.4024712693433,-2.32921363986124,-9.82216765287215,17.7297426652538,3,4,10,9
26099,70.948200562457,70.948200562457,-37.5669578555065,-14.5366213950427,-48.6526264721008,92.7231493151005,1,1,1,1
26101,15.2481750922491,15.2481750922491,-5.67703890339849,-2.78865242408525,-9.25291210986119,16.1763939292931,3,4,10,6
26103,-45.7626146078302,-45.7626146078302,26.1113324839123,8.09485728829554,33.0754322983699,-60.7614702915741,6,8,8,5
26105,-11.3995473132704,-11.3995473132704,7.64267723656322,2.20297379519462,8.79975633519081,-16.5749854319195,3,4,10,7
26107,5.19532972242679,5.19532972242679,-1.28151761544593,-1.6814106979716,-2.63937180890493,5.56743373836834,3,4,10,6
26109,-5.14741246759612,-5.14741246759612,4.92574693400612,0.863695402185821,4.37685836854604,-8.36373954158726,6,8,8,7
26111,-95.3795373882062,-95.3795373882062,52.9625976959511,18.3539322084253,65.5286255718133,-125.903931842666,1,1,1,3
26113,40.4242252020958,40.4242252020958,-21.0207137185888,-7.99179426718689,-27.5353199564235,52.4534973497917,3,4,10,8
26115,33.7799948835265,33.7799948835265,-17.2152681733729,-7.31557104223463,-23.3893738601679,43.8006692086753,3,4,10,3
26117,-14.4938547233322,-14.4938547233322,9.45344922123093,2.79769204944995,9.32970889492924,-18.2439328248397,3,4,10,1
26119,-9.56946140123668,-9.56946140123668,8.27643451094649,2.42876716712969,9.10641149980977,-18.4357532127835,3,4,10,9
26121,8.78422915061664,8.78422915061664,-2.68139140858587,-2.16281678207812,-5.84289996617959,11.8096300261745,3,4,10,3
26123,17.4328342590303,17.4328342590303,-8.17819835866605,-3.32465935384355,-12.582420041326,22.7559642177504,3,4,10,6
26125,31.7327551273499,31.7327551273499,-16.8216775555631,-6.73665096645885,-21.9223153628505,39.8316211400209,1,5,9,1
26127,52.354450949982,52.354450949982,-26.7999758342915,-9.30774512768091,-35.5420187122356,66.8625291048805,3,4,10,8
26129,-0.41634910515289,-0.41634910515289,3.11448385741198,0.496152711291698,2.33108832878446,-4.22295339843147,3,4,10,9
26131,-44.2582374532028,-44.2582374532028,26.5140980531161,9.16640725339893,31.9496464428855,-63.1472684269286,3,4,10,9
26133,-13.8027041274455,-13.8027041274455,9.02761274579359,2.33051115356009,9.34461115032852,-18.3443440277625,3,4,10,9
26135,-55.6119924144695,-55.6119924144695,30.9950566599186,11.0790136572327,39.0771446080294,-75.9147030010031,3,4,10,9
26137,-42.3544427578586,-42.3544427578586,23.8800559021742,7.72349948843721,28.9845334535174,-54.5134787082034,6,8,8,7
26139,31.6923273537462,31.6923273537462,-16.1562149909971,-6.69408944146189,-22.675487153727,41.8442969360058,1,1,1,1
26141,-23.40068045862,-23.40068045862,14.8670487587141,4.67522216280278,17.5114134314595,-35.3904750242717,3,4,10,9
26143,2.42082543106348,2.42082543106348,2.88315555015057,0.364809366308845,0.703443360836161,-3.02519370173741,3,4,10,7
26145,-26.6763121133372,-26.6763121133372,16.6779216521744,5.06650260664553,19.1296611724738,-35.1659389854795,3,4,10,3
26147,53.157028751102,53.157028751102,-27.1118601441742,-11.1156750444877,-36.4306095255046,68.6214275790682,3,4,10,1
26149,-11.23924625802,-11.23924625802,8.22469277339513,2.78670737375228,7.38308987774302,-13.6023705119663,3,4,10,4
26151,-2.18315212497169,-2.18315212497169,3.18807578857385,0.385044228510293,2.15287672404975,-3.69534464063338,3,4,10,8
26153,24.757687675823,24.757687675823,-12.4022766526,-4.80387971624191,-14.3276408342299,28.7298401292175,3,4,10,9
26155,34.7215225840682,34.7215225840682,-17.4520925274971,-7.70199037796375,-23.4021898560351,44.5291303126494,3,4,10,4
26157,-1.20338230382229,-1.20338230382229,2.60244101842321,-0.211288003489257,1.16598473562942,-2.157528786459,3,4,10,6
26159,3.87027322698045,3.87027322698045,-0.792431490211688,-0.249469287134194,-2.8159830088408,5.02484321222516,3,4,10,6
26161,-35.9553062946874,-35.9553062946874,19.5781181324403,6.35698421962709,25.6335832920179,-48.5820288356963,1,5,5,2
26163,78.6413799443483,78.6413799443483,-41.3922962068598,-15.8126717078126,-51.5016270253484,100.986590990456,1,5,5,1
26165,-51.0129385564942,-51.0129385564942,29.3901277714774,9.83146069476882,35.5027380517293,-67.0626185866921,3,4,10,6
27001,27.7004683840463,27.7004683840463,-13.7175177350795,-5.76158429228367,-17.3588390976861,32.1646908394023,6,8,8,8
27003,50.5777364342479,50.5777364342479,-27.3385367001917,-11.0632651812434,-36.3091204337051,66.5302572766311,1,1,1,1
27005,-59.0627214863805,-59.0627214863805,32.9292971426053,10.9913806969875,40.6495420727033,-77.0954137369752,6,8,8,6
27007,-55.6833865922911,-55.6833865922911,30.5839390991314,9.98118231227257,39.0016110930362,-71.9633475227142,6,8,8,7
27009,-26.3442229331315,-26.3442229331315,13.4241714083532,3.72428814178972,16.5214766118569,-30.6549435416088,6,8,8,3
27011,93.9069776304762,93.9069776304762,-53.3662703508074,-19.3234644907155,-63.2002162166651,121.768565988573,6,8,8,9
27013,-68.3615010478815,-68.3615010478815,36.646853546072,11.9872779402572,46.8801975249688,-86.0274441192011,6,8,8,3
27015,-65.0201805749199,-65.0201805749199,35.6597228342689,12.5729452904103,44.1217417641298,-82.8217516790154,6,8,8,6
27017,-65.4844404865552,-65.4844404865552,36.4101013459709,12.0938222109642,45.1430388553634,-85.8825640863573,6,8,8,2
27019,8.76318219220284,8.76318219220284,-5.89500649069445,-3.52836237465653,-8.37962072573286,11.5663513071144,1,1,1,1
27021,-21.934712611841,-21.934712611841,13.7200809110178,4.37238579384362,15.7793313621838,-30.8697163895771,6,8,8,9
27023,29.9679259658899,29.9679259658899,-17.1246119248753,-5.81432459491613,-19.4744384190332,39.1531190926043,6,8,8,7
27025,-22.7369029756829,-22.7369029756829,12.657225920385,3.05374749306383,13.7838501885013,-29.1028115404004,6,8,8,1
27027,59.8793019801105,59.8793019801105,-33.7178136011002,-13.7819749869714,-41.4325500935899,79.8202069333812,6,8,8,3
27029,66.6583510944261,66.6583510944261,-37.3697464924273,-14.2780547148691,-44.9903837994433,86.2398280651251,6,8,8,8
27031,148.704626969359,148.704626969359,-81.8016923347785,-29.6464341129459,-100.263923597254,190.953210135507,6,8,8,9
27033,35.0004402858876,35.0004402858876,-19.8105041626155,-6.81992981751184,-23.5148746204099,46.5754978414445,6,8,8,9
27035,-81.795507192006,-81.795507192006,46.310540516859,15.5619343451355,56.4444758416852,-107.390765673906,6,8,8,4
27037,50.1057809732471,50.1057809732471,-28.1451002846403,-11.003834416738,-35.7346275756595,65.8655135708657,1,1,1,1
27039,7.16260386858426,7.16260386858426,-4.99990367844242,-2.8922790005988,-6.94989123948959,10.9220092953334,6,8,8,3
27041,-74.4756145375587,-74.4756145375587,41.0092624902987,13.8504911047093,50.4951076721185,-96.5305542743273,6,8,8,6
27043,19.3784362457174,19.3784362457174,-10.0332253735775,-3.98187210692112,-12.9689170932037,25.0062702978659,6,8,8,8
27045,5.90782427090158,5.90782427090158,-3.78075653491811,-2.04339862239638,-5.31649111249486,9.70802927162611,6,8,8,3
27047,-24.9549849112271,-24.9549849112271,14.7571784121138,5.26468289597074,17.2255258371031,-32.6008373976368,6,8,8,7
27049,-68.229115206881,-68.229115206881,37.2621115827308,12.5624678882783,45.6644753711291,-88.0705406366593,6,8,8,6
27051,39.2660190302195,39.2660190302195,-23.4146954015666,-8.786021675518,-26.4924152145073,51.1573100808861,6,8,8,9
27053,27.5212469916867,27.5212469916867,-15.7704693747284,-6.54793987927524,-18.8843164528544,35.5331474185187,1,5,5,1
27055,-0.552184623512134,-0.552184623512134,-0.253421303452697,-0.894283733308443,-0.470252431858887,0.0425193797524552,6,8,8,3
27057,-0.492105409013844,-0.492105409013844,0.878412179532767,-0.190210160290027,0.574809909522228,-1.86097217695913,6,8,8,9
27059,0.90583686674602,0.90583686674602,-0.191495262088539,-1.47135594295807,-1.69898046348744,2.21083894795067,6,8,8,1
27061,-69.9773159094655,-69.9773159094655,40.2881452241698,13.2996378095365,49.0708329466289,-94.0721867469138,6,8,8,6
27063,41.9977198093428,41.9977198093428,-22.571910096932,-8.52680496134221,-29.470710686714,55.3156286701557,6,8,8,9
27065,7.74071808301718,7.74071808301718,-4.23437263467925,-2.55128749807072,-5.80404016196496,10.5501289148913,6,8,8,8
27067,-79.6620953547101,-79.6620953547101,44.1006778875924,16.5683066049639,53.5841808422489,-102.484880004172,6,8,8,4
27069,45.4925835135372,45.4925835135372,-27.6970826918003,-9.77765328387093,-31.3778807082673,59.7167027254555,6,8,8,9
27071,0.792883053165075,0.792883053165075,0.426948568543149,-0.620648407047206,0.462339362848422,-1.05924737957401,6,8,8,7
27073,60.7157130676118,60.7157130676118,-34.3941383738209,-12.5408439424679,-41.1494029174933,78.4485076350139,6,8,8,9
27075,-14.5319144801117,-14.5319144801117,8.39775145234953,2.2111718922848,10.9092624415398,-21.8491502814027,6,8,8,8
27077,83.0405727128839,83.0405727128839,-48.0065354455476,-17.3768555085987,-58.0178081817794,109.447279144877,6,8,8,9
27079,17.3114951699158,17.3114951699158,-9.22841713770761,-4.26940544936374,-13.5117222599763,23.7437760004195,6,8,8,1
27081,6.7840642438278,6.7840642438278,-5.72518194334423,-2.25148244233187,-4.43748032107204,9.34587337923942,6,8,8,9
27083,-57.3936461145151,-57.3936461145151,30.277753257273,11.0283738057528,38.773983812937,-72.011693069765,6,8,8,7
27085,-29.400456302365,-29.400456302365,16.512291620448,5.27425431312146,18.9224513495673,-36.6583257363596,6,8,8,4
27087,106.261780857532,106.261780857532,-59.2629397343112,-21.6110757201685,-69.3678495499647,137.613580464781,4,6,6,8
27089,9.2915585643412,9.2915585643412,-6.58014149525815,-2.48282940024739,-7.86606745866357,14.0321072765988,6,8,8,8
27091,-12.6787224814923,-12.6787224814923,6.77250943165902,2.31623930134802,9.87118826745385,-16.370108431888,6,8,8,6
27093,-13.289554137353,-13.289554137353,7.59249113667851,1.74616350235289,8.29129389697826,-16.1650217792223,6,8,8,6
27095,-13.2298990708203,-13.2298990708203,7.0898047232476,1.53728201631767,8.42318369490405,-15.1950815682328,6,8,8,1
27097,-12.3675632745301,-12.3675632745301,7.52263930679606,1.48708261081969,8.27017903266943,-15.2549556430801,6,8,8,6
27099,-76.1335296867295,-76.1335296867295,42.4728886144507,15.812796173127,51.2880299862745,-98.1728075786491,6,8,8,4
27101,35.5611217869591,35.5611217869591,-20.8414346547981,-6.93406630318178,-24.7135588349922,47.5785746418855,6,8,8,9
27103,-4.53295456790701,-4.53295456790701,1.95777072134231,-0.20087701367549,2.03197885122043,-3.94403546486119,6,8,8,3
27105,-55.552886212003,-55.552886212003,30.5845370435034,12.8360920154034,37.1043548395738,-70.7275808925933,6,8,8,7
27107,8.96263861808273,8.96263861808273,-6.09318821027714,-2.4511371244473,-5.99655186906499,11.4102126449746,6,8,8,8
27109,-33.293202594612,-33.293202594612,19.3017057087044,5.64903866709645,21.2849743465133,-43.2039801535714,1,5,5,3
27111,-74.5295498708263,-74.5295498708263,41.842236774004,14.8901277838203,50.7184786127258,-96.8412370927103,6,8,8,6
27113,-0.706407922675421,-0.706407922675421,-0.95267668318174,-0.944485634519825,0.315131634735592,0.153895474768844,6,8,8,6
27115,-5.56780676591081,-5.56780676591081,4.46217827937449,0.700170902946901,3.31823101652696,-8.17665521459187,6,8,8,8
27117,7.69773772799346,7.69773772799346,-5.68715464702022,-1.23707489031814,-5.48984004799161,12.1411148264307,6,8,8,8
27119,-40.1156773507923,-40.1156773507923,21.6108963227791,7.25694973301619,27.2000186365,-50.8553877321666,6,8,8,3
27121,10.4246761838158,10.4246761838158,-6.62298978285754,-3.1032767754833,-7.31603974124955,13.6477467356153,6,8,8,8
27123,-9.45537954676053,-9.45537954676053,4.98858885661826,1.28785586496578,6.76641747331819,-11.9342297967009,1,5,5,1
27125,-42.5392300679055,-42.5392300679055,20.3274161434491,6.86722299019179,26.8841958820017,-53.2904112000762,6,8,8,8
27127,-23.1520645860218,-23.1520645860218,11.4230732747641,4.09985087622203,15.3914491460872,-28.3895488895687,6,8,8,9
27129,-11.8821042969335,-11.8821042969335,6.29071644058404,2.54618221412083,7.70867764782311,-14.3784087293611,6,8,8,9
27131,-40.9956726570683,-40.9956726570683,22.7311486591939,7.81089309896207,27.674870530416,-53.0825220513088,6,8,8,4
27133,28.0029047407125,28.0029047407125,-17.0906697319373,-6.61626013223423,-19.7479691406275,39.162419406924,6,8,8,2
27135,34.9395741651669,34.9395741651669,-18.8853220303255,-7.92882285921967,-25.1792419271956,46.1645680447663,6,8,8,9
27137,-38.4624878916084,-38.4624878916084,22.6931617988677,6.57638785395872,27.7097042072266,-51.1284633830901,6,8,8,2
27139,-22.6149749258747,-22.6149749258747,11.1530287001098,3.25677231848418,12.7609533251758,-27.5192163472661,1,1,1,1
27141,6.26194858940601,6.26194858940601,-3.86019038305626,-2.90121182561264,-6.69579322027549,10.5390076406542,6,8,8,1
27143,5.13703967189839,5.13703967189839,-3.34216375149605,-1.11036941370264,-4.21797922227107,8.40715071478647,6,8,8,8
27145,-61.854061625344,-61.854061625344,33.8726237540829,11.43534025052,41.7863398137744,-78.3015581063916,6,8,8,3
27147,-80.6855501921057,-80.6855501921057,44.7009112702831,15.5669936210148,53.8861824890655,-104.455366149011,6,8,8,5
27149,-42.22601163625,-42.22601163625,22.0821535376069,8.53915596842879,29.5703206842602,-53.4207155408823,6,8,8,7
27151,27.1520364191524,27.1520364191524,-15.8707988213758,-5.66235494608133,-17.7982650489047,35.4576338772889,6,8,8,9
27153,-16.8919787223174,-16.8919787223174,10.3150802185836,4.01198939613316,10.5888756894547,-20.9895242558791,6,8,8,8
27155,32.8651141608752,32.8651141608752,-20.9188457597528,-7.16335420881599,-21.9028844019675,41.7900465285279,6,8,8,9
27157,32.0325058068612,32.0325058068612,-17.4226672684896,-7.10499486046767,-23.0391635613578,42.0653442054075,6,8,8,3
27159,-16.4175310024321,-16.4175310024321,8.82780811931756,2.32636692932815,11.9030867529624,-20.0863812763243,6,8,8,9
27161,22.165152621115,22.165152621115,-12.9782821130211,-5.1387370516069,-16.3577148484676,30.9462427829313,6,8,8,6
27163,60.8969720692259,60.8969720692259,-33.407786558219,-13.1293452184914,-43.0430703209423,78.0522595577977,1,1,1,1
27165,32.9732702446413,32.9732702446413,-18.0815181747279,-4.96739579295452,-21.9591466062882,42.8986888080291,6,8,8,8
27167,-3.95795025037284,-3.95795025037284,-0.385704203896927,-0.591142614498669,2.04888443145098,-4.31372841240069,6,8,8,8
27169,-30.6172857983756,-30.6172857983756,16.6161994386276,4.64075251576671,21.0913138343128,-38.2837099646372,6,8,8,4
27171,22.0645158858585,22.0645158858585,-12.2733224625848,-5.73553171281569,-17.4765165661953,31.0211192211721,6,8,8,1
27173,30.2319276680077,30.2319276680077,-18.0258495217027,-6.09602898153489,-21.2742717208422,41.3153982242041,6,8,8,9
28001,6.03851816547532,6.03851816547532,-3.07210698663136,-0.587459453678361,-2.23895858452292,5.75976108738861,2,2,2,7
28003,-18.4372946344806,-18.4372946344806,10.7025288807773,4.03293908830167,12.4888066528703,-22.6635529152617,3,4,4,7
28005,-44.6681655064656,-44.6681655064656,23.0880198160776,7.97755993466725,28.9868789026488,-58.1730527058062,2,2,2,8
28007,32.9461017187981,32.9461017187981,-18.8990977615514,-7.72357549815135,-23.5347480169594,44.9879871597579,2,2,2,6
28009,-124.324893546283,-124.324893546283,66.7281547593574,24.8403085424303,81.672543283067,-160.499378308151,2,2,2,1
28011,-5.49332400398411,-5.49332400398411,2.74689434674173,0.707809071401296,6.32718540715619,-8.78687137987924,2,2,2,7
28013,36.4222236313095,36.4222236313095,-19.6024260620274,-6.46224226271259,-25.533875935503,48.2171354526765,2,2,2,9
28015,-138.421201847845,-138.421201847845,73.5287803867025,26.1966868399436,91.484540862563,-179.833294739861,2,2,2,8
28017,79.6499118357634,79.6499118357634,-43.460053161025,-16.3082794879745,-54.886450120303,105.058216189975,2,2,2,9
28019,62.8668097570655,62.8668097570655,-35.3400899985227,-12.9395593693328,-43.1173919949771,82.175883872748,2,2,2,9
28021,130.480286947523,130.480286947523,-72.3310931358815,-27.2517253842007,-88.3985274438805,168.112565024103,2,2,2,8
28023,55.8695371531648,55.8695371531648,-31.2928455893942,-11.6454421315356,-39.4969312597528,73.8201240761695,2,2,2,9
28025,58.7166372714907,58.7166372714907,-32.3878100866574,-12.809911702016,-41.4216250527926,77.6654987200036,2,2,2,7
28027,29.687102134569,29.687102134569,-17.1136451647291,-6.59797387703943,-17.4952878045373,38.2721193952666,2,2,2,6
28029,44.1964510486384,44.1964510486384,-24.3572956510885,-8.82975004799898,-30.637379321527,58.09008261334,2,2,2,2
28031,30.5255140479649,30.5255140479649,-17.415939466184,-6.04700019524978,-22.6417910430236,42.3093045460795,2,2,2,8
28033,10.3258743097346,10.3258743097346,-5.22271292808863,-2.31542878996999,-9.18573328187919,15.757469057046,1,1,1,1
28035,-31.3811017551271,-31.3811017551271,16.9536368059588,5.43183647464625,21.8661447592825,-38.6579691077505,2,3,3,3
28037,9.28906442024404,9.28906442024404,-6.91488527106935,-2.88226983389602,-6.89407414621734,12.2414774336084,2,2,2,9
28039,25.1596882725706,25.1596882725706,-13.0710279568566,-5.06162734630191,-17.6561576459564,33.0078989323884,2,2,2,8
28041,-80.0024606633419,-80.0024606633419,44.0751674761709,15.5895511996016,53.4431978552161,-106.80216728578,2,2,2,8
28043,-34.6675555419945,-34.6675555419945,18.6255685789449,5.91262257839872,23.8450869921719,-43.2862475943447,2,2,2,7
28045,-20.3660940549588,-20.3660940549588,12.1507171059266,3.94617929469322,13.2570592573395,-27.3678022789862,2,3,3,2
28047,10.438242914573,10.438242914573,-3.67664232490701,-1.69243429231469,-6.13623258383699,12.7518531842831,2,3,3,2
28049,-44.4450567358988,-44.4450567358988,24.6154583854565,8.02690258991136,31.1212169087944,-57.0298852157919,2,3,3,2
28051,51.1719629190394,51.1719629190394,-28.5174275837664,-11.8296273962397,-33.3964401731559,65.5693381512429,2,2,2,2
28053,113.941152365309,113.941152365309,-63.6308659666507,-23.6032536875277,-75.7103503986936,148.353500443911,2,2,2,8
28057,64.8659307911034,64.8659307911034,-34.5447953861534,-13.5126730334276,-45.148427115388,85.8447882867629,1,1,1,9
28059,-6.56829004300677,-6.56829004300677,5.22755146641778,1.68485732879299,4.34788470382298,-8.5875077152398,2,3,3,2
28061,94.2016653559703,94.2016653559703,-52.0798866578846,-20.3235397138089,-66.7921790763528,123.842279697987,2,2,2,8
28063,-80.3167149834149,-80.3167149834149,40.9635650496259,14.4569051627413,53.3441304249454,-104.311233002044,2,2,2,9
28065,-2.85615515773413,-2.85615515773413,0.720225638849164,-0.788165836550037,1.22292574497086,-3.50723358775406,2,2,2,8
28067,-57.6286768497662,-57.6286768497662,32.8440082009094,12.0007672644227,38.461475835934,-73.8542761317016,2,3,3,4
28069,96.0663141887253,96.0663141887253,-54.4082907641798,-20.4816187764553,-65.9452333859656,125.034831577202,2,2,2,9
28071,-38.5119470379811,-38.5119470379811,20.478779275946,6.61814303146158,26.6890815573633,-49.7697586609121,1,5,5,4
28073,38.7577426077904,38.7577426077904,-21.485251261708,-8.28026924722116,-27.9142853385831,52.7730645865039,1,1,1,3
28075,-30.3967157293327,-30.3967157293327,16.7348379533964,5.56223873224216,21.5343253468733,-39.6165439307697,2,3,3,5
28077,11.7421743361443,11.7421743361443,-7.03301635453939,-3.09447111727228,-8.8115732786571,16.138486425545,2,2,2,8
28079,29.707397909632,29.707397909632,-15.8015165871888,-5.16585682338619,-21.6859812287211,40.4471570786402,2,2,2,8
28081,-92.629965965306,-92.629965965306,50.8590240460988,18.090282512689,62.2135543592611,-118.708566187156,2,3,3,5
28083,-9.78894551058018,-9.78894551058018,4.39490178458933,1.36575144672145,9.47867943048693,-12.3201986919578,2,2,2,6
28085,-56.1537322821045,-56.1537322821045,29.7809822604723,10.5245282939743,37.3507975739217,-70.8021106930606,2,2,2,6
28087,-64.2917200364418,-64.2917200364418,34.7973150300435,12.2033336521439,44.2164420095523,-82.7651450404652,2,3,3,5
28089,-80.3548645944045,-80.3548645944045,43.0020010501912,15.5426019608163,53.3440196763919,-103.686259792294,1,1,1,2
28091,-28.0977079652837,-28.0977079652837,15.2258609391467,5.4972514306593,18.0371574721998,-34.0791213168036,2,2,2,6
28093,-11.6602805353164,-11.6602805353164,7.1559872135559,2.58367716115435,6.60904441306831,-13.9670784462641,2,2,2,1
28095,38.2592042812913,38.2592042812913,-20.0262455606676,-8.22131800692379,-27.3913585846227,50.6822825575742,2,2,2,7
28097,37.5890232283012,37.5890232283012,-22.2825460725256,-8.77147270581792,-25.1639264035054,49.3390121352596,2,2,2,9
28099,-38.6245096589589,-38.6245096589589,20.4173064243115,7.06431071447014,26.0832510390943,-47.8534902266067,2,2,2,7
28101,25.3686403132761,25.3686403132761,-14.4253133081608,-5.39909529670391,-17.951047585561,34.4653918908796,2,2,2,8
28103,69.5388424653547,69.5388424653547,-40.3260139407963,-14.6878741984102,-48.3308327414247,92.1105735134135,2,2,2,9
28105,44.7761785341489,44.7761785341489,-25.1575457036002,-10.441037771396,-29.5046811252663,58.8936601537161,1,5,5,5
28107,-2.90651570756375,-2.90651570756375,1.11332405255519,0.119127594846857,1.49417133869509,-2.19443676366365,2,2,2,6
28109,53.210077525009,53.210077525009,-27.8715366707152,-10.4832915649355,-37.2478819086303,69.8200433613484,2,2,2,6
28111,-42.5381182159121,-42.5381182159121,22.6994046157638,8.22034326723258,28.5479939630914,-54.5915748215418,2,2,2,3
28113,-26.3255517208474,-26.3255517208474,13.6858678962421,4.55127765931343,18.1475540172643,-32.3257389489754,2,2,2,6
28115,15.7631694283719,15.7631694283719,-7.25828656065205,-2.31287427745101,-13.37311955709,23.7372806701095,2,2,2,9
28117,27.9516375146732,27.9516375146732,-14.9918427876626,-5.93240730380724,-19.6142540689835,38.1299213275369,1,1,1,7
28119,-141.788409722917,-141.788409722917,75.9136325436509,26.3946148278235,96.4776672817,-184.205266052297,2,2,2,8
28121,-34.4258811669427,-34.4258811669427,18.7768176828102,6.25177820573439,21.7962603415178,-43.152048055543,1,1,1,2
28123,-20.4169889693573,-20.4169889693573,12.6462043966635,5.32925447887544,11.7127098440831,-24.0346554195983,2,2,2,2
28125,12.7980670350261,12.7980670350261,-11.898431306796,-4.73528822010016,-8.76431105990462,19.2998800993861,2,2,2,8
28127,-2.19996019422474,-2.19996019422474,1.25268506650882,0.23878719169595,-0.106499285548019,-0.969790748505922,2,2,2,2
28129,11.7024760761872,11.7024760761872,-6.83910698340975,-2.99889198347714,-10.2319548694758,16.3041487584124,2,2,2,8
28131,42.4673747834981,42.4673747834981,-23.1615712512699,-8.74420120850785,-29.2085237961308,54.9625003971703,2,2,2,2
28133,4.47497839499847,4.47497839499847,-2.74424099696082,-1.17737036980361,-0.586416055214376,5.3236722887192,2,2,2,7
28135,13.0353308061134,13.0353308061134,-8.58199519089958,-3.04007161508169,-9.1714839756312,18.3764848544442,2,2,2,9
28137,42.8810673542321,42.8810673542321,-24.0309962163296,-9.20843038646776,-31.0647534046545,57.7893236147625,1,1,1,1
28139,31.6504595015042,31.6504595015042,-16.7666842821856,-5.57919095266923,-22.7168036131669,43.9421838588327,1,1,1,8
28141,38.9698804275689,38.9698804275689,-19.7087854357906,-7.26306985364838,-26.3907374834726,50.183642816887,3,4,4,8
28143,57.2051798630595,57.2051798630595,-34.5953682008462,-13.444111766755,-38.3639616823896,77.9826719543362,2,2,2,1
28145,-29.1438954809646,-29.1438954809646,17.0571199097377,6.23103496717573,18.8509722743255,-36.2276572951252,1,1,1,7
28147,52.2037584676608,52.2037584676608,-29.5043765726735,-10.5706287025569,-37.3637813245028,68.6906340926594,2,2,2,9
28149,-31.9892366309803,-31.9892366309803,16.4783014509566,5.43002545479951,21.1121779343386,-40.162499668325,2,3,3,4
28151,-27.1255580753943,-27.1255580753943,14.71534450719,5.09190256380132,20.0340592655096,-35.2241958429288,2,2,2,5
28153,18.4948606535037,18.4948606535037,-10.9719613838392,-3.70390020079095,-14.0140557559148,26.1794548540453,2,2,2,9
28155,58.6474996084674,58.6474996084674,-33.0679564385003,-12.4793768007314,-41.4529434464796,77.7734703633265,1,1,1,9
28157,-34.2935234557512,-34.2935234557512,17.0312857157101,5.2033921320626,23.7804310814726,-46.7029874439026,2,2,2,8
28159,24.5107737497448,24.5107737497448,-14.031540525169,-5.99241258437359,-16.0851916295199,31.9921238491404,2,2,2,9
28161,60.4448675541729,60.4448675541729,-33.7224348695584,-13.1862184099199,-42.0586693984865,79.6743010737446,2,2,2,9
28163,9.69422842518731,9.69422842518731,-5.49381970381834,-1.35891719164794,-4.73713802728721,10.9791809843169,2,2,2,2
29001,13.3335505623399,13.3335505623399,-7.69274064007531,-3.91344492847879,-6.9141014400684,17.8131476966172,2,3,3,7
29003,47.5523498454716,47.5523498454716,-27.1199665043651,-10.4465367883439,-34.033421907909,64.1468751996593,6,8,8,3
29005,26.9950251747917,26.9950251747917,-17.2064288314221,-5.81384599068425,-18.1954635276904,37.6488866417676,6,8,8,9
29007,2.91577759499541,2.91577759499541,-1.54631814729784,-0.975351238047106,-1.17663892385556,5.08594312240234,2,3,3,6
29009,-35.0233470246737,-35.0233470246737,21.1365697320393,8.34380052267618,23.805130207552,-45.3235371606324,2,3,3,6
29011,37.8703927048432,37.8703927048432,-21.3507417230371,-7.65266623417115,-24.249880884036,50.5616327867934,2,3,3,8
29013,36.5410703849999,36.5410703849999,-20.2281472477006,-7.85907703520597,-25.1508112376505,48.747020869103,6,8,8,1
29015,13.0037872507585,13.0037872507585,-5.71825284382314,-2.16937921891025,-7.9855292868043,14.1036992113238,3,4,4,9
29017,-16.7101333918626,-16.7101333918626,8.481402850149,2.12114542472667,9.77526421219568,-19.1389637571471,3,4,4,3
29019,11.6882646072383,11.6882646072383,-6.64531137618876,-3.54466115381182,-7.12450849172335,15.987427207389,1,5,5,3
29021,-92.132084394393,-92.132084394393,51.974580506513,18.3883001386454,63.8369020822359,-119.309908418909,2,3,3,3
29023,-43.650714721389,-43.650714721389,25.4495641374282,8.41012451005959,31.2243807136591,-56.1510879225284,3,4,4,5
29025,-11.5399676459236,-11.5399676459236,5.52732120416691,1.65977186572397,6.25291142198302,-13.0894938713545,6,8,8,1
29027,-30.3671210288383,-30.3671210288383,16.4114571299324,5.02891267156738,20.0885989368125,-37.9087839775318,6,8,8,3
29029,-49.2306295319886,-49.2306295319886,28.57590774127,10.2471446627587,34.2362545159223,-66.1769891003316,3,4,4,7
29031,-54.8935073074182,-54.8935073074182,30.101962108097,9.89547353050235,36.899436844406,-68.4122702624752,2,3,3,3
29033,45.0850167372859,45.0850167372859,-26.3162027865778,-9.82102889886304,-30.8035386821366,61.134609363177,6,8,8,8
29035,57.279937457758,57.279937457758,-32.6870524598218,-11.7285542392509,-37.4909972098346,75.4133439155381,3,4,4,9
29037,40.2796161248717,40.2796161248717,-21.6256689335194,-8.71766511896618,-29.0662579716269,53.9394110914162,1,1,1,1
29039,3.45644268907343,3.45644268907343,-1.1997672191109,-0.511424500169612,-1.35099176793692,5.40819003730507,3,4,4,8
29041,55.3431599196136,55.3431599196136,-31.9607962235796,-11.9355328949784,-38.8758035871936,73.4560240226049,6,8,8,8
29043,47.3929256299249,47.3929256299249,-25.563810417939,-9.84575825887848,-33.1596042786813,63.221748657544,1,1,1,2
29045,-6.89111737436021,-6.89111737436021,1.7729417602475,0.385923816429075,4.31469879396411,-7.11779220717518,6,8,8,9
29047,6.93973345179152,6.93973345179152,-3.86148133316405,-2.06560609645527,-5.60722975698711,10.9083480701575,1,1,1,1
29049,34.5536766094558,34.5536766094558,-18.8799733921402,-7.74499523609174,-23.5707417378249,45.8205864823047,6,8,8,1
29051,-128.525422006362,-128.525422006362,70.8461572085838,25.1239364080672,86.9585532532198,-165.750595051042,2,3,3,3
29053,28.0277273629204,28.0277273629204,-15.7879935062708,-6.43920601867828,-19.8114771774004,38.0751327294015,6,8,8,3
29055,8.89311576646428,8.89311576646428,-3.76081908472343,-1.77172970259249,-6.23900534933354,12.4160500334043,2,3,3,8
29057,8.78297180171061,8.78297180171061,-5.49685605881543,-1.81975469899599,-5.96507173700219,12.6889448195978,6,8,8,8
29059,30.9749867543999,30.9749867543999,-16.4030230542555,-6.49397058691865,-20.7254181344804,40.0787475112908,3,4,4,2
29061,0.962304603102725,0.962304603102725,-1.61152584032977,-0.417732627989053,-1.32520570459292,3.87312003655977,3,4,4,8
29063,22.8404219011222,22.8404219011222,-12.9800984825634,-5.10950605701438,-16.3039116785392,29.1652444346509,6,8,8,3
29065,57.1123756097963,57.1123756097963,-31.204448781944,-11.1877376910938,-38.3124755427532,74.7008215758159,3,4,4,9
29067,49.4902145095417,49.4902145095417,-26.4539763221149,-9.4260592868329,-32.6980772687613,63.6514049093288,3,4,4,8
29069,19.0917652883296,19.0917652883296,-8.33116576106937,-3.04230178308313,-11.703248544097,25.0681280617058,2,2,2,7
29071,-41.1587266590563,-41.1587266590563,23.4839633811994,7.75867691519784,27.3139421562335,-52.3584205014342,6,8,8,1
29073,33.3218219507497,33.3218219507497,-17.7119342144745,-7.11142191634305,-23.1428520550117,44.0874431179131,6,8,8,8
29075,42.198496410738,42.198496410738,-24.4965348991546,-8.89171405539255,-28.2678453921161,57.3733776649646,6,8,8,8
29077,-27.3872759612575,-27.3872759612575,16.1247807859213,5.26431289247652,19.9665463901328,-34.7649711047408,2,3,3,2
29079,74.3715248555355,74.3715248555355,-40.616759159142,-14.8417376186789,-49.1272821998252,96.884868689097,6,8,8,7
29081,54.5749743222181,54.5749743222181,-30.0062282382697,-11.4626997236351,-36.0654111236173,71.354422922049,6,8,8,9
29083,-10.894958315953,-10.894958315953,6.79381211622152,1.8044739763323,8.49252312035989,-14.0587522985942,2,3,3,6
29085,29.7285091045016,29.7285091045016,-14.8940555798647,-5.72747770538175,-18.8867745566091,35.7404569909858,3,4,4,8
29087,14.6229430296272,14.6229430296272,-10.9588328184479,-3.56112705256146,-10.3142383808141,21.3976548106225,6,8,8,8
29089,70.3836411372776,70.3836411372776,-39.9084685946469,-15.1735663586515,-48.6297218450752,92.6133513665118,6,8,8,3
29091,-44.1677660766813,-44.1677660766813,25.5216917760525,8.7210139774746,31.6350064132767,-56.7043165848995,3,4,4,7
29093,21.6776600894562,21.6776600894562,-10.6183539251955,-4.19242872532442,-12.8470388869184,26.8634938554717,3,4,4,9
29095,42.2352996998107,42.2352996998107,-22.5832626455383,-8.60247150610391,-28.4141330528681,56.3715081017531,1,5,5,1
29097,-49.9689903419008,-49.9689903419008,28.6423552588944,10.3840655930453,35.4425531139711,-63.8300386145063,2,3,3,3
29099,109.290582935185,109.290582935185,-58.9771344130515,-22.5536464787664,-75.8557564102194,144.088856069917,6,8,8,1
29101,11.3020052757017,11.3020052757017,-6.0541504125789,-3.15097369319261,-7.59494101095935,16.3322770912477,2,3,3,4
29103,-69.4225803187664,-69.4225803187664,34.1675244991332,12.7166332422022,46.6435303355128,-86.6818210808498,6,8,8,9
29105,3.85919147603651,3.85919147603651,-0.970272577552782,-1.1114742943707,-2.573228214843,7.43976943930901,2,3,3,6
29107,-5.04837791212326,-5.04837791212326,2.91602022581215,0.482582581831108,2.65549170733119,-4.91164883833782,6,8,8,1
29109,6.54675501582833,6.54675501582833,-2.73031676073799,-0.707099198473676,-4.19539765670662,9.93223690247078,2,3,3,6
29111,60.8111695145427,60.8111695145427,-35.2643699327305,-13.4153106078559,-41.4472813374466,82.2094452503112,6,8,8,9
29113,41.7045756602621,41.7045756602621,-23.491392018214,-9.69036642320247,-30.3200676979899,57.3066244602977,6,8,8,1
29115,38.9267298308326,38.9267298308326,-21.1755888893603,-8.23642178839243,-26.4536634785557,52.7313512636009,6,8,8,9
29117,45.4172490779492,45.4172490779492,-25.4709548706245,-9.84461460914043,-30.2243670702915,60.3896760800756,2,3,3,7
29119,19.715118446549,19.715118446549,-11.1264170813709,-2.83909308306868,-14.8474307866902,28.2242908012061,4,6,6,8
29121,-9.56571319245977,-9.56571319245977,4.69668505125052,1.40653477258896,6.54777714758858,-10.827828841376,6,8,8,7
29123,38.0918612824808,38.0918612824808,-20.2610171851366,-8.0825661446375,-25.274434507554,50.1543707247482,3,4,4,9
29125,-72.6191296156001,-72.6191296156001,38.27400976098,13.870759730054,49.281902671069,-93.3765617697556,3,4,4,8
29127,-28.9246521320992,-28.9246521320992,15.8121437162435,4.57035106449454,20.3937499638368,-36.3781360231915,2,3,3,7
29129,-137.568450236642,-137.568450236642,73.0711582345695,26.9752018931352,93.9803801241345,-178.792586674002,6,8,8,9
29131,12.3552718922104,12.3552718922104,-6.78043460062409,-2.87023390043513,-8.21421184145718,18.0919339850405,2,3,3,6
29133,46.0095566096206,46.0095566096206,-25.1630961776199,-9.8995592898986,-30.7316474909293,61.2067824336155,2,2,2,8
29135,7.55194187047993,7.55194187047993,-4.31755948707161,-0.804906709985093,-6.35075601476656,11.9696833860464,6,8,8,3
29137,35.8178114618098,35.8178114618098,-20.9701710423459,-7.6381069091427,-24.4418224138888,47.4815042870684,6,8,8,9
29139,34.0366139189262,34.0366139189262,-19.5351847539756,-7.54079984680718,-23.4609391724036,45.8351076055522,6,8,8,8
29141,10.5086170338517,10.5086170338517,-4.81151327373442,-1.17253387518295,-6.92351217112445,13.2632801142363,3,4,4,8
29143,-12.0182580695502,-12.0182580695502,6.66745630831861,1.66659896922691,8.0700849523565,-13.7170564862455,2,2,2,9
29145,-53.5617025003749,-53.5617025003749,30.4355962736102,11.3326377292444,36.2176640667671,-68.8919699456128,2,3,3,3
29147,10.4524920163633,10.4524920163633,-6.01161956658256,-3.54024911230338,-6.10542644891098,15.5107841067094,2,3,3,6
29149,96.5068586409129,96.5068586409129,-52.119947284445,-19.5213298481715,-64.5100323008824,125.205543501426,3,4,4,9
29151,33.4745625086176,33.4745625086176,-18.6927472330724,-8.22672594678252,-24.4744446265735,45.6518333760978,6,8,8,3
29153,15.7019697610368,15.7019697610368,-8.39327265841333,-2.83879795130546,-9.71993753328233,19.2130790651771,3,4,4,9
29155,45.9679814753548,45.9679814753548,-25.359052835614,-9.82759960851154,-28.9977717881528,60.6668959491557,2,2,2,7
29157,-45.6168985556169,-45.6168985556169,25.3393151444121,8.70898743304441,31.2612491336455,-57.8559263830288,6,8,8,6
29159,-72.4318879328035,-72.4318879328035,40.8732186974287,15.2799951049414,49.9261664208123,-92.8155992395367,6,8,8,5
29161,-75.3865504595525,-75.3865504595525,42.104033181421,14.8183951849852,52.8692470495941,-98.2279482822839,2,3,3,5
29163,-3.92491915365434,-3.92491915365434,2.1811920187805,0.779464566070234,3.17899833230071,-3.99988963745944,6,8,8,8
29165,-30.9593862862673,-30.9593862862673,15.8947955923198,5.34360171951395,19.6745688083483,-38.343200896113,1,1,1,1
29167,8.99433502016339,8.99433502016339,-4.06703893640069,-2.32787434067935,-5.86336460169014,12.9782969105031,2,3,3,2
29169,16.5143848185927,16.5143848185927,-7.60170970343123,-3.28217213721438,-9.01159365722307,19.811947410008,2,3,3,5
29171,-56.021182663219,-56.021182663219,28.6726829780262,10.0807349111487,38.7946535504268,-73.687828502928,6,8,8,9
29173,124.330733147915,124.330733147915,-67.6725523738142,-25.7508915048375,-86.3546881015253,163.014765453692,6,8,8,9
29175,-31.2997214550401,-31.2997214550401,17.2482885192337,5.6542395632273,20.9123522772684,-38.7115084579193,2,3,3,6
29177,26.2880895835253,26.2880895835253,-14.8068113917223,-6.08975323418789,-18.6059274886596,35.3925771600381,6,8,8,1
29179,117.748292407356,117.748292407356,-64.4916730008696,-23.4351965088846,-79.3251139066916,153.336802525854,3,4,4,9
29181,51.0371381256152,51.0371381256152,-27.296689243628,-10.2319830462168,-33.4370621463644,66.2269752674965,2,3,3,9
29183,51.6275783309422,51.6275783309422,-28.2202951227829,-11.3321145131789,-36.9117616910618,68.5635540934391,1,1,1,1
29185,4.44713858766085,4.44713858766085,-2.35728862144421,-1.12497413642775,-3.2448153876826,6.05870242425507,3,4,4,8
29186,-11.8422453769192,-11.8422453769192,6.25174933581502,1.36450845733642,7.27561866815824,-14.0669852347782,6,8,8,8
29187,-47.3981859767769,-47.3981859767769,27.6377417582961,9.37400606771125,33.3910808961027,-61.6670803806654,2,3,3,4
29189,9.64461727036053,9.64461727036053,-4.96056395038142,-2.32106444441044,-6.7155722075099,11.9671934803922,1,5,5,1
29195,6.23576385158551,6.23576385158551,-2.81581027362455,-0.679831456799084,-3.47886097946376,9.06303294552723,6,8,8,7
29197,-165.162099408592,-165.162099408592,87.6288939744074,31.5864500478119,111.623351487518,-212.945401492882,6,8,8,9
29199,24.743950958597,24.743950958597,-17.3345514141503,-5.05328867385541,-18.2115477426833,37.039316765812,6,8,8,9
29201,-51.5349234794015,-51.5349234794015,28.2708769524419,9.51493912047275,34.2816076335471,-63.6849467255534,2,3,3,4
29203,-20.3890844862035,-20.3890844862035,10.8880644394166,3.78121862853371,14.9437449380093,-27.3588374890451,3,4,4,9
29205,46.8104023969017,46.8104023969017,-27.6053619666258,-9.55634976511792,-31.3967704768605,62.740214748867,6,8,8,9
29207,-1.59051573799354,-1.59051573799354,1.69116267133241,-0.019419246566831,1.23826919636286,0.207624649132571,2,3,3,6
29209,45.1326004873782,45.1326004873782,-22.9876377120423,-8.4715186088512,-30.4020823008703,56.5293228605148,3,4,4,6
29211,129.87342666928,129.87342666928,-71.9600602014721,-24.8911106097961,-88.5358296449383,170.306592134375,6,8,8,9
29213,-45.8196083805188,-45.8196083805188,26.191294757357,9.43917662867432,31.1857264292063,-58.1184682879129,2,3,3,4
29215,18.683952740909,18.683952740909,-8.71587318403124,-3.43750698569972,-11.7357212853429,23.6866598466863,3,4,4,9
29217,0.805084034402982,0.805084034402982,0.10932180909573,-0.12730726427394,0.444751980695582,2.53605016952243,2,3,3,6
29219,25.5428023366162,25.5428023366162,-14.1556123534112,-5.88469967209925,-18.9185549517094,35.1529789130937,6,8,8,1
29221,1.27304902506309,1.27304902506309,-0.415490761355186,-0.919780476770212,-1.43122524937188,2.63713179189802,3,4,4,8
29223,54.8071208985293,54.8071208985293,-29.2897835679766,-10.851452027822,-35.2794805808593,68.9829853802475,3,4,4,9
29225,23.405828167195,23.405828167195,-12.4619345714163,-5.13969400672698,-16.5559548215492,31.9953408373312,3,4,4,2
29227,-855.217380521923,-855.217380521923,462.64914441508,167.283654060227,582.572929002617,-1112.63679172805,6,8,8,9
29229,20.5037339561166,20.5037339561166,-10.3343229368373,-3.96855185052665,-13.2609790660999,27.5262119405335,3,4,4,8
29510,-33.93996729991,-33.93996729991,17.5608497009403,5.29492593761722,24.1433794898467,-42.3539568767798,1,5,5,1
30001,55.0240437034301,55.0240437034301,-31.2410319868755,-10.9606410728324,-36.4784707411349,70.6171788936781,5,7,7,9
30003,71.475329826244,71.475329826244,-40.5155119232985,-14.813514762672,-46.3706799769612,92.8602161661069,4,6,6,8
30005,53.8912554304796,53.8912554304796,-31.8189223135801,-11.8425165880369,-34.3996486763011,69.3289490801657,4,6,6,9
30007,11.423388624426,11.423388624426,-8.1524861022993,-3.20229334658682,-8.32286176105448,14.2677176892445,5,7,7,3
30009,66.3028848183168,66.3028848183168,-37.5908352608835,-13.6956040309466,-44.9007312532787,84.6181345556863,5,7,7,3
30013,-45.6155971397004,-45.6155971397004,25.5683207099226,8.83130294238275,32.1471551768462,-59.6279685289577,5,7,7,3
30015,-41.4547231896614,-41.4547231896614,19.7596228153936,7.989205404081,28.5604633466241,-54.2829383834521,5,7,7,8
30017,29.7635579444641,29.7635579444641,-17.5277883517195,-6.54481818284377,-19.8850032003709,40.0719079360667,5,7,7,7
30021,65.9521767880204,65.9521767880204,-37.9831540209267,-14.172418508,-45.3642766256499,87.2912849537019,5,7,7,7
30023,92.9532781596855,92.9532781596855,-49.6810590613112,-18.7774175974571,-61.4054681177292,117.992049725898,5,7,7,7
30025,38.3781113531112,38.3781113531112,-26.307693295291,-9.7106335926622,-26.5683840450682,51.1888379503237,5,7,7,9
30027,77.4244036568677,77.4244036568677,-43.1952727424709,-15.788041626696,-51.9127827648553,100.811800872424,5,7,7,7
30029,-65.3898251099622,-65.3898251099622,36.5570376041936,12.8710729873125,44.9571944436416,-85.5571003687178,5,7,7,5
30031,-48.4260308464757,-48.4260308464757,25.1851556003488,8.24827177545123,33.0357372037639,-62.4997658569638,5,7,7,3
30035,45.1647170749601,45.1647170749601,-26.4358827534822,-9.75179909835799,-26.831683944225,57.7844104861911,4,6,6,9
30041,15.8099047958995,15.8099047958995,-10.2377085778964,-3.91825834185131,-9.61841608268536,21.7280711712213,5,7,7,7
30043,36.0402326748824,36.0402326748824,-21.0468981345559,-8.01801316185621,-25.6069632880417,45.7006916317064,5,7,7,3
30047,-4.21457421551773,-4.21457421551773,2.96839403700183,1.24667138153406,4.85757675281342,-8.1585586632603,5,7,7,6
30049,-72.9391208946323,-72.9391208946323,40.2693418690885,13.999076878776,49.9324967039275,-95.5658970877175,5,7,7,3
30053,-41.355118132362,-41.355118132362,24.609158757543,9.613281090326,30.6659062273131,-57.6876138899558,5,7,7,9
30057,93.3075767521524,93.3075767521524,-52.8506612869862,-18.6247905743604,-63.9158561345983,118.390775901975,5,7,7,8
30059,-44.1793498554881,-44.1793498554881,20.6161876114524,8.31547829767701,30.4948353415746,-58.4087318735057,5,7,7,8
30061,-0.252965589118789,-0.252965589118789,-0.226344915079411,-0.126252857190112,1.32003384968885,-3.71688632889463,5,7,7,3
30063,-17.3221172148186,-17.3221172148186,8.93545089054882,2.3250485906349,12.5555045381637,-21.9144323293992,5,7,7,3
30065,-23.8167859010736,-23.8167859010736,12.0959120598996,4.7369966507863,17.7466755242799,-34.4962972700592,5,7,7,8
30067,-17.0609135218156,-17.0609135218156,9.38955599179673,2.96741606268288,12.6020889506637,-24.7545450843539,5,7,7,6
30071,18.8612655922925,18.8612655922925,-12.9769509489265,-4.13352567941508,-12.7818993327,24.6016914842061,5,7,7,9
30073,102.893880729777,102.893880729777,-59.5531352466994,-20.7026400693319,-68.5181701164999,133.967291160338,5,7,7,9
30077,70.9503718499235,70.9503718499235,-38.0260882845575,-13.3577971438641,-47.2385219728639,88.1836899438703,5,7,7,8
30081,-33.164577321661,-33.164577321661,19.1521889658797,7.13187704007865,23.1560419505795,-45.5291351045523,5,7,7,6
30083,-2.92704966629082,-2.92704966629082,-1.71013737128646,-0.200454209638933,0.638064178358087,0.264122907845138,5,7,7,7
30085,62.6138990410759,62.6138990410759,-35.8579564306511,-13.7848065829083,-38.6410713404813,80.8723416999349,4,6,6,9
30087,110.449243798464,110.449243798464,-62.7270583791916,-22.3299273034246,-72.8350214391389,144.144411967349,4,6,6,8
30089,23.9724250861204,23.9724250861204,-11.9987823336406,-3.86535204361357,-14.0699462484283,26.0866363541072,5,7,7,8
30091,77.589881995867,77.589881995867,-45.7123807825233,-15.8575471330366,-52.2045197071368,100.455330601406,6,8,8,9
30093,-42.8127986328244,-42.8127986328244,23.8872152841249,7.94441068111108,30.9577406888612,-56.657536829945,5,7,7,5
30095,58.4883465520567,58.4883465520567,-33.6605213313735,-12.7583708960457,-40.7073710137137,74.8309534502813,5,7,7,3
30097,101.479240361388,101.479240361388,-59.076889800609,-21.5028699038243,-69.4434322348993,132.204443723996,5,7,7,8
30099,18.8801828934422,18.8801828934422,-12.5041639987508,-4.36334932140071,-13.093339759167,24.9120154277373,5,7,7,8
30101,59.7011120994413,59.7011120994413,-35.2529301281556,-11.6415315855467,-40.1240969779007,77.7013246183967,5,7,7,9
30105,130.293162702039,130.293162702039,-73.4883909102818,-26.6819963751607,-88.1541783595977,169.518118579451,5,7,7,9
30107,-211.400111478347,-211.400111478347,112.000278555684,40.840860525319,145.698048562928,-277.665772695438,5,7,7,9
30111,-40.8295736654179,-40.8295736654179,22.2919155628806,7.48055272525854,27.8220947379909,-51.870125203899,5,7,7,3
31001,-37.5541350676751,-37.5541350676751,20.4362705058543,7.85311441352409,25.7573816481229,-47.5118598731715,6,8,8,4
31003,73.9618697335355,73.9618697335355,-42.7110349786804,-14.5500461414938,-51.0588315928419,98.6780012234859,6,8,8,9
31011,91.7180372457298,91.7180372457298,-51.7954267966858,-18.1593349656325,-62.3059307802003,119.865152158931,6,8,8,9
31013,64.9885823258388,64.9885823258388,-37.0469328039688,-13.2898211082187,-45.212393570538,85.2160061183642,6,8,8,7
31015,-216.951672168331,-216.951672168331,114.424693842168,42.8322336163022,147.525490886714,-282.501251439628,6,8,8,9
31017,149.201293419088,149.201293419088,-84.187239766831,-28.7305041353712,-99.7649795742775,194.635274351914,6,8,8,9
31019,-57.716548022885,-57.716548022885,30.65646620847,11.2020909770366,38.8100388998027,-71.6054217395074,6,8,8,4
31021,2.58643524411074,2.58643524411074,-3.74336327286205,-0.948963085604827,-1.71926484724347,4.67476952642503,6,8,8,8
31023,60.0662853562808,60.0662853562808,-34.9025945228623,-12.5401766475404,-42.4472898467907,80.3398256103256,6,8,8,8
31025,8.30961450134248,8.30961450134248,-5.31783069163098,-2.64132085227891,-7.31359180431762,11.9023936698293,6,8,8,2
31027,55.9209170692156,55.9209170692156,-32.7846813015833,-11.8666931547938,-39.3795459375277,75.972365807199,6,8,8,9
31029,146.277196341149,146.277196341149,-82.2410916557469,-27.3337235375779,-99.9179443002691,191.790696992194,4,6,6,9
31031,114.41898247959,114.41898247959,-65.3070125899599,-22.7279024434829,-78.0636722103793,152.446613560891,6,8,8,9
31033,71.1051318546031,71.1051318546031,-39.3781511934207,-14.227920437354,-47.7273248872517,93.4615479821796,6,8,8,7
31035,71.2722351388556,71.2722351388556,-41.1069663107611,-14.408183987263,-50.1616517174144,95.401490220611,6,8,8,9
31037,-0.0416759324570036,-0.0416759324570036,-1.29495499782382,2.53857661795959,-2.86207119260323,4.1092199001677,4,6,6,7
31039,53.8216882953787,53.8216882953787,-31.6585707143688,-9.89963766859504,-37.7541807688221,73.9053283588406,6,8,8,9
31041,37.566901029644,37.566901029644,-21.169172414017,-7.48873520028429,-25.4872720315578,50.6360161755356,6,8,8,9
31043,-72.1723206956678,-72.1723206956678,38.3776604319849,15.9216612114363,46.9837202934641,-88.4215886943761,6,8,8,3
31045,116.074102234436,116.074102234436,-64.415844184882,-24.1760007835744,-78.2035383969665,152.339856116089,6,8,8,9
31047,-49.6508586974402,-49.6508586974402,26.9633578221254,12.2785641260255,31.9011877305458,-60.1181412667349,6,8,8,7
31049,-251.640148701283,-251.640148701283,134.998254770717,49.866857453508,171.252694056431,-329.597957262506,6,8,8,9
31051,58.7088394571194,58.7088394571194,-33.8397865803996,-10.6700534381331,-40.6117200409194,77.9925794755295,6,8,8,8
31053,-36.4811064792657,-36.4811064792657,20.4736445792473,7.95859509044575,24.5716693738083,-45.8131452758935,6,8,8,4
31055,26.2840426260123,26.2840426260123,-14.4936616545065,-5.17872931084008,-18.1418131021323,35.6192850052128,1,5,5,2
31059,68.4265355996532,68.4265355996532,-39.8650916434056,-14.1439660220791,-47.018030214749,91.2442378428302,6,8,8,8
31061,-112.914794244954,-112.914794244954,59.0971943226932,21.9447977063667,77.169355558576,-147.195490271313,6,8,8,9
31063,-21.8738492853214,-21.8738492853214,8.91117504143231,3.91846674730262,14.3485986951815,-27.831224999223,6,8,8,9
31065,97.9664182970382,97.9664182970382,-55.2687272024071,-19.1497585020288,-65.6521289901751,127.289812068079,6,8,8,9
31067,-19.9747098663223,-19.9747098663223,10.9421693853926,3.61210010547687,13.6234032761005,-24.0487296636567,6,8,8,6
31071,42.5913261987678,42.5913261987678,-28.1159045365897,-9.84669217166379,-29.4860387699826,57.7999876077027,6,8,8,9
31073,-542.545466088849,-542.545466088849,290.94942328582,105.736137145517,367.35033249385,-705.888967683678,6,8,8,9
31077,-228.360536073511,-228.360536073511,120.060909403702,44.292683493236,154.999695051858,-296.271773841917,6,8,8,8
31079,-84.7197267569007,-84.7197267569007,46.3995108713454,18.2704952732766,57.5664158549433,-108.163897635824,6,8,8,3
31081,46.8521931541703,46.8521931541703,-27.7156310388271,-9.82892800435771,-32.9173521161927,63.2121974067911,6,8,8,8
31083,-11.8978500135432,-11.8978500135432,2.73390573540397,1.90714347873701,6.51452182432757,-14.5086811050244,6,8,8,9
31087,-279.810437930497,-279.810437930497,148.93390037364,55.0043269120036,190.831126342715,-363.905994424622,6,8,8,9
31089,28.3896448152813,28.3896448152813,-17.0392008213864,-5.65266084117635,-19.1432316832337,39.2734749307761,6,8,8,9
31093,37.549867552069,37.549867552069,-22.1380775256923,-8.25480946139552,-26.5525118678343,49.7137449195369,6,8,8,3
31095,90.677713940917,90.677713940917,-49.9512345323898,-17.427986839974,-60.9692808932732,118.650242427661,6,8,8,9
31097,-7.39090146960126,-7.39090146960126,3.3599850975159,2.26672816601651,5.65595601384902,-11.2302942555121,6,8,8,8
31099,50.9136829480484,50.9136829480484,-30.6342663365193,-10.6964412990944,-36.5236155765047,69.1799429016888,6,8,8,9
31101,87.3232472363299,87.3232472363299,-48.656266329338,-16.3724840660682,-60.2140386113554,114.4117139245,6,8,8,9
31105,117.430365846859,117.430365846859,-66.1120678454918,-22.2229804152817,-78.9192612204745,153.208380421083,6,8,8,8
31107,84.3671828832293,84.3671828832293,-47.4605605777254,-17.1131510833988,-57.6586557376359,111.630517421008,6,8,8,9
31109,17.3474749338783,17.3474749338783,-9.69248248085477,-3.78313855243575,-11.4031858742868,24.0238045192471,1,5,5,2
31111,-26.1328749341582,-26.1328749341582,14.0344048323353,4.99030037721375,17.723687131563,-32.1946594940821,6,8,8,5
31119,-84.359848210122,-84.359848210122,46.0752951761467,17.5230922211124,57.6906772760891,-107.515818355378,6,8,8,5
31121,9.89586711584443,9.89586711584443,-7.07777985170121,-1.89502448596532,-7.57628621461884,15.4756966048182,6,8,8,3
31123,75.2079990838224,75.2079990838224,-43.6039377670692,-14.5370721343633,-50.9830022477097,98.5824901819799,6,8,8,9
31125,-33.1938939773848,-33.1938939773848,15.0610834475861,4.79302569297371,22.4971786983901,-41.9006091395527,6,8,8,8
31127,84.5862656503017,84.5862656503017,-47.9907374846112,-17.8002373158779,-56.3843128465658,111.399759071181,6,8,8,9
31129,101.597951724713,101.597951724713,-57.7284058490269,-20.3102154254322,-70.1184019159109,133.472587976758,6,8,8,9
31131,20.8579113781838,20.8579113781838,-12.0075950960709,-3.89556013549386,-14.7615053240055,28.415624592707,6,8,8,6
31133,-99.5336513873786,-99.5336513873786,50.8140789172718,18.4511468959222,67.7939317972454,-130.508801836442,6,8,8,9
31135,34.802088951418,34.802088951418,-23.0604855913517,-7.08915284820987,-25.0522805354893,48.1002538234549,6,8,8,9
31137,17.6444593825957,17.6444593825957,-11.4688887941959,-3.63820146688988,-11.9601209297779,25.3397070832958,6,8,8,7
31139,13.6686591594589,13.6686591594589,-10.5635269639098,-3.43418440552092,-11.3263759265171,21.463340949609,6,8,8,9
31141,-90.0160482003334,-90.0160482003334,49.8177280296979,19.1859258725969,60.7740068644047,-115.105485862282,6,8,8,5
31143,10.5345698511704,10.5345698511704,-8.38579077302514,-2.17908500969808,-8.72319561700112,17.1650633515611,6,8,8,8
31145,53.5162095251785,53.5162095251785,-30.2999084081318,-10.6612014229727,-35.5912652786107,70.5767864768767,6,8,8,7
31147,51.0910581018123,51.0910581018123,-28.9837161667044,-10.7328208490647,-34.650064252321,67.6203379952371,6,8,8,9
31151,1.23234728383777,1.23234728383777,-0.37154682253063,1.17355405048376,-1.97059160477054,3.42375094518665,6,8,8,6
31153,23.749335707101,23.749335707101,-13.3294114245904,-5.4068430199485,-17.515740185207,32.3938707025076,1,1,1,2
31155,27.2514176607903,27.2514176607903,-15.9981014818452,-6.53981854433964,-20.0166797013298,36.6873389091513,6,8,8,2
31157,-34.4623006230698,-34.4623006230698,19.243239272949,7.73895909096187,24.2193182900393,-44.2109575312534,5,7,7,5
31159,33.1727731058346,33.1727731058346,-19.6543753859369,-7.80455859942715,-23.6533260017001,45.2547862326827,6,8,8,2
31161,78.1679541357852,78.1679541357852,-44.2714430218272,-14.9095379338703,-53.4450998855189,102.38736854984,6,8,8,9
31163,-158.956492329339,-158.956492329339,83.0473522662656,30.3678990896401,106.764570592035,-204.921746297955,6,8,8,8
31167,-69.9976700936591,-69.9976700936591,34.9205978246499,12.6856632433727,46.2712237251039,-89.0208089460599,6,8,8,9
31169,124.539405852965,124.539405852965,-70.0459053330698,-25.0325089460952,-84.7429595257959,163.45612033854,6,8,8,9
31173,131.116102374995,131.116102374995,-74.541564617386,-26.9587292410525,-87.8029900417127,173.367258654783,4,6,6,8
31175,92.0264337955913,92.0264337955913,-52.910596925213,-18.2661470884899,-62.7468933958016,122.088405386908,6,8,8,9
31177,-41.0845743003548,-41.0845743003548,21.5033532513073,7.3511429552982,27.0941948237426,-53.1901269764702,6,8,8,2
31179,83.8197371701503,83.8197371701503,-47.1165201930371,-17.060610050573,-56.4633877685995,111.008595468433,6,8,8,7
31181,-23.3052302326114,-23.3052302326114,9.75934080678583,4.15211047713203,15.3042472236521,-28.2844267941702,6,8,8,9
31185,10.7596191577696,10.7596191577696,-7.17539832562514,-2.35903714857241,-7.5001950550438,15.4651765757546,6,8,8,6
32001,-51.5830665848384,-51.5830665848384,28.2421922460638,10.6998128024521,35.807875888919,-68.3547819263355,5,7,7,6
32003,126.487269972858,126.487269972858,-67.2376058722818,-23.4332081605082,-84.8531382636518,163.295280883704,5,7,7,1
32005,-101.373017181226,-101.373017181226,56.7906239986327,21.6112041858633,70.0047447655509,-137.817297442548,5,7,7,4
32007,-77.5956843821127,-77.5956843821127,40.8975786704071,15.733714705816,50.8693314058245,-98.1860990966284,5,7,7,5
32013,-44.3599995663906,-44.3599995663906,22.3831004551254,9.66739220083367,28.1374482520898,-55.7078471351461,5,7,7,7
32015,44.7838717635708,44.7838717635708,-28.5266157090005,-9.5179170212875,-33.0652948834036,60.0168029470385,4,6,6,9
32017,74.8912146631389,74.8912146631389,-42.6164994953899,-15.2328630594888,-50.8048393363324,94.642012144823,5,7,7,8
32019,-8.89215678776237,-8.89215678776237,5.68209855973778,2.91070217341877,6.12917846596122,-12.8062930825914,5,7,7,2
32021,87.8404709069552,87.8404709069552,-49.4314840625001,-17.9450740982923,-58.1726697058577,111.158472953156,5,7,7,8
32023,-71.6733757756007,-71.6733757756007,41.2443581115849,16.040320441995,49.8474714515165,-97.5296789555163,4,6,6,4
32027,72.5401759973341,72.5401759973341,-41.5496423447277,-13.6330482468116,-50.7789906537754,93.0690887136183,4,6,6,8
32029,25.7885273132209,25.7885273132209,-12.2354714490361,-3.4661878883156,-17.4050982563327,27.4993729177484,5,7,7,2
32031,29.2320408381354,29.2320408381354,-15.609689930634,-4.81282924829881,-19.1319064050076,36.890872437965,5,7,7,2
32033,54.4852131299843,54.4852131299843,-30.2314861421788,-10.2243799548075,-37.257048523335,69.2943523575899,5,7,7,9
32510,-130.591621775558,-130.591621775558,72.558586334132,27.5731345615107,89.9983960584742,-171.583955158292,5,7,7,3
33001,-29.8656734663804,-29.8656734663804,16.6198152542039,5.08147466699246,19.8902770687891,-40.182853507197,1,5,9,4
33003,-18.9661558127125,-18.9661558127125,11.7479456642459,3.40845478738681,12.9428008179328,-28.0576420280159,1,5,9,6
33005,-28.7634343944118,-28.7634343944118,16.1137541076419,4.56774403065242,19.4594861804792,-38.0385117284146,1,5,9,4
33007,-35.9290442477759,-35.9290442477759,20.9100997902675,7.06786361743507,25.3981217718659,-48.3291658993507,3,4,10,7
33009,-78.2742767852579,-78.2742767852579,42.9497088578268,14.535672357344,53.7068174992254,-103.993927325162,1,5,9,5
33011,26.6316001388901,26.6316001388901,-15.072898131968,-6.42519706354916,-19.1245147759065,34.8140856949799,1,5,9,2
33013,-62.2743821286859,-62.2743821286859,33.7019191872396,11.0402071579581,41.8055702147469,-81.333968910502,1,5,9,4
33015,-18.0967080640214,-18.0967080640214,9.43518663963829,2.04011757687137,10.913610754496,-24.3478023065888,1,5,9,1
33017,50.4374970632094,50.4374970632094,-28.4264997901099,-12.0605143633538,-35.4620940125931,66.6712162991282,1,5,9,1
33019,-21.032195070894,-21.032195070894,12.059581516914,3.18368359272106,14.5045975440074,-28.7627034265627,1,5,9,7
34001,1.15614795267297,1.15614795267297,0.996329116619315,0.291095291957791,-0.570260836535737,0.053939845940869,1,5,9,2
34003,46.7766073080087,46.7766073080087,-26.019676311619,-9.35509802396187,-32.5250076814501,58.0151071757035,1,5,9,1
34005,1.46573437212626,1.46573437212626,-0.836448954763915,-1.08203581700401,-2.10131242413671,0.914058068715157,1,5,9,1
34007,66.7478273862017,66.7478273862017,-36.0919793267174,-13.5694540365391,-45.5019973769316,86.3849226136533,1,5,9,1
34009,-10.6497658136016,-10.6497658136016,7.25895540731912,2.06597518925503,6.60217063694552,-16.7256502951006,1,5,9,2
34011,-67.6501161478759,-67.6501161478759,38.2376670074511,14.6160870423496,46.6417955228384,-88.6969344200114,1,5,9,3
34013,64.0382427705207,64.0382427705207,-36.2368446325032,-12.7916045227388,-43.2003550063306,82.705462907305,1,5,9,1
34015,10.9747750846087,10.9747750846087,-5.49215600392564,-3.16514499641605,-8.68813517663412,14.2436568523196,1,5,9,1
34017,110.372454018235,110.372454018235,-63.6572174191447,-22.7584407525232,-75.4847726002776,145.016999312425,1,5,9,1
34021,-83.0130480603462,-83.0130480603462,44.7440889606425,16.635251982431,56.2604455738966,-109.223647594054,1,5,9,2
34023,7.57759096016733,7.57759096016733,-4.85323233707947,-1.45352873473515,-5.79465112781994,8.32587186516377,1,5,9,1
34025,40.754471035459,40.754471035459,-21.8860235056665,-8.6544120886912,-28.7076301863977,50.3272943181208,1,5,9,1
34029,66.6388792896392,66.6388792896392,-33.8424591705234,-13.0962507640322,-45.1125261898471,83.9830808251963,1,5,9,1
34031,65.848069745637,65.848069745637,-36.0969054010697,-12.4598379989931,-44.7042516723159,85.6007482205653,1,5,9,1
34033,-22.1653105204096,-22.1653105204096,12.8496091320279,3.6373152380411,15.0392176127578,-29.7859156628335,1,5,9,1
34037,41.0904541699342,41.0904541699342,-22.0186838174197,-8.86389833992199,-29.4848494149036,51.6292337785739,1,5,9,1
34039,21.8184364907301,21.8184364907301,-13.0940056937224,-3.942235472108,-15.8255504338877,28.2436619165448,1,5,9,1
34041,29.5188239841776,29.5188239841776,-15.6035987161364,-6.43780968393994,-21.3399277728921,37.147519995745,1,5,9,2
35001,22.4157742896112,22.4157742896112,-10.6697973140841,-3.15836533855407,-12.9626856227737,26.2760553232295,5,7,7,2
35003,-213.639355748778,-213.639355748778,116.537816471395,43.8221948212396,147.341358706764,-286.069569506633,4,6,6,9
35005,-26.7870323263476,-26.7870323263476,15.5135011658253,7.49528513637539,20.4288650292328,-35.979953084288,4,6,6,5
35006,1.69677330147232,1.69677330147232,-0.202448892206158,0.600402113785935,2.41128406816737,-1.62487251594931,4,6,6,6
35007,74.9684081325799,74.9684081325799,-39.2737612283336,-12.9235356233819,-48.6684620649329,92.7866379504136,4,6,6,7
35009,-44.3821301378525,-44.3821301378525,24.9678862895248,10.4710974683221,32.7071270881713,-59.7034697021215,4,6,6,5
35013,5.85206523378138,5.85206523378138,-1.69717726556769,0.949331307624613,-1.88994586985284,5.63004441952425,4,6,6,3
35015,-106.832222941552,-106.832222941552,57.5737185713906,22.5731628142775,72.408849318757,-138.399947960342,4,6,6,5
35017,-28.5123593534682,-28.5123593534682,17.4821007210773,7.71646291411861,22.4614126450113,-42.2364991042684,4,6,6,7
35019,133.989421215785,133.989421215785,-75.4316395908748,-24.5025598181524,-89.3047729023905,172.457522852686,4,6,6,9
35023,96.9106066269232,96.9106066269232,-54.1536975376566,-17.8747573230755,-64.3583385036286,122.878128411565,4,6,6,9
35025,-125.291171427853,-125.291171427853,67.9108996377446,26.9438665922429,85.4060588906767,-161.79294240252,4,6,6,5
35027,40.3144795765611,40.3144795765611,-20.7217553174729,-6.33846484827033,-26.3268943770072,48.4276117941752,4,6,6,7
35028,-206.1299634268,-206.1299634268,110.370682883169,39.9612208385965,139.507273513826,-270.755506123582,5,7,7,6
35029,-47.8707019336339,-47.8707019336339,27.0907067448989,12.6404708686534,35.1564185968433,-64.2869424819238,4,6,6,6
35031,-54.8700302422535,-54.8700302422535,30.4349764092067,11.1081161708887,41.2699996480981,-73.3615312553106,4,6,6,5
35033,-294.583575695746,-294.583575695746,159.643405497798,59.1004264814096,201.900264396756,-388.980279947569,4,6,6,8
35035,2.96418893226921,2.96418893226921,-0.365670399030517,0.850769490877048,-0.572892899119208,1.45339563225268,4,6,6,4
35037,83.9475491979025,83.9475491979025,-46.0448768429712,-16.0291531598529,-54.5145744249448,106.65311604181,4,6,6,7
35039,36.3466246654432,36.3466246654432,-19.181955256234,-5.62833054337189,-24.5826077725167,44.9555170758526,4,6,6,6
35041,27.0944428604951,27.0944428604951,-14.8655189980342,-4.00896418537715,-16.3682033544018,35.1591571727888,4,6,6,7
35043,21.5450572322183,21.5450572322183,-10.3201467860808,-3.30496564733332,-14.2695149531998,24.9965384552303,4,6,6,2
35045,-92.0415884724837,-92.0415884724837,50.3328449100502,19.1078230769345,64.3035945374347,-119.843886059058,4,6,6,3
35047,52.9060599545102,52.9060599545102,-27.2673086760551,-8.98605126000667,-33.8269680304885,63.7998550187436,4,6,6,6
35049,4.34900195699675,4.34900195699675,-0.691363613760305,1.03651934717887,-1.68830152552041,0.0349656555228644,5,7,7,3
35051,91.542327904744,91.542327904744,-48.1630665473402,-15.7864121158878,-59.3063245628686,112.926702483355,4,6,6,6
35053,19.0123572955756,19.0123572955756,-9.56105260182242,-1.89301418574507,-9.4797555350946,20.1269234060525,4,6,6,6
35055,28.5410569199459,28.5410569199459,-13.4292643060925,-3.97868785890398,-16.8391919805701,31.1865967449044,4,6,6,7
35057,59.6486982392653,59.6486982392653,-33.3028061837412,-11.0402888259128,-42.0597474989855,77.1432758222017,4,6,6,2
35059,139.639267791592,139.639267791592,-77.5517477620684,-26.0114927470655,-91.7000908683527,177.396907376739,4,6,6,9
35061,5.75849840393801,5.75849840393801,-1.81489901338268,0.882840716334289,-3.52124097834285,4.82119214331078,4,6,6,2
36001,-61.7665220994601,-61.7665220994601,33.503526869757,11.4270979182176,42.8812727889743,-80.9917135475248,1,5,9,2
36003,-1.6527897432777,-1.6527897432777,2.20388781456714,-0.447433703496152,2.2741266200932,-3.43693203604523,3,4,10,7
36007,-17.2055751974336,-17.2055751974336,10.7563163796364,3.10342651030035,13.980148808848,-24.1326121544494,3,4,10,3
36009,-31.0100220962348,-31.0100220962348,18.341967675645,5.50234115394958,22.3389212003516,-40.9572618082377,3,4,10,4
36011,-28.3547542811092,-28.3547542811092,16.072286895849,5.02814526577195,19.4921517285421,-36.5274723944831,3,4,10,4
36013,-20.7689226649613,-20.7689226649613,13.2914262842346,4.28528976609566,16.1725890688957,-28.4081804815124,3,4,10,4
36015,-52.20208348205,-52.20208348205,29.7183318286603,9.76822094242725,37.0303696620934,-69.0792378643058,3,4,10,3
36017,-46.9481342238241,-46.9481342238241,26.635511221826,8.83041347847001,31.8395518503922,-60.5313891635834,3,4,10,6
36019,-30.7891393582598,-30.7891393582598,17.5460732603841,5.46018498604679,21.0844433909798,-39.7485523099545,3,4,10,4
36021,-31.1182864699201,-31.1182864699201,18.0697748833346,6.36152245418888,21.4604027770959,-43.2910640691675,1,5,9,6
36023,-4.22205092329718,-4.22205092329718,1.95421775450338,-0.617256261068601,3.36214138633585,-4.56409569129637,3,4,10,4
36025,-51.3811961036457,-51.3811961036457,29.9859712665031,10.4622333459225,36.2728395754503,-69.2716926422927,1,5,9,8
36027,8.5394724234094,8.5394724234094,-3.9866482415835,-1.87069809991075,-6.16328644418056,9.38999772430721,1,5,9,2
36029,52.1161228365987,52.1161228365987,-27.5647553789202,-10.9005828154532,-34.3539520815222,67.3262525633968,1,5,9,1
36031,-79.0925804626705,-79.0925804626705,44.6647398533687,15.8352799497793,54.8163684086414,-104.797606891598,1,5,9,6
36033,-66.9346181967723,-66.9346181967723,37.6056104009959,13.1337580992492,46.4153060475173,-88.2375052826913,3,4,10,7
36035,-9.69423461207594,-9.69423461207594,5.95731083628741,1.30574853408587,6.89871501540753,-11.9728353205624,3,4,10,4
36037,-50.6403392991982,-50.6403392991982,28.0732310196644,9.30410015172825,34.5443459099381,-65.2342777933332,3,4,10,4
36039,-25.8462913362534,-25.8462913362534,14.7941926324339,5.10734816961934,17.739489527487,-35.5692821430364,1,5,9,6
36041,53.0296565535729,53.0296565535729,-29.6452625594814,-10.4146088385873,-36.0337009116534,65.9597209957201,1,1,1,8
36043,11.0188385884404,11.0188385884404,-5.18263041495829,-2.73910985549628,-7.26238386004671,14.12523730554,3,4,10,2
36045,-1.74064311233103,-1.74064311233103,1.50577060683478,-0.105200212757593,2.50698659971443,-2.57683691162559,3,4,10,3
36049,12.4022599888168,12.4022599888168,-6.29894863135347,-3.34294486317383,-8.73747892604823,16.4815307119069,3,4,10,8
36051,-28.056302108712,-28.056302108712,16.2818392252006,4.8942146396444,19.5991575940216,-37.7686069126104,3,4,10,1
36053,-6.83346407239823,-6.83346407239823,4.43756473977453,0.458255663489006,5.08770511737998,-9.94047970274515,3,4,10,2
36055,47.6718027686312,47.6718027686312,-24.8896238091449,-9.78387855404393,-31.3402801369238,61.0439333903022,1,5,9,1
36057,-12.7813965423181,-12.7813965423181,7.74817089152025,2.21853391820822,9.36041704209932,-16.1424161613473,3,4,10,4
36063,46.8515705761038,46.8515705761038,-24.2812653524219,-9.9101320532092,-31.3354820364967,60.3941320937187,3,4,10,1
36065,-26.9393602260595,-26.9393602260595,16.2453069358671,5.41479730158215,19.3973319115724,-35.9113481805859,3,4,10,2
36067,-7.24578053344781,-7.24578053344781,4.56093229315729,0.914669055802774,6.16530555972673,-9.95378628957533,1,5,9,2
36069,-69.7991804406676,-69.7991804406676,38.788679435921,13.5160489171322,47.7534230900547,-91.778528402575,1,5,9,1
36071,-9.0655201433366,-9.0655201433366,5.36746306356368,1.8419554010962,6.06011939656216,-12.647100579433,1,5,9,2
36073,-26.4928416832438,-26.4928416832438,14.9946413072707,5.10240259790852,17.9689199878266,-34.3375796197298,3,4,10,1
36075,30.3223104306597,30.3223104306597,-15.5643669494195,-7.07082230041577,-19.8529086976621,39.3901702886451,3,4,10,2
36077,-19.9041170606669,-19.9041170606669,11.9306838924619,3.28626268166324,14.6750435676784,-27.4383477787049,3,4,10,7
36079,-24.951765605904,-24.951765605904,13.6964427309172,4.6765993840929,15.7058523250302,-35.6131933997772,1,5,9,1
36083,12.3892058453383,12.3892058453383,-6.9594068316693,-3.7570063198962,-8.10404257525507,15.5956109541106,1,5,9,2
36087,-51.2310841521097,-51.2310841521097,28.1602522459814,10.1657724072413,34.9462948877123,-68.3992185058117,1,5,9,1
36089,-46.8450998457911,-46.8450998457911,27.0212834264456,8.81735905618634,33.7961919500038,-62.3003869013524,3,4,10,4
36091,22.789485010231,22.789485010231,-12.7262061423219,-5.49798259462199,-16.1390832409838,28.7968228085712,1,5,9,2
36093,-0.0208629722486206,-0.0208629722486206,0.0934662648816986,-0.673595384447271,0.592524161864318,-0.860220686905455,1,5,9,2
36095,-5.04229898331854,-5.04229898331854,3.08578894508842,0.466854148875253,3.61710179532718,-7.41434476891922,3,4,10,2
36097,23.3467282833545,23.3467282833545,-12.7408641805737,-5.41862384912606,-15.3579745976957,29.7480774024366,3,4,10,8
36099,-1.9039112012352,-1.9039112012352,2.131184048076,0.0844367487062226,1.32264924614258,-3.14399622426486,3,4,10,6
36101,-58.257816931871,-58.257816931871,32.4709505182191,10.7988635101341,40.0104640598437,-75.9084325883901,3,4,10,4
36103,10.1193437352664,10.1193437352664,-4.33247521581246,-1.93199901497158,-7.4524922154277,10.1705693979392,1,5,9,1
36105,-54.8363810597413,-54.8363810597413,31.4718359524053,11.700599735331,37.979614111407,-72.982322887945,1,5,9,6
36107,5.98429357700271,5.98429357700271,-2.29647245719042,-2.27663647953047,-4.48774504154265,6.6923778102395,3,4,10,3
36109,-24.789348090172,-24.789348090172,12.9269201534538,3.72413953272553,18.7725899756274,-34.0006515564822,1,5,9,3
36111,19.1922226983037,19.1922226983037,-9.31796778807363,-3.84880015144862,-12.1621878210303,22.0438481816827,1,5,9,3
36113,-113.727096309754,-113.727096309754,62.8763804422865,22.0796385471233,78.431208598068,-149.029674666192,1,5,9,3
36115,-7.65931603234071,-7.65931603234071,5.23372087194063,0.843225905844079,5.32658965622679,-10.8538081601189,3,4,10,3
36117,-11.469556555629,-11.469556555629,7.55959987589374,1.99701724217684,7.30991167531049,-14.8779640154754,3,4,10,1
36121,-47.9305073146852,-47.9305073146852,26.8907130301939,9.3192390316372,32.1591566380848,-62.3482554168987,3,4,10,8
36123,36.5927880516226,36.5927880516226,-19.5649452391367,-7.53334774907106,-24.9007029256824,47.2967214579252,3,4,10,6
37001,1.17538664432701,1.17538664432701,0.154497943115145,0.492983171681338,-1.5670669461245,3.032962406698,1,1,1,3
37003,55.923532932319,55.923532932319,-29.2248898358049,-10.7163113520796,-39.8255680089446,73.0141284309383,1,1,1,2
37005,41.151476937071,41.151476937071,-21.2789524852034,-5.82884650764155,-26.7375577015821,51.1763227951107,1,1,1,9
37007,-5.79080217782798,-5.79080217782798,3.15720354058118,1.30035919478376,3.48786376240652,-6.6430484404258,2,2,2,1
37009,15.0486164460875,15.0486164460875,-6.6872570147112,-2.04264811733031,-9.78107997037863,17.6461347722258,1,1,1,9
37011,27.4768213767736,27.4768213767736,-13.909558985167,-4.09573566425354,-18.337958701165,33.0167219594757,1,1,1,9
37013,-27.4807072653797,-27.4807072653797,15.5746893974578,5.98092842669085,18.2017103743524,-35.8449900450363,1,1,1,6
37015,7.6320128800403,7.6320128800403,-4.30311804576853,-0.914305378189139,-6.42794278496626,9.76565744397059,2,2,2,9
37017,-45.0351396684121,-45.0351396684121,26.5291075932053,9.85465550061577,30.0014094834217,-59.3266175449452,2,2,2,8
37019,20.3079670415519,20.3079670415519,-8.49556792243253,-3.06445057525688,-14.2774237984465,22.336362463349,1,1,1,2
37021,-40.0257696970959,-40.0257696970959,23.2948147107213,8.40393249971015,28.2274967904957,-54.2820247749809,1,5,5,2
37023,1.10968980740021,1.10968980740021,1.66314563980091,0.990856452676248,-1.11034139231363,1.22360150393074,1,1,1,2
37025,-5.98022919905595,-5.98022919905595,3.38368721160889,1.38308541982626,2.90106613721341,-6.58841614801534,1,1,1,1
37027,-0.111152348411849,-0.111152348411849,2.02146832247081,0.667988037172867,0.000963632137990555,0.0954149980458195,1,1,1,2
37029,-74.990751773945,-74.990751773945,38.9312019985053,13.5441189518884,47.6568870995198,-96.0310507873922,1,1,1,1
37031,-21.7546647354553,-21.7546647354553,13.2955073846239,4.9505186704265,14.4553105751751,-30.7189058673925,1,1,1,4
37033,32.4776465330124,32.4776465330124,-17.7582810525607,-6.24410373816461,-23.1236870456892,41.1198136785307,2,2,2,8
37035,-69.8332304449117,-69.8332304449117,39.7967136013745,14.7815511633017,46.9765515198604,-90.4898774342773,1,1,1,2
37037,31.9029220590509,31.9029220590509,-16.8339312647686,-5.11755903523838,-22.7088024900439,38.6757850146795,1,1,1,2
37039,-12.1452451366455,-12.1452451366455,9.27730430632355,3.25181895611801,8.91462591482914,-18.671737355955,1,1,1,9
37041,5.89268784009376,5.89268784009376,-4.14085346326718,-1.21745765215834,-4.428012244129,7.92479455715297,2,2,2,8
37043,26.6888354818578,26.6888354818578,-13.0087599774923,-4.27457011516916,-16.9895076369532,30.0328755245768,1,1,1,9
37045,-41.588598547301,-41.588598547301,23.6749614179658,8.28959488289051,27.8919785098843,-52.7005884400045,1,1,1,4
37047,-27.2379810343713,-27.2379810343713,15.7114575665485,5.85537394966764,17.6400031640837,-34.9219066020962,2,2,2,6
37049,-46.671745627476,-46.671745627476,27.0736386312016,9.72400859716616,32.3001903948857,-62.1745584083939,1,1,1,4
37051,33.2492087475367,33.2492087475367,-16.3328342298546,-6.39549281787594,-20.6076259122912,41.2820645328545,2,2,2,2
37053,8.89580519023423,8.89580519023423,-5.00189296630181,-2.13060600688228,-8.05670762630393,11.9833926616476,1,1,1,1
37055,-58.2531838731506,-58.2531838731506,33.1749861006044,12.1820736168708,39.3472670479715,-78.0138401787328,1,1,1,4
37057,40.6900363624101,40.6900363624101,-20.7648848709576,-7.32731631389592,-28.4008651548787,53.5497793788116,1,1,1,2
37059,-19.9928415905196,-19.9928415905196,11.9651191367694,4.7044417822556,12.4065623672329,-26.346340673694,1,1,1,2
37061,-40.6016644859896,-40.6016644859896,23.0952667574482,10.0314642685822,25.6316733782445,-51.0480373333843,1,1,1,8
37063,-66.1339025212465,-66.1339025212465,35.4054726541018,12.9175723697652,44.8737748351006,-85.7127606948177,1,5,5,2
37065,12.38385942822,12.38385942822,-6.3814520661989,-2.41037126219983,-8.3552598693309,16.843145481858,2,2,2,3
37067,6.83434953274659,6.83434953274659,-2.53705774604678,-0.769732979374004,-4.14743926908947,8.13571876592173,1,5,5,2
37069,26.6157813768692,26.6157813768692,-14.393776915981,-4.83221922526935,-20.9097067295421,36.2127808949593,1,1,1,1
37071,32.4553163833698,32.4553163833698,-16.4328237581447,-6.03775233209621,-22.4410022199946,43.0570830067587,1,1,1,1
37073,-33.6422556727395,-33.6422556727395,16.1967581546264,5.59130500348124,18.710249137346,-41.807929576011,1,1,1,1
37075,21.6187423875378,21.6187423875378,-11.3181302869777,-3.51723094579883,-15.0138524674359,27.0910867557568,3,4,4,9
37077,-59.2285663124208,-59.2285663124208,32.9570732349581,12.3666800040726,38.9639169628088,-77.4210626489701,1,1,1,6
37079,13.6099138119019,13.6099138119019,-7.68361236900206,-1.2357867516307,-10.358580842577,18.3363480429303,1,1,1,8
37081,19.7824533925549,19.7824533925549,-10.6685009070021,-3.76745500522703,-13.1375698039684,26.2295467235247,1,5,5,2
37083,-7.91174499654055,-7.91174499654055,4.7905632659143,1.64355947122452,5.81234419925698,-10.6989441758787,2,2,2,4
37085,55.5254955953736,55.5254955953736,-29.219510456998,-10.1837963540704,-38.5883729568374,72.596111379588,1,1,1,4
37087,9.46064527748023,9.46064527748023,-3.41115142916826,-1.3873018164079,-6.20534295508156,10.4495878554047,1,1,1,4
37089,-34.0738916521847,-34.0738916521847,20.6624887355476,8.30718430391593,23.1367811879968,-46.0457572280735,1,1,1,2
37091,-31.2581252764901,-31.2581252764901,17.1187177853609,6.60545687300805,21.4335609809967,-40.9684310249099,2,2,2,8
37093,8.28373547105119,8.28373547105119,-3.54955619957921,-0.832490284042056,-5.32390452854507,9.75648046904456,1,1,1,2
37095,-2.79409132727266,-2.79409132727266,0.358219482477076,2.0447862821169,2.53608953478395,-5.70205675663013,2,2,2,9
37097,-12.5115879734451,-12.5115879734451,7.21859554979303,2.65234056244745,6.95979085459283,-15.2569570757911,1,1,1,1
37099,47.2792975514981,47.2792975514981,-25.0433390321735,-9.40217301517433,-31.2951349767977,60.0498101532174,2,2,2,7
37101,48.0947473403315,48.0947473403315,-25.8626859484251,-9.029520352521,-34.8077114452501,64.5741060812765,1,1,1,1
37103,-9.29860721576697,-9.29860721576697,3.15251604610919,1.68445287251251,4.45814102214494,-11.4172830310764,2,2,2,8
37105,-70.7722613941046,-70.7722613941046,39.8149608222661,15.6096166101738,47.6264707113704,-91.1852886763073,1,1,1,4
37107,-84.4264698118731,-84.4264698118731,46.9909061664218,17.599187843279,57.9439646218044,-109.08445853486,2,2,2,4
37109,-20.4276443247513,-20.4276443247513,11.6102018239295,4.55894489517321,12.60546688761,-26.1610239353096,1,1,1,1
37111,-29.9550319835065,-29.9550319835065,18.4476857151671,6.83933735019091,19.583634147667,-38.5731246339755,1,1,1,6
37113,-0.644933201243914,-0.644933201243914,2.42482765199004,1.81618964197483,0.677864869853659,-3.38490735404522,1,1,1,7
37115,44.2586793736004,44.2586793736004,-23.8879917488615,-9.0115416128058,-30.1530104769146,57.1966549021142,1,1,1,2
37117,68.0760130360438,68.0760130360438,-37.1327514168389,-13.6620776188465,-47.2880190083341,89.3044941409339,2,2,2,6
37119,30.1833693783764,30.1833693783764,-17.6481324109102,-6.17651797005323,-21.2480872284723,41.1044195751584,1,5,5,1
37121,45.2179427186672,45.2179427186672,-23.7523904997189,-8.44498727618015,-30.0126823444439,57.1592209481404,1,1,1,8
37123,-8.76526535849681,-8.76526535849681,5.38689176977583,3.44715697225558,4.10821685431058,-10.8804856809931,1,1,1,8
37125,-53.32842988581,-53.32842988581,31.295004459859,11.4242233561735,36.5545653379881,-72.8405710303737,1,1,1,3
37127,-62.5977354136809,-62.5977354136809,34.742370870472,13.0005806201143,41.4426030779655,-79.5844491833492,1,1,1,3
37129,-7.88109585143326,-7.88109585143326,4.87607622702845,1.29992671436138,5.8529740587482,-10.5968767651564,1,5,5,2
37131,45.0145147930928,45.0145147930928,-24.7934581810381,-9.34391481122522,-31.5138467696311,57.526575470777,2,2,2,9
37133,62.8137557490118,62.8137557490118,-32.1954403212457,-12.0402850750906,-40.7072419552992,79.1067530215113,1,1,1,3
37135,-33.8659747205818,-33.8659747205818,18.8416665723712,6.26896563802415,23.3150700584008,-46.9388708331586,1,5,5,2
37137,69.0048276674822,69.0048276674822,-37.152415248477,-12.6207403153579,-46.8668196249015,86.1959453932427,1,1,1,9
37139,-47.6399147579072,-47.6399147579072,26.1420572985195,9.16653442645464,31.737443732055,-61.7494609367978,1,1,1,4
37141,21.7345428036686,21.7345428036686,-11.2004437800748,-3.89862562121492,-16.5269809196012,28.1415498945313,1,1,1,2
37143,53.1740226362114,53.1740226362114,-29.6911433141966,-10.5996588115894,-38.0878623132077,68.1678661000253,2,2,2,8
37145,12.8078193862019,12.8078193862019,-6.99489359209844,-2.71877492466889,-9.98573513167218,17.6594082088549,2,2,2,2
37147,26.5973902259529,26.5973902259529,-14.6962879509489,-5.96127681258459,-17.3300551787043,35.4929519303343,1,5,5,3
37149,24.402205672965,24.402205672965,-11.9884646628401,-3.75247098366481,-16.2382534131084,28.1411192725614,1,1,1,8
37151,4.6559866033086,4.6559866033086,-0.822916422059773,0.391469892379021,-3.78980367751622,7.34832151355739,1,1,1,2
37153,9.49066100061638,9.49066100061638,-4.32199123274906,-1.50707490771583,-5.77587113788865,12.6771314907993,2,2,2,4
37155,-30.1218300874512,-30.1218300874512,17.0322988865408,7.03828610277186,20.7062460479912,-38.0004888162513,2,2,2,4
37157,20.934709919811,20.934709919811,-9.88218970022555,-3.48918069043034,-14.7109951957927,27.4564369595159,1,1,1,2
37159,-12.0013454282809,-12.0013454282809,7.58431208549739,2.96600608748273,7.67280511357187,-15.1788272434685,1,1,1,1
37161,-5.45081239624339,-5.45081239624339,4.63546405175442,1.80250001032395,3.92856340133267,-7.12456337908225,1,1,1,4
37163,-26.9814963791075,-26.9814963791075,15.3332654396004,7.0108846476945,17.2569462998207,-33.853086384315,1,1,1,6
37165,-12.2864900992607,-12.2864900992607,6.92864821190207,2.47820710855966,9.28527164708822,-16.1287149164858,2,2,2,6
37167,-53.1109368357195,-53.1109368357195,30.2704747971739,11.1682036580433,36.0005860241462,-68.5997998202961,1,1,1,6
37169,39.8598600585229,39.8598600585229,-20.6461157858326,-7.86586852159898,-28.4793701492954,51.9715390428193,1,1,1,2
37171,-56.6673074661591,-56.6673074661591,32.1862191814456,12.7033650838927,38.5578412585575,-73.2263098319938,1,1,1,6
37173,-35.0963539970419,-35.0963539970419,21.2812273733349,8.58296366053975,25.4018994085573,-45.8254163015852,2,2,2,9
37175,-3.07183305685126,-3.07183305685126,3.26985143803785,1.53644201723999,2.81938522563952,-7.99238560986974,1,1,1,6
37177,-121.303275088436,-121.303275088436,64.2818379119832,25.6621073436616,81.9551589622517,-159.57422063737,2,2,2,9
37179,20.9439757765659,20.9439757765659,-11.109794136559,-3.71640806146878,-16.1091415943332,27.4399874809264,1,1,1,1
37181,-29.0267188162852,-29.0267188162852,15.9369703485103,6.29529190290181,19.5882522979141,-36.4852532552646,2,2,2,6
37183,85.9484880860333,85.9484880860333,-47.670907626504,-17.465223241271,-59.3426595362322,111.409729541787,1,1,1,1
37185,41.43004985544,41.43004985544,-23.4271895350405,-7.88684985764834,-29.7037249786809,53.7140532410794,2,2,2,8
37187,25.119425140172,25.119425140172,-13.4828007955832,-4.5505423627513,-15.0320973923446,30.0872615283365,2,2,2,9
37189,-0.163190590670816,-0.163190590670816,0.530743435384299,-0.80350945906823,2.95099923825638,-1.8758209122517,1,5,5,5
37191,-14.4352353320976,-14.4352353320976,8.56883021595974,3.84195114143132,9.25582453238674,-17.7511424202056,1,1,1,3
37193,5.49903990869476,5.49903990869476,-1.45755300139949,0.0592999317129862,-4.33381688091378,7.74751012465946,1,1,1,6
37195,-60.3510037469493,-60.3510037469493,33.228887973085,12.5007492047039,41.1628638947254,-77.6244928987395,2,2,2,4
37197,-7.25251012840743,-7.25251012840743,5.15786958321399,2.60714363361396,4.14619470629985,-9.25980208229177,1,1,1,2
37199,56.9527898009184,56.9527898009184,-29.6329645998948,-10.6820665883351,-38.1206489380642,71.5700562941235,1,1,1,8
38003,67.5723760134865,67.5723760134865,-38.8142282867009,-14.6192104400364,-45.4828756717836,88.1736735306526,6,8,8,6
38005,106.057930408043,106.057930408043,-60.9665203169815,-22.5792499293634,-70.2519610858758,137.312957091128,4,6,6,9
38009,75.9058490261055,75.9058490261055,-44.153317361164,-15.4129781406946,-51.8069852095177,98.863416067996,6,8,8,8
38011,118.772843665157,118.772843665157,-68.4690530839982,-24.6020632091852,-80.8662126776902,155.537048098835,6,8,8,9
38015,-74.4096479781506,-74.4096479781506,39.7564058341483,13.6546395596501,49.7933120807655,-95.0634550737128,6,8,8,3
38017,-12.6358386799953,-12.6358386799953,4.96856357634785,0.860083130546063,8.21555231923798,-12.547210657825,1,5,5,3
38019,-5.93350790935304,-5.93350790935304,-0.468788831271227,0.368251759091942,3.48567618759314,-7.75307725852347,6,8,8,9
38021,57.4472182630588,57.4472182630588,-34.2986556749589,-11.3855372015631,-38.6690878968852,76.4767417598298,6,8,8,9
38025,74.8165644742686,74.8165644742686,-45.3768436320398,-15.7603953942406,-53.1413556902575,98.771559147393,5,7,7,9
38027,-201.340940102016,-201.340940102016,106.030845028401,39.0310403655579,136.942614526222,-260.874834126795,6,8,8,9
38029,-55.0301913498328,-55.0301913498328,27.0235737696547,9.88167519458901,37.3366191599803,-72.7003377678114,6,8,8,8
38031,73.1731367297901,73.1731367297901,-44.096743719729,-15.7711296750962,-51.0282285262917,97.3716371447954,6,8,8,9
38035,-38.8250048265305,-38.8250048265305,19.6987867786086,6.26003933656732,26.8423746077018,-47.5204400938559,1,5,5,3
38041,-181.768651447168,-181.768651447168,94.9977270817391,33.4845367154637,124.101174742846,-237.89712229718,6,8,8,9
38043,-212.576628900791,-212.576628900791,111.901227159353,41.7717781684387,144.16453438879,-275.967188111038,6,8,8,8
38045,90.5149810664619,90.5149810664619,-53.0311917459557,-18.815822150937,-62.9814223049167,119.423060592651,6,8,8,9
38049,-50.1895034015775,-50.1895034015775,23.7415587516696,8.3794677028479,32.6728693213414,-63.8226545885328,6,8,8,3
38053,-129.276722397115,-129.276722397115,66.9448679150501,24.7962439850098,85.3688946136813,-163.533333568429,5,7,7,7
38055,0.875900831533187,0.875900831533187,-2.48171876499699,-0.817119934894587,-1.33131476686758,0.664736212885441,6,8,8,8
38057,13.375547676538,13.375547676538,-8.97248424300255,-3.27793791818299,-8.82815125317221,16.2443545403871,6,8,8,8
38059,-30.9503126889455,-30.9503126889455,14.9742458215719,4.66189512564167,19.2788079895027,-36.900525028408,6,8,8,3
38061,-26.4325335158378,-26.4325335158378,10.6664791695358,5.02843286939026,16.7853329862829,-31.4507930131934,5,7,7,8
38067,79.5153836859755,79.5153836859755,-45.7863637318133,-15.6567466804541,-54.2756923189014,104.290855112077,6,8,8,9
38069,63.6945561973698,63.6945561973698,-37.4330142769971,-13.8922450308997,-43.1015808512843,83.4302078847283,6,8,8,9
38071,47.8309893423557,47.8309893423557,-28.1539869263307,-10.4025822153136,-31.4388876113342,64.0757596424993,6,8,8,7
38073,51.2889635662581,51.2889635662581,-31.3086440104387,-11.1442384230507,-35.4422921356741,67.9554315214569,6,8,8,8
38077,9.39896448960631,9.39896448960631,-6.59985376725762,-2.99171526730894,-7.33647736371608,15.0148561829853,6,8,8,6
38079,-6.34943851944743,-6.34943851944743,0.825516387957342,0.214556383070023,7.25098716689178,-8.10563754071929,4,6,6,9
38081,110.888474506099,110.888474506099,-64.7751954441749,-22.8921737636845,-77.4770909582776,147.966910324857,6,8,8,9
38085,125.771188698979,125.771188698979,-72.3283555497086,-27.1545067804501,-78.569869427908,161.948339176268,4,6,6,9
38089,-93.3873454315051,-93.3873454315051,48.5498001454861,17.3653384037263,62.5616033949876,-118.05454956961,6,8,8,5
38093,-35.6162083240271,-35.6162083240271,18.025411443856,6.2009329520023,24.9691459125618,-44.7374455655798,6,8,8,7
38095,-287.798221115002,-287.798221115002,152.192519857714,56.4867056861157,195.111855016818,-372.624503743012,6,8,8,9
38097,38.8514917099806,38.8514917099806,-23.4088963282027,-8.67791429212632,-27.418979435524,52.0767561587324,6,8,8,8
38099,28.3828050839066,28.3828050839066,-17.0203051486505,-5.26133502485467,-19.9531710217184,39.0837548931988,6,8,8,8
38101,-44.8390545622519,-44.8390545622519,23.3521958555396,7.88839452678001,30.3186237031431,-56.3669280223822,6,8,8,3
38103,75.8342419646889,75.8342419646889,-44.4738133342661,-16.4501113107906,-52.0750077610953,99.0922342359312,6,8,8,9
38105,-94.5730569094167,-94.5730569094167,48.8169162169421,17.6496997777627,62.2341525326463,-117.938782594501,5,7,7,5
39001,-28.8416090094307,-28.8416090094307,16.085064290203,4.97247274621198,20.7686752757049,-36.730453242923,3,4,4,8
39003,-80.8375926192797,-80.8375926192797,45.1616187842689,15.4928107438667,55.1884128711605,-102.897874089271,3,4,10,3
39005,-49.3189633746865,-49.3189633746865,27.6071666605188,8.98383453579361,33.3890100318067,-62.1422033668187,6,8,8,6
39007,1.15022491256398,1.15022491256398,1.66407849714571,-0.214831698409277,-0.221907723165856,1.74268979019168,3,4,10,1
39009,15.1528251588632,15.1528251588632,-7.38155443102726,-4.3257004650382,-8.35851299334904,19.3767569502138,1,5,5,4
39011,-46.1941563936552,-46.1941563936552,26.191756203487,7.9637957932191,29.9113550401048,-57.3284215814567,6,8,8,4
39013,-35.9657562437848,-35.9657562437848,20.7816604625016,6.44853145685769,25.2125671567282,-46.3357926887344,3,4,10,3
39015,73.366967672175,73.366967672175,-39.8018905334331,-16.0381288220645,-50.1710783956639,96.2956980552706,3,4,4,1
39017,10.1831346077631,10.1831346077631,-4.98305311674491,-2.40146938033854,-6.8931112361571,14.1843027723397,1,1,1,1
39019,17.2899899987861,17.2899899987861,-9.41672353186797,-4.46633469570338,-12.1330099106508,23.6172816480069,3,4,10,2
39021,15.4106597653151,15.4106597653151,-7.20512925844762,-4.05558042578155,-11.7699748959937,21.7265091027915,6,8,8,6
39023,-0.333476171447737,-0.333476171447737,1.54944531778642,-0.286539777515476,0.958198440226337,0.230335897908915,3,4,10,3
39025,62.2633163132857,62.2633163132857,-33.9920543940203,-13.5903054199748,-43.1047680012513,82.4914419092149,1,1,1,1
39027,-51.4450883342981,-51.4450883342981,28.7892318199161,9.13373341479715,34.6738710313334,-64.8062009662942,2,3,3,6
39029,10.9130988485744,10.9130988485744,-4.37029209236195,-2.8476628372747,-7.15801223649515,15.6613505790962,3,4,10,4
39031,22.3539390803512,22.3539390803512,-11.1451239206707,-5.21752533883157,-14.5988961991157,29.9815443258813,3,4,4,7
39033,-6.36372909437702,-6.36372909437702,4.47527213337013,0.537151498123583,4.65630663761804,-6.34744362715639,3,4,10,4
39035,56.6395921589339,56.6395921589339,-30.048643321921,-11.5974713465149,-37.3270060221484,73.5694412978942,1,5,5,1
39037,-55.507335025085,-55.507335025085,30.8871750925411,10.4212662113818,37.6485473810244,-69.7975439479225,6,8,8,6
39039,-27.3520860746793,-27.3520860746793,15.5426686252192,5.11194942160552,18.3040494705517,-33.5806139670293,6,8,8,6
39041,-14.2460029434952,-14.2460029434952,6.74999701326139,1.47679601703853,7.97981262125487,-19.0426846725247,1,1,1,1
39043,-30.402859298744,-30.402859298744,17.6590569921264,5.50250933844438,20.9187545062756,-39.6480924720325,1,1,1,3
39045,11.828051180348,11.828051180348,-5.95355114907198,-3.19330331460386,-9.27029533349236,16.9166194662266,1,1,1,1
39047,-34.6518785218646,-34.6518785218646,19.3729624298396,6.3392484787557,24.2351995464622,-42.7918159437975,3,4,10,6
39049,67.93204182269,67.93204182269,-37.5546321029935,-14.1319983684176,-45.9348039027878,90.3399292262387,1,5,5,1
39051,-42.3023868451467,-42.3023868451467,24.3834122399009,8.15099418383751,27.6742435616368,-52.8686144483378,6,8,8,2
39053,-30.91027650517,-30.91027650517,17.2376203567371,5.53897658167744,21.2484001820625,-39.1705850935215,3,4,4,6
39055,-69.8775142532989,-69.8775142532989,38.506330818944,13.2939244673023,46.0879530191996,-91.1616648574716,1,1,1,1
39057,-29.6523792285411,-29.6523792285411,16.8074890534222,4.94525258630297,20.2495007884297,-38.9296397709021,1,1,1,2
39059,-38.6757302043202,-38.6757302043202,21.9906532377267,7.00101342139689,26.7795709565296,-48.9010920838219,3,4,10,6
39061,24.0182941653546,24.0182941653546,-13.3396565522081,-5.73837594616159,-15.8857566864232,32.3402268391014,1,5,5,1
39063,-115.819121393298,-115.819121393298,63.4742798272074,22.5904337989576,78.511624352737,-148.753654079767,1,1,1,4
39065,20.6828513537405,20.6828513537405,-11.3216084961859,-5.48883414133512,-14.5731428317859,30.582902917991,3,4,4,6
39067,-20.5767693945823,-20.5767693945823,10.5783245737339,3.27571256868404,14.7777388378661,-25.8627867202485,3,4,10,8
39069,-24.3782158634348,-24.3782158634348,13.9026509411293,4.39252886345716,15.6189142889748,-29.6258272639336,6,8,8,6
39071,8.17781209807938,8.17781209807938,-4.32143406619027,-2.67608062174384,-6.23005705043504,13.8346118737082,3,4,4,6
39073,9.92403162916967,9.92403162916967,-4.79794809377011,-2.82577160833836,-6.65251966752396,14.0273997168182,3,4,4,1
39075,-127.995352322707,-127.995352322707,69.3513007136533,26.1406646930088,84.0405801422884,-159.003811280374,6,8,8,9
39077,-15.5761708483831,-15.5761708483831,9.5141539841328,2.61490599519455,10.5332256746106,-18.9238692266359,3,4,10,4
39079,-13.6739690424686,-13.6739690424686,8.13140900427851,1.81325623677159,9.26336715169441,-15.6881918650415,3,4,4,7
39081,-5.37063918668623,-5.37063918668623,3.97365611635862,0.177085574254404,4.75326851397624,-6.8580533597439,3,4,10,3
39083,-37.6300903796431,-37.6300903796431,21.4478719584114,6.7123342320702,25.6309418262597,-48.277078176598,6,8,8,6
39085,6.74876596951654,6.74876596951654,-2.49640426562894,-1.71503739952547,-5.2098295315808,9.67149511225906,1,1,1,1
39087,15.2866144223614,15.2866144223614,-7.29392081386449,-4.0118907631587,-9.94038097514711,21.1179268435905,3,4,4,2
39089,-47.2162367123428,-47.2162367123428,26.0229201723839,8.63012885008517,31.7623375676455,-59.8911104489356,1,1,1,1
39091,-68.9543263986423,-68.9543263986423,38.3582999888134,12.9880211314054,46.4321570069211,-87.9772507756077,6,8,8,4
39093,70.5902998594179,70.5902998594179,-36.9793459542131,-13.9743086770862,-47.9273287575926,91.8691773443641,1,1,1,1
39095,38.2515299040428,38.2515299040428,-19.8449117383685,-8.07322487544628,-24.9745215417675,50.7778899921065,1,1,1,2
39097,-115.722232429758,-115.722232429758,64.5301385122958,22.6078413585389,78.0356988818143,-149.612802476469,6,8,8,1
39099,-0.0266452968311022,-0.0266452968311022,2.058610758729,-0.134877205066213,1.6119776718597,-0.61500882733429,3,4,10,2
39101,-60.2653866587935,-60.2653866587935,34.4672513221354,11.5125223761881,42.2464103921188,-78.1526441323116,3,4,10,4
39103,5.53295097965906,5.53295097965906,-2.76748308105868,-1.98387404368173,-4.73764775324053,7.93306611776531,1,1,1,1
39105,45.7600169906982,45.7600169906982,-24.8646372132142,-10.1424776844039,-31.0720879527418,60.5642023293973,3,4,4,8
39107,-83.3816751961277,-83.3816751961277,45.876146917878,15.8374756779814,54.9829606172976,-104.746231405219,6,8,8,7
39109,-26.4627022082522,-26.4627022082522,15.38320841424,4.58198627961492,17.5508077944829,-33.1627042149408,6,8,8,2
39111,7.55087734267149,7.55087734267149,-4.5575385537899,-2.88733495673833,-5.61750036090597,10.6904911650924,3,4,10,8
39113,44.0295217286367,44.0295217286367,-22.9097587112219,-9.23166757164977,-29.2019434792916,58.0378518190606,1,1,1,2
39115,-3.88886679080758,-3.88886679080758,1.8761442968656,0.0320485870959293,1.87588144935266,-4.71861073789045,3,4,10,8
39117,41.9445731595191,41.9445731595191,-23.3363240486476,-9.48895936582587,-29.8929648544666,57.1777274749666,6,8,8,1
39119,-57.4614327025344,-57.4614327025344,32.1248993661495,10.169776198063,39.7396444644453,-73.2074011652365,3,4,10,4
39121,78.4458852040275,78.4458852040275,-42.6205954960077,-15.0741184316375,-52.5821502356508,101.015567439818,3,4,10,9
39123,-21.5689577894889,-21.5689577894889,12.6359108699961,4.06077989662702,13.9977627726763,-28.5348491876282,3,4,10,3
39125,29.5069711735635,29.5069711735635,-15.7437898447337,-6.00618666171563,-20.7362778052551,40.1427139200515,6,8,8,8
39127,15.2559864050425,15.2559864050425,-8.79391648546946,-4.49300692699825,-10.8349774528163,21.9744708070836,3,4,10,1
39129,-7.07691304420574,-7.07691304420574,3.85993935503214,0.0597890226814277,3.99741191271753,-7.34903295330319,6,8,8,1
39131,-54.7457229989045,-54.7457229989045,30.2770242750853,9.58774482792859,38.5690602195125,-70.5110886649699,3,4,4,9
39133,35.0512222430515,35.0512222430515,-19.002380805573,-8.39582643485292,-24.1624535019924,46.9385591094497,1,1,1,2
39135,6.05323078120189,6.05323078120189,-2.25886743520509,-2.6307876692494,-4.56310791239759,9.32260130721608,6,8,8,6
39137,-27.9267762200136,-27.9267762200136,16.0431452170546,5.30929885571412,17.1089584319226,-34.5325873775916,6,8,8,6
39139,-36.5096968612816,-36.5096968612816,21.5069185683184,6.75159918229379,25.5320996391361,-46.9055798268392,3,4,10,3
39141,-88.882163162961,-88.882163162961,49.8871253564821,16.8050190354732,61.0034119601572,-114.637696154447,3,4,10,4
39143,-34.5354449427505,-34.5354449427505,20.9677956354837,6.73162342183941,23.5713244354814,-44.3002406681179,3,4,10,4
39145,-43.0419996764558,-43.0419996764558,26.0013851911285,7.9250019349929,30.9782005148614,-56.78670140808,3,4,4,4
39147,-12.8681138379681,-12.8681138379681,8.16032590409058,1.88656906666711,8.5793540799538,-14.4167276839553,3,4,10,4
39149,-62.8827943076051,-62.8827943076051,35.6659276920487,11.3626276881466,41.6268315145697,-79.388492513339,6,8,8,4
39151,33.2226632991984,33.2226632991984,-16.576326558542,-7.19939213488486,-22.1241234845345,43.8709074332582,1,1,1,2
39153,23.0093987369012,23.0093987369012,-11.7930062975942,-5.15635470363351,-15.2582597023682,30.6131145142828,1,1,1,2
39155,13.3404179193766,13.3404179193766,-5.2303657222122,-3.17029877125552,-8.2740474135243,18.1638328402164,3,4,10,2
39157,-56.7371577890098,-56.7371577890098,31.8493457776964,11.2366527196624,38.4809725499319,-71.1519762219217,3,4,10,4
39159,-111.530787213175,-111.530787213175,60.3090857962697,20.9267735657429,74.0281509684277,-143.299489909115,1,1,1,1
39161,-23.0842405624003,-23.0842405624003,13.2228885913163,4.03467398410445,15.1091818766851,-27.8186764640018,6,8,8,6
39163,33.8379763945109,33.8379763945109,-19.3705303466947,-8.02143559561231,-24.1896964955828,45.6917806316523,3,4,4,8
39165,-27.8157706473817,-27.8157706473817,14.9318520290268,4.77923646280901,17.8211054431001,-36.3217996757974,1,1,1,1
39167,-89.7350402017679,-89.7350402017679,49.994256682741,17.0411276073688,61.738461185897,-116.028942901632,3,4,10,4
39169,-59.1854583097331,-59.1854583097331,33.2647268169462,11.6894444214206,39.2679779361359,-74.6316234157611,6,8,8,4
39171,-44.0949854407648,-44.0949854407648,25.7955195264143,8.47647567449731,29.9378105063393,-55.9818479459641,3,4,10,7
39173,-53.1699479968577,-53.1699479968577,29.1727624202126,9.7611271598957,36.7544310860823,-67.9496165226139,1,1,1,2
39175,-40.8788109148877,-40.8788109148877,22.5286231606639,7.37936102138867,26.9466351206431,-50.6930972230787,6,8,8,7
40001,46.0510725616062,46.0510725616062,-24.6062950152017,-8.54836487358616,-30.7798459471477,60.8204760553694,2,3,3,8
40003,-41.4855576900033,-41.4855576900033,21.542198009936,8.88232392651641,28.5736706177384,-57.2146468643789,6,8,8,8
40005,35.1344761754124,35.1344761754124,-18.2618757797937,-6.28424369247813,-23.8868720993699,45.3222550841351,2,3,3,9
40007,-6.51218868187516,-6.51218868187516,0.051184551025417,3.03572396528016,3.49417713707825,-6.49029900403548,4,6,6,9
40009,-38.0804542379627,-38.0804542379627,21.7396032676986,8.75375740565601,27.4524664007302,-50.52692954303,2,3,3,7
40011,113.311110358793,113.311110358793,-61.9696996969243,-21.2983296460568,-76.6609806065419,146.552300451292,4,6,6,8
40013,-92.5759304136516,-92.5759304136516,51.3125718117133,19.088663759423,63.7631398038787,-119.13073756513,2,3,3,6
40015,-44.0251606892143,-44.0251606892143,25.7429106005517,10.250197797748,30.8390127097018,-57.6850974347411,2,3,3,6
40017,75.236236208784,75.236236208784,-40.6467634484076,-14.7516722809926,-52.3340724161013,99.5245193316633,1,1,1,1
40019,-88.3890783543671,-88.3890783543671,48.9627044898339,18.2732670812118,60.5969676773379,-113.747416608952,2,3,3,5
40021,-34.6372905954107,-34.6372905954107,20.6660707992239,7.81438594317346,24.1776472570069,-44.5638370847562,2,3,3,6
40023,21.4399032975406,21.4399032975406,-11.3815244331146,-3.66473087498987,-12.9070641914997,28.5212859948396,2,3,3,9
40027,88.9911584934752,88.9911584934752,-47.869445609338,-17.6211120405384,-60.2501226892849,115.89807522955,1,5,5,1
40029,-28.2736182805618,-28.2736182805618,13.7447402870001,5.82135817217036,21.31723348877,-37.29535553697,2,3,3,9
40031,-17.5153057610907,-17.5153057610907,11.0942451047555,4.20077260497315,14.4321425944791,-24.0696155467105,2,3,3,3
40033,97.0350781600487,97.0350781600487,-54.2081382070848,-18.9247705498811,-64.8731209858073,126.00215683284,2,3,3,3
40035,6.32593313682442,6.32593313682442,-3.21171699193996,-0.584692392239618,-3.24610619297545,8.28766946924444,2,3,3,6
40037,-26.5406029615629,-26.5406029615629,15.2648471881334,5.46694743613677,17.6842709758349,-33.635456852151,2,3,3,1
40039,-41.3308173800561,-41.3308173800561,21.5615204626859,8.62322279145063,28.2632460706776,-50.679049435072,2,3,3,5
40041,13.3622858379799,13.3622858379799,-6.33227047945252,-1.90163205540456,-8.83763372115546,16.4363184809731,2,3,3,6
40043,131.294946470234,131.294946470234,-73.4723294574367,-25.8510893474974,-89.6688690398085,171.932053870415,4,6,6,9
40045,33.961413350257,33.961413350257,-21.0151335485226,-5.80020177410533,-23.3045728099622,44.4449703774037,4,6,6,9
40047,-25.4628920196625,-25.4628920196625,14.6205150384038,6.05043627743981,18.0528086446389,-31.9578336657191,2,3,3,3
40049,-51.7569508276211,-51.7569508276211,29.0417952894412,11.179715631369,35.8359995976775,-66.631122079937,2,3,3,6
40051,29.430357748217,29.430357748217,-16.0119471002785,-5.83760306385234,-20.8528090196434,39.7269299306424,2,3,3,1
40053,41.2764951287862,41.2764951287862,-25.8314064370307,-9.04970756247145,-27.7362379802013,54.8475788805314,6,8,8,8
40055,-97.7560970444079,-97.7560970444079,54.2474824976437,20.0269925704598,67.8185089799192,-131.073431468425,2,3,3,9
40057,-257.233065608079,-257.233065608079,137.617724567808,52.620298398631,175.816830962256,-334.838334361863,4,6,6,9
40059,10.4853189001869,10.4853189001869,-8.00598118586654,0.371303515891142,-7.53990084069805,15.0860953487355,4,6,6,9
40061,45.5910445128146,45.5910445128146,-25.2579733646473,-8.47371314429204,-30.619674835601,60.2974922906985,2,3,3,8
40063,34.4840384080609,34.4840384080609,-19.0872279141058,-5.75713927212179,-22.3264175244308,44.299910420851,2,3,3,9
40065,4.65629834475006,4.65629834475006,-1.90197194284992,0.242443661816707,-2.03366405367173,6.44653437384723,2,3,3,7
40067,-54.8642662247247,-54.8642662247247,29.2305957572157,11.0555081568947,38.6423095357744,-72.7550683789149,2,3,3,8
40069,104.411622466739,104.411622466739,-56.6581101252175,-20.3635962338479,-70.0149210378705,135.3122096525,2,3,3,9
40071,-47.0236849289681,-47.0236849289681,26.9126819781606,10.0316178724949,33.2924693902243,-60.9233367643545,2,3,3,4
40073,-10.5109598988774,-10.5109598988774,4.10575685950116,3.56997736009826,6.07093462281539,-10.8094612915409,4,6,6,8
40075,24.2805412852815,24.2805412852815,-13.2557561602732,-4.31946283647672,-14.7335181893537,31.0557912469034,2,3,3,8
40077,22.7774968857316,22.7774968857316,-11.5519099294665,-3.66432148436233,-13.4645845048442,29.0148519758622,2,3,3,9
40079,-12.0320255696851,-12.0320255696851,7.77181572705079,3.43706381729276,9.08091986583891,-15.6939133923937,2,3,3,6
40081,13.2536571943618,13.2536571943618,-7.29642138726026,-2.9224956698851,-9.66359135308116,18.3529020212918,2,3,3,1
40083,22.3029613895298,22.3029613895298,-12.3826023711326,-4.14444054482956,-16.8240056658172,29.8421476001119,1,1,1,1
40085,78.5593839876666,78.5593839876666,-42.5072766775647,-14.3597639069112,-54.2619151081664,103.330659304566,4,6,6,9
40087,-12.0442779487067,-12.0442779487067,6.88763405431609,2.80183919983863,7.16541557241506,-14.7287796604363,1,1,1,1
40089,-58.0636766225895,-58.0636766225895,32.4102174427972,12.3374153260836,39.9965642145253,-73.9149067979804,2,3,3,7
40091,34.9992208899871,34.9992208899871,-17.1864958592631,-6.22304859082129,-22.9458324469527,43.0074229742187,2,3,3,8
40093,24.7950103644741,24.7950103644741,-14.931168208405,-3.99243651871725,-18.0640430539638,33.6820242237542,6,8,8,8
40095,37.245245602869,37.245245602869,-19.4389126823105,-5.47051457240646,-26.0421977603133,48.5122935490903,4,6,6,9
40097,-67.2088913365006,-67.2088913365006,37.4096622843925,13.5852249818476,46.1974637814167,-86.4818959959738,2,3,3,6
40099,49.4527032976127,49.4527032976127,-27.4818431730803,-9.17634374486097,-33.5189947171835,65.7492590558343,2,3,3,9
40101,-69.2327672886907,-69.2327672886907,39.3461823102124,14.3147983774998,48.2360730997734,-90.5184967418957,2,3,3,4
40103,63.2875456450849,63.2875456450849,-35.0893840996205,-12.696979230987,-42.6740081312431,82.2976633116339,6,8,8,8
40105,-12.7696815359255,-12.7696815359255,5.47200372515034,1.8622005601939,8.3278741922701,-16.2916915875605,2,3,3,8
40107,19.5720063495758,19.5720063495758,-10.1403414421654,-3.31488125345082,-11.7710216424824,24.058543306609,2,3,3,8
40109,-0.980504046242519,-0.980504046242519,1.23588992814362,1.3746785854229,1.44861142351784,-0.0482735239912501,1,5,5,1
40111,-20.9962356176414,-20.9962356176414,12.6692278249197,4.43438962547169,15.1419584114039,-27.3500626178877,2,3,3,1
40113,49.8355355419542,49.8355355419542,-26.7632434689072,-9.84670513042407,-34.9783590006063,65.0130126720202,1,1,1,1
40115,-72.4341430046318,-72.4341430046318,40.5890832349168,15.2806412667208,50.9561571103057,-93.7095436982947,2,3,3,6
40117,45.4281335778446,45.4281335778446,-24.5392366700933,-9.13254207437834,-31.2860273487033,58.8922381926139,2,3,3,1
40119,-38.656827607562,-38.656827607562,21.2882884479313,7.40102079407427,28.9064534171112,-50.1110481968834,1,5,5,4
40121,-42.9073636028817,-42.9073636028817,24.7906979601486,9.15515020907515,30.2939296788777,-56.530968293906,2,3,3,7
40123,-104.745831455316,-104.745831455316,57.6172176314029,21.3374508590201,71.7285315381458,-134.418957626323,2,3,3,7
40125,-10.7672765479783,-10.7672765479783,7.01356348281084,2.45386848262655,7.88542851429878,-13.6117898962085,2,3,3,4
40127,50.5284908878473,50.5284908878473,-27.5483696723728,-9.73060803824477,-33.1776389042185,65.0992607941198,2,3,3,9
40129,-38.61840927793,-38.61840927793,18.2374219551009,7.57070864361541,25.5539318249627,-50.6240411339429,4,6,6,9
40131,-35.3951637597142,-35.3951637597142,19.8335797957703,7.24140737971034,23.4671235209674,-45.1490595592567,1,1,1,1
40133,-22.9180729646716,-22.9180729646716,13.3561297040388,5.35701105969414,17.2663081209141,-30.1975164534646,2,3,3,7
40135,3.77993353864105,3.77993353864105,-0.83513189580224,0.0339649549312503,-1.76372847526726,4.92350725267101,2,3,3,3
40137,-35.6979946321644,-35.6979946321644,20.8384422549594,7.83787191117184,25.1529143962235,-47.2600010284588,2,3,3,4
40139,-96.6258293722646,-96.6258293722646,51.5256534505828,21.9212472837118,64.1648375550403,-121.434968828753,4,6,6,7
40141,8.81616630550543,8.81616630550543,-4.76177331696178,-0.360780969082268,-4.748537980487,10.4331548123321,2,3,3,8
40143,19.191757953461,19.191757953461,-10.0123577429398,-2.86424536495968,-12.4868954028051,26.3562662505287,1,5,5,1
40145,112.991518911614,112.991518911614,-61.0971843689728,-22.2631546409485,-78.7661243853876,148.241174308146,1,1,1,1
40147,-91.2322319603824,-91.2322319603824,49.0621126762514,18.5117326599245,62.2050060076196,-116.881170726957,4,6,6,4
40149,29.6591125729201,29.6591125729201,-16.992919326945,-6.06376974097139,-20.5614848853402,39.455128266683,2,3,3,9
40151,10.0788516812167,10.0788516812167,-6.37123902616308,-1.90943835295565,-5.34580182328871,13.9027515430255,6,8,8,7
40153,-28.4712126634745,-28.4712126634745,15.2267569034189,6.64429348032196,19.3559913444073,-35.2092449208368,2,3,3,7
41001,31.1616355580276,31.1616355580276,-15.7588968209354,-5.74047443063409,-19.0328523370491,36.5938138224106,5,7,7,7
41003,-14.3953357803301,-14.3953357803301,8.16935324347311,2.12418608969522,12.3628905455223,-22.1901010247992,5,7,7,3
41005,4.54948020288368,4.54948020288368,-2.11177236082831,-1.07955140350952,-2.90928931251649,3.54965643335851,5,7,7,1
41007,-54.0818439914566,-54.0818439914566,31.4029809250768,11.2546642159855,38.7411537960423,-74.03864862344,5,7,7,4
41009,-2.18841444881612,-2.18841444881612,1.50216460268682,0.0830371010590547,1.04866489493311,-3.85326802463658,5,7,7,1
41011,-36.9686957163593,-36.9686957163593,22.4887400013812,7.9975371092517,27.7584908694009,-52.4206679139191,5,7,7,5
41013,-36.5731975834978,-36.5731975834978,19.7700119130273,7.0272438244138,25.4398080560547,-49.4573130842065,5,7,7,3
41015,27.1500845180074,27.1500845180074,-12.6647286073385,-4.2197663768519,-16.2830195975117,29.230005681182,5,7,7,7
41017,-21.4261049297261,-21.4261049297261,12.8275178431602,4.27476801355991,15.6494253474678,-30.6839709632255,5,7,7,3
41019,-44.6080834984767,-44.6080834984767,26.8569729521146,9.33643028901958,32.4155525210679,-61.212148637634,5,7,7,4
41023,64.0289710440415,64.0289710440415,-34.9527504028249,-12.2714965765029,-41.9296797791689,79.6883174360671,5,7,7,9
41025,108.584393182246,108.584393182246,-60.5827968211953,-21.4682842003776,-73.3887803021699,141.180989327244,5,7,7,9
41027,-38.0896879460641,-38.0896879460641,20.3712165506693,8.9342602278946,26.1581701099081,-50.4045507286984,5,7,7,6
41029,-8.39219039235214,-8.39219039235214,6.55104107253418,2.24827294728057,7.21502121920486,-13.0597518538115,5,7,7,3
41031,16.4447868630008,16.4447868630008,-7.91485681539509,-2.42890457939771,-9.70784786467341,18.3887593483251,5,7,7,3
41033,-34.0546246120301,-34.0546246120301,22.2758716427208,7.66703399290771,25.3892159183268,-48.7509198278871,5,7,7,3
41035,-51.8675364902128,-51.8675364902128,30.4849736527213,11.3755633002199,38.1638352005107,-70.7273577162121,5,7,7,5
41037,68.7358837442423,68.7358837442423,-37.4242192826729,-12.896454599778,-44.950755486465,86.1601437643808,5,7,7,9
41039,36.8619801117265,36.8619801117265,-18.7503963821743,-7.38132602711526,-22.8937969150793,46.1217844406849,5,7,7,2
41041,-37.1504593340265,-37.1504593340265,22.9423396199074,8.5978268014243,27.7809436722285,-53.7874656991899,5,7,7,5
41043,-38.5635822482352,-38.5635822482352,22.1240009438981,7.66275103193756,27.1460056729347,-50.9995975757474,5,7,7,3
41045,-61.2421723769796,-61.2421723769796,35.0511231267766,13.954742198179,44.2600576880378,-81.5891757072527,5,7,7,6
41047,-61.7934902433178,-61.7934902433178,35.0531037273897,13.5156774193019,43.3313042626191,-80.6665161144051,5,7,7,2
41049,-12.26649442161,-12.26649442161,5.29786878541107,4.13464663991178,6.86204330477375,-14.0123246620671,5,7,7,8
41051,32.4760529251338,32.4760529251338,-18.1346760862312,-7.12408098068873,-20.7790215723669,41.6259733875385,5,7,7,1
41053,50.2409406539149,50.2409406539149,-26.6745328349302,-10.094659336551,-33.1424365707876,63.2963605767626,5,7,7,2
41057,-28.6045401414943,-28.6045401414943,17.2311506351573,6.96959936039202,21.2372232509303,-41.5504715695625,5,7,7,7
41059,-81.1417014619094,-81.1417014619094,44.9234897286513,17.5486187738794,55.7719807151517,-105.145674012048,5,7,7,4
41061,-1.53141351406626,-1.53141351406626,1.12321509404492,-0.076982726627814,2.44654719255042,-2.55981905591661,5,7,7,7
41063,64.5139320244254,64.5139320244254,-36.0373771206009,-12.5360237344149,-42.2896970517702,81.6137478019838,5,7,7,9
41065,-16.0653625395678,-16.0653625395678,9.55548493195417,4.61830259051334,12.1043070544702,-22.3073362956319,5,7,7,7
41067,5.73728819362328,5.73728819362328,-3.565991733914,-1.41380022104003,-3.86450180104972,6.15520172410773,5,7,7,1
41071,-30.7345356480566,-30.7345356480566,17.780565897211,6.67005477489099,21.3705954196402,-41.8653438009536,5,7,7,1
42001,7.53206329951013,7.53206329951013,-3.09674125640447,-1.81545714250513,-6.24795601963993,10.7013343961602,1,1,1,3
42003,47.7643673444205,47.7643673444205,-25.571650626447,-10.7656381389155,-32.0847243846325,61.8285102162582,1,5,9,1
42005,-11.968597992321,-11.968597992321,7.1232732205072,1.29668581714273,7.50261325146282,-14.2686466311175,3,4,10,1
42007,31.7807231688263,31.7807231688263,-16.1376311583773,-7.38466741687886,-21.8877749687583,41.6766237037672,1,1,1,1
42009,-67.3818803713456,-67.3818803713456,37.7744523345028,12.8477303834696,45.7059916514877,-86.5206791871561,3,4,10,8
42011,52.4690085432349,52.4690085432349,-27.6526561083761,-10.1503109133837,-35.8024927542901,68.4696804055427,1,5,9,2
42013,-71.9359231592837,-71.9359231592837,40.7934132254102,13.4329084374385,49.672622478126,-92.944410626589,3,4,10,3
42015,-47.2740234839429,-47.2740234839429,27.2090401757704,8.68707987043164,32.7101524154212,-62.03915949588,3,4,10,6
42017,50.1045196095617,50.1045196095617,-26.8655055309415,-10.7307643631754,-35.29862041265,63.9582718626541,1,5,9,1
42019,-44.9896744522645,-44.9896744522645,24.7550269470657,7.65971651698987,30.3182827683678,-58.9381334920106,1,1,1,1
42021,-31.3351716300599,-31.3351716300599,19.3327141364208,5.51195315032037,22.6672310928711,-41.5872335115012,3,4,10,3
42023,81.148566367471,81.148566367471,-43.7320192657681,-16.8778820325411,-53.8364481319172,103.402991717162,3,4,10,9
42025,41.9183239956903,41.9183239956903,-21.4801558629933,-8.48648911288342,-28.4889774582015,54.3012010703413,3,4,10,2
42027,-49.4524178198865,-49.4524178198865,26.9524461185753,8.59491534627351,35.0794450084835,-65.480255465379,1,5,9,3
42029,21.5439660980226,21.5439660980226,-12.8825476089123,-5.5833599726189,-16.2345214215058,26.7141611719223,1,5,9,1
42031,-22.8468408404744,-22.8468408404744,12.9569099264622,3.3815308928576,15.835337515367,-28.3764376212221,3,4,10,6
42033,-70.4098207089671,-70.4098207089671,39.9556818266163,13.8285316920195,48.4531287215147,-91.5096909671734,3,4,10,4
42035,-3.1774409210778,-3.1774409210778,2.76423545049555,-0.507249141434755,2.65426404374994,-3.56759799873774,3,4,10,6
42037,-9.49904209429925,-9.49904209429925,5.65222120500835,1.02520939305813,7.31059282024055,-11.6418857238526,3,4,10,4
42039,-35.7422948614327,-35.7422948614327,21.427611370631,6.51422521628325,24.8109354381209,-46.48022620012,3,4,10,4
42041,-28.8082974348413,-28.8082974348413,15.7725786591755,5.0948369694912,18.9598898926166,-36.845503600889,1,1,1,2
42043,-60.8576642854067,-60.8576642854067,33.1287423788665,11.7638729443781,41.1922277512308,-77.770600451684,1,5,9,2
42045,85.177552477289,85.177552477289,-47.0637424255821,-18.3390416177622,-58.7268837868373,110.260751756968,1,5,9,1
42047,-12.741435858849,-12.741435858849,9.56273263211386,1.72439623569992,8.15117865873682,-16.6217331746269,3,4,10,7
42049,1.74287277991453,1.74287277991453,1.0990094723084,-0.7101528910721,-0.15733940224832,1.9044760080512,3,4,10,2
42051,2.62946172068556,2.62946172068556,0.232535162881887,-1.35197477224581,-0.703637193303571,2.85749898925962,3,4,10,1
42053,132.461909610453,132.461909610453,-69.4100080107828,-24.9191175921045,-88.0816226456135,165.831256304817,3,4,4,9
42055,-18.2997470212544,-18.2997470212544,10.9647519126941,3.55506338703162,11.519993404104,-21.8580544750623,1,1,1,3
42057,16.7677664196335,16.7677664196335,-8.05693029830079,-4.35361579276919,-12.7461647443602,22.8299431673849,3,4,10,8
42059,-38.6997777340738,-38.6997777340738,21.4309970424228,6.41711481842058,26.2033917800769,-51.3258161353547,3,4,10,6
42061,-39.8464788326526,-39.8464788326526,22.6703143006812,7.14976850815791,26.8540680871857,-51.919237402552,3,4,10,6
42063,-41.0194545089525,-41.0194545089525,23.1812273209803,7.13495613195593,28.7859384554149,-52.9750004791618,3,4,10,4
42065,-26.2930254919606,-26.2930254919606,15.6123083131482,4.21136391807921,18.4387826397159,-33.4660299842684,3,4,10,7
42067,1.4121696207924,1.4121696207924,-0.66148706074836,-0.11410294903223,-2.74217507096541,5.01969069591704,1,1,1,8
42069,-21.6904306338125,-21.6904306338125,13.455258177804,4.3584206927378,16.4671231443265,-29.2025605037086,3,4,10,2
42071,41.8437848474951,41.8437848474951,-22.4437517665413,-8.3148266646357,-29.8668370556843,56.5682360646299,1,1,1,2
42073,-24.2657133326997,-24.2657133326997,14.7654741159331,4.05379282648286,16.9893467556646,-31.7246885876789,3,4,10,1
42075,16.1469415459977,16.1469415459977,-7.9048810109969,-3.04385135793694,-11.6068090710768,22.0733354837777,1,1,1,3
42077,-12.3492405805304,-12.3492405805304,7.40300408757136,2.70689631454283,8.41815740081624,-15.9533478972418,1,5,9,2
42079,14.185532634745,14.185532634745,-5.85757231625981,-2.26675615381622,-8.41159485866202,18.1896004045156,3,4,10,2
42081,-41.0623884685076,-41.0623884685076,23.651473555761,7.27296954030062,28.4181612456491,-52.9485786235581,3,4,10,3
42083,-43.2187966252398,-43.2187966252398,25.0306934862555,8.15332002605414,30.2090103011006,-56.9942471528944,3,4,10,7
42085,-54.7579333072222,-54.7579333072222,31.8970153164628,10.3737673460724,38.0315056772278,-71.8417300966831,3,4,10,4
42087,-37.163751681611,-37.163751681611,21.38814559616,6.8922823262263,25.2248576199332,-46.0031731137132,3,4,10,4
42089,-44.6685089835878,-44.6685089835878,26.468385517009,9.44989973657204,29.7387722787203,-59.3936140563147,1,5,9,4
42091,26.4484460252086,26.4484460252086,-14.9930073249792,-6.4856730634608,-19.1593929671914,33.4367004662613,1,5,9,1
42093,-43.1383570102991,-43.1383570102991,25.238120262214,7.67944449184194,29.7094598597266,-57.9242298750582,1,5,9,6
42095,38.684908016014,38.684908016014,-20.4427455261949,-7.92524638324315,-26.8702568737872,50.0456804364229,1,5,9,2
42097,2.53427180624326,2.53427180624326,-0.148668750971499,-1.06471459618764,-1.58644914048317,3.98523169074927,3,4,10,4
42099,53.8063690063133,53.8063690063133,-28.9935417874345,-11.3881868800274,-38.2936559619071,71.2595881114675,1,1,1,2
42101,146.831148746246,146.831148746246,-80.9901729532341,-30.6364827094393,-99.2986665612753,191.719164207447,1,5,9,1
42103,4.00241867018249,4.00241867018249,0.0974179772695425,-0.00364850667754813,-3.36932979770499,2.05971314639508,1,5,9,6
42105,12.6413759241807,12.6413759241807,-6.33295324481294,-2.990906446245,-8.57825768928189,16.4265850744191,3,4,10,9
42107,3.6519881586397,3.6519881586397,-0.417059615488301,-1.10232241283795,-2.14069844312612,5.07978284992237,3,4,10,4
42109,-13.8847194756925,-13.8847194756925,9.10146733888737,2.46082069491193,8.66081490729955,-16.408273387813,1,1,1,7
42111,-50.4231535292413,-50.4231535292413,28.7977257455757,9.57813032092155,34.082580325474,-64.8084437793957,3,4,10,6
42113,58.6441229964547,58.6441229964547,-32.1206214012743,-11.8385800472989,-39.6977551227182,73.7571395379724,3,4,10,8
42115,16.5344083380168,16.5344083380168,-8.39484407300019,-3.6158321609423,-10.7566877506109,19.7872241890765,3,4,10,8
42117,-19.9050583847836,-19.9050583847836,11.4062038528699,3.18353076666815,13.2537061919723,-25.1536226877716,3,4,10,8
42119,-75.6950191724938,-75.6950191724938,42.1479969233102,15.2543377386491,51.6724667623446,-99.3990707378943,1,5,9,6
42121,-27.2755052877544,-27.2755052877544,16.764920997431,4.7276567450878,19.2340168867703,-36.3034649270694,3,4,10,4
42123,-30.4077981322421,-30.4077981322421,18.0881607485662,5.43542351893026,21.0833106852782,-39.9965085323601,3,4,10,6
42125,-45.605311561169,-45.605311561169,25.1318613499696,7.97102807934305,30.7428257865855,-58.6028703860673,1,1,1,1
42127,-65.2127789317626,-65.2127789317626,37.7513471379986,13.5514250229504,45.2072255883201,-87.4016561336481,3,4,10,6
42129,33.5296016423159,33.5296016423159,-16.5955215975052,-7.53949919732558,-22.5787556536285,42.5504434033312,1,1,1,1
42131,-33.9316844650064,-33.9316844650064,18.7749863554927,5.9303668982006,23.4330601087129,-44.1995816201939,3,4,10,2
42133,61.2084310917666,61.2084310917666,-32.4878965442681,-12.736531923078,-42.7524411237688,80.8686292343078,1,1,1,2
44001,42.7660355355234,42.7660355355234,-24.0399485792782,-9.75626855291462,-29.0528203252394,52.2831392505107,1,5,9,1
44003,-13.8845086514305,-13.8845086514305,8.02778267327323,1.97300102271466,9.39045445213791,-18.8424552168746,1,5,9,1
44005,-54.9103763357118,-54.9103763357118,30.1970422464318,10.0051873195148,38.0513277168059,-75.2059152374712,1,5,9,1
44007,81.0948022009531,81.0948022009531,-44.0395798454671,-16.0485639091818,-54.2467173289771,105.276146800845,1,5,9,1
44009,-35.9114961857175,-35.9114961857175,20.5384970987559,6.0020171013263,24.967952911654,-50.6467034721705,1,5,9,1
45001,64.923086428432,64.923086428432,-34.0563567062772,-13.1817760946055,-45.9816950615265,84.4938377724076,2,2,2,6
45003,-8.58011809970359,-8.58011809970359,5.53298669703753,1.64415553929047,4.69518565690071,-10.9201421794469,1,1,1,2
45005,27.9885484282561,27.9885484282561,-14.8229776922121,-5.18422904913325,-18.5232530740918,34.4782076512223,2,2,2,8
45007,25.2620376305366,25.2620376305366,-12.3011670444452,-4.86933701502897,-18.038090955629,33.5534008452233,1,1,1,2
45011,82.0217805561359,82.0217805561359,-45.6764691984288,-17.212361124854,-57.132483530379,108.723918300753,2,2,2,8
45013,5.98913958539558,5.98913958539558,-1.32863423445234,-0.216823376233691,-4.3021624075634,3.37946895345685,1,1,1,3
45015,54.5160257382943,54.5160257382943,-29.7060427726138,-10.9816138600093,-38.7004988786551,72.0517158078733,1,1,1,2
45017,64.3984518478671,64.3984518478671,-35.3587828643933,-12.9206693711426,-46.9355120451238,84.6174142607836,2,2,2,2
45019,-0.653402815424456,-0.653402815424456,0.183082694339114,-0.457357776443851,0.079500618545183,-1.78402553151713,1,1,1,2
45021,-3.45124314676064,-3.45124314676064,2.83177420387569,0.69216291283393,1.47961831507452,-3.46027172577462,1,1,1,6
45023,12.4173010705261,12.4173010705261,-5.92799800384135,-3.09803276752037,-10.5991989858907,18.0061909883137,2,2,2,1
45025,3.69916555884788,3.69916555884788,-1.32408117732096,-0.595352468702422,-4.35703897573409,6.851137686788,2,2,2,6
45029,31.6240426902849,31.6240426902849,-17.1016287341847,-6.51776353186191,-23.2018286281219,42.3209269285999,2,2,2,6
45031,-19.8084833375023,-19.8084833375023,10.6996785758233,3.2118573666465,12.6049834472855,-24.43294043626,2,2,2,3
45033,35.3577376413703,35.3577376413703,-19.5246759840648,-7.77016938603312,-25.0343254384041,49.0005606135649,2,2,2,6
45035,57.4581139289839,57.4581139289839,-31.1077120664165,-11.8308233244688,-40.7068966238719,75.7885166061117,1,1,1,2
45037,31.9761296888051,31.9761296888051,-17.3713307142253,-6.1202100733606,-23.2644336896597,41.3225441797018,2,2,2,2
45039,21.1741766319775,21.1741766319775,-12.1297856790659,-5.02669907896553,-15.9983371338532,28.4427274593785,2,2,2,2
45041,-52.7801420473939,-52.7801420473939,28.6813660377585,9.79237948420221,35.4787588145808,-67.5377244673992,2,2,2,3
45043,-63.8337315472689,-63.8337315472689,35.7910868038193,12.8128335133713,42.6531406240987,-85.552487232335,1,1,1,4
45045,20.1893593426171,20.1893593426171,-10.2470848492306,-3.62969067525834,-14.0546932661633,26.210159909288,1,5,5,2
45047,-26.393870473281,-26.393870473281,15.6040490222147,5.20294313740025,18.0849538809461,-34.0844896933856,2,3,3,4
45049,1.7732205811719,1.7732205811719,-2.01103740846656,-0.61208001462092,-2.67714006650598,4.31531373161155,2,2,2,8
45051,71.9596110789182,71.9596110789182,-36.4175446258995,-13.5042750120329,-49.2397204803385,91.8090395602,1,1,1,2
45055,-4.78982276649756,-4.78982276649756,3.2529251996607,1.02347684542867,1.58073240361195,-5.41701539555108,1,1,1,2
45057,-25.9824465823915,-25.9824465823915,14.6568960654521,5.32272684835702,16.4578953045758,-34.3725752573309,1,1,1,1
45059,20.9194317404455,20.9194317404455,-10.1380545290027,-4.00395066940753,-16.0957127072628,28.9702850252024,1,1,1,2
45061,21.1639622089672,21.1639622089672,-12.8964866283915,-4.51867352684096,-15.1133799930748,28.3542848748135,2,2,2,8
45063,-3.24805949447839,-3.24805949447839,2.40463934184782,0.89632339033481,0.690710768974499,-2.79275642887191,1,1,1,2
45065,103.939243964042,103.939243964042,-55.8796380691226,-20.6615473202569,-70.4686088348988,128.95823864603,2,2,2,8
45067,23.8618843834953,23.8618843834953,-13.2770868608286,-5.48527818884931,-15.6989892847014,31.4569764023156,2,2,2,6
45069,30.1529871605911,30.1529871605911,-15.8350249676631,-6.25640087036501,-20.1108311590314,39.2353155596117,2,2,2,6
45071,-7.33110164669309,-7.33110164669309,5.26800035777633,1.86082701221972,3.51361944077812,-9.41803289290596,2,2,2,6
45073,1.84167820290145,1.84167820290145,0.882944001840277,0.418314202877722,-1.4009730387803,0.0558074522387339,1,1,1,4
45075,-12.2271616473002,-12.2271616473002,6.85474382527455,1.90630985860811,7.75769765094206,-14.7140287929522,2,2,2,4
45077,40.8505041757809,40.8505041757809,-21.2900806501366,-8.40360709318398,-27.9963473616432,53.4904741115842,1,1,1,2
45079,-3.2098140196572,-3.2098140196572,1.77989604247026,-0.029966019991887,3.22286538088366,-4.33673991879952,1,5,5,2
45081,41.879686672449,41.879686672449,-21.8102368649316,-6.93877600865464,-30.9690614026413,55.4873516784548,2,2,2,2
45083,9.45110064609536,9.45110064609536,-3.64132961554213,-1.17884485146591,-7.21748294740089,13.3268310782785,1,1,1,2
45085,-12.0453049227785,-12.0453049227785,6.96190509889499,1.87514923131308,7.89497206099499,-15.710629475688,2,2,2,3
45087,24.969640077586,24.969640077586,-12.6127208385821,-5.33129804321286,-17.1664463274316,33.3674325880733,2,2,2,2
45089,34.3335376065506,34.3335376065506,-19.4060890865955,-7.49853039383692,-25.4734675937666,45.7589001572131,2,2,2,6
45091,39.3878888239648,39.3878888239648,-21.8990478651648,-8.34594150029589,-28.6893833856177,52.4632479915935,1,1,1,1
46003,-106.528881762711,-106.528881762711,55.5442242145975,20.8674297232816,71.2887561437567,-136.745841267385,6,8,8,9
46005,-33.5774384033414,-33.5774384033414,17.6645992640022,7.86081662822876,22.0738071747806,-41.1605971007804,6,8,8,7
46007,52.9635878807152,52.9635878807152,-32.9177463993304,-11.3762247873143,-32.1260939927406,67.637841562418,4,6,6,9
46009,8.02646917166234,8.02646917166234,-5.55642456442822,-1.4558224467658,-4.58685005496792,8.71709316121891,6,8,8,9
46015,182.874395138397,182.874395138397,-102.75822516842,-37.0327882707427,-124.923054749324,239.31827834793,6,8,8,9
46019,50.2097208224749,50.2097208224749,-29.6053602960409,-10.8150871067306,-36.5072077546878,68.9491336325197,5,7,7,7
46023,95.279110752489,95.279110752489,-54.318725194891,-19.4239712349242,-62.7458526878753,125.042955636514,4,6,6,9
46025,97.9775726058359,97.9775726058359,-57.3725229270419,-19.7560712711528,-67.3089336743102,128.378852856179,6,8,8,9
46027,43.59608229022,43.59608229022,-26.2442655626184,-10.7455060044507,-28.2207523449614,59.8330768944422,1,5,5,6
46029,-60.6058074606413,-60.6058074606413,32.549348829549,11.3994463021403,40.5334041099042,-75.6169300295582,6,8,8,5
46031,-86.6386642101467,-86.6386642101467,44.1003489478394,14.8791260248763,64.5735832873817,-114.669768779435,4,6,6,9
46033,56.2919599553717,56.2919599553717,-31.3793185302012,-10.7625881658084,-39.6451745313642,71.1792738165109,5,7,7,3
46035,-42.8746333936357,-42.8746333936357,22.3171225673638,8.16985585805646,29.0354276659063,-52.3639774810297,6,8,8,7
46037,90.3021710629196,90.3021710629196,-51.3037597715828,-18.1331991207682,-60.5397201518166,117.14694156175,6,8,8,9
46039,12.8565429687033,12.8565429687033,-10.4534517704637,-3.50838914988631,-9.85449791136367,18.4126601176594,6,8,8,9
46041,115.759044817361,115.759044817361,-67.0041032507468,-23.9350965262352,-74.939888834643,151.754329113989,4,6,6,9
46043,10.1724105625252,10.1724105625252,-9.47069764227376,-2.46879195314904,-8.63411803717105,15.819269048107,6,8,8,9
46045,-15.9372992494057,-15.9372992494057,5.53572797880736,2.73490766816236,9.87295182468187,-20.4075891840868,6,8,8,9
46047,103.92960799615,103.92960799615,-57.7248161631653,-20.467297284353,-69.0818766355405,131.958660695323,5,7,7,9
46049,-98.0413756558007,-98.0413756558007,48.6519206399613,18.0511495189098,67.9598196234804,-127.544593015684,6,8,8,9
46051,129.409696876845,129.409696876845,-72.6286246203464,-25.2926031298203,-88.636057304158,170.454163424208,6,8,8,9
46053,124.124682384274,124.124682384274,-70.6659592101126,-25.1011485666838,-84.7557274004868,164.025981634383,6,8,8,9
46057,30.6304904859191,30.6304904859191,-17.7916315137765,-6.22165367081268,-23.1898118058449,42.7298100864402,6,8,8,9
46059,144.508144814171,144.508144814171,-82.8683068210361,-29.6167248815111,-99.3615173034445,190.927100521934,6,8,8,9
46061,-305.884911052784,-305.884911052784,162.750400209114,58.5487501974101,205.351919415107,-395.311906130702,6,8,8,8
46067,71.9622723952714,71.9622723952714,-40.8603288225492,-14.7264474766693,-49.1401723436188,95.011427811544,6,8,8,8
46071,-198.736100884144,-198.736100884144,103.620542871885,37.2021660472367,139.973419199261,-260.457596356012,4,6,6,9
46077,53.652469113153,53.652469113153,-32.440646784755,-11.3071888732889,-37.3621479043219,71.7428050864498,6,8,8,9
46079,21.4916267534997,21.4916267534997,-13.297052197175,-4.25145746367802,-15.0494106414171,28.975380161222,6,8,8,6
46081,-7.6058868288066,-7.6058868288066,3.88166126596182,1.16214796963875,5.53397002209186,-9.44383954816047,5,7,7,6
46083,12.1718164956152,12.1718164956152,-8.42575361650265,-3.93599405509303,-10.495326306274,18.6914152268638,1,1,1,2
46085,234.366666249455,234.366666249455,-131.752984088448,-47.6262056024399,-157.799837597984,305.628879157708,4,6,6,9
46087,-72.1020514238819,-72.1020514238819,35.9206752994545,13.1135922926421,47.1376299780252,-90.9259255922233,6,8,8,2
46089,-245.656805922868,-245.656805922868,129.904103035343,47.495396145929,166.668635124281,-319.805707099176,6,8,8,9
46091,114.893340772421,114.893340772421,-65.1150091531266,-22.3311241855653,-79.3215106135553,150.915916531062,6,8,8,9
46093,-2.30537338123035,-2.30537338123035,0.952386355326933,-0.192787664979737,1.2697718599364,-1.79584499156214,5,7,7,3
46095,-917.197880343833,-917.197880343833,494.714213267212,178.99982355628,626.889011978152,-1194.05781452515,4,6,6,9
46097,7.02772705345667,7.02772705345667,-8.47777549343261,-3.07185116058512,-5.09010787707722,10.9065730067696,6,8,8,8
46099,-49.5402882547382,-49.5402882547382,26.7198882438111,9.51615562667551,32.6553909201913,-61.2703510743642,1,5,5,2
46101,63.2876642260479,63.2876642260479,-36.851529872062,-12.4903666145923,-42.9767344786902,83.0989243604831,6,8,8,8
46103,-75.8296863801267,-75.8296863801267,41.9238206133952,14.9284666681197,52.1693335016337,-98.7153124586264,5,7,7,3
46105,83.5148679210944,83.5148679210944,-49.6236998183712,-17.9653083778694,-57.4881945188469,109.81946844803,6,8,8,9
46109,89.9703379644444,89.9703379644444,-50.5398247744876,-17.8897246027964,-60.5793950652488,118.240758606073,4,6,6,9
46111,-221.228003065642,-221.228003065642,115.693618438602,42.7266273187951,148.664913563565,-284.653851863998,6,8,8,9
46115,89.8109725361784,89.8109725361784,-51.6906700368619,-18.2847438757116,-61.6141660605757,118.586024680363,6,8,8,9
46117,127.167493206286,127.167493206286,-73.0448792301435,-26.6326042961157,-88.306556750352,166.744217455846,6,8,8,9
46121,46.7041663542637,46.7041663542637,-27.3697487847984,-10.1510676916316,-25.1813366630762,59.0372563135932,4,6,6,9
46123,98.3543685621179,98.3543685621179,-55.7293307855972,-19.6265397085804,-65.8201989455084,129.203212414373,6,8,8,9
46125,-0.622286920788885,-0.622286920788885,-2.34711384129783,-0.568890924546363,-1.31195893669934,2.91356019948062,6,8,8,2
46127,-50.1849333813295,-50.1849333813295,25.2751590203066,9.30421511689841,32.7348430687027,-64.0696935143395,6,8,8,3
46129,54.5859308750218,54.5859308750218,-32.6468121210831,-11.8169405869642,-36.8629477917641,71.5921552241951,6,8,8,9
47001,-144.637452764744,-144.637452764744,80.4263521254985,28.6866028393138,98.6218185236888,-187.765194962763,1,1,1,2
47003,-43.5794416123306,-43.5794416123306,24.5849246309444,9.50094173456141,28.6281008948419,-53.9831441423856,1,1,1,4
47005,-5.06458392358619,-5.06458392358619,3.29080481117226,1.30482169921209,3.7896983952038,-6.0781552363227,3,4,4,9
47007,9.22188315801028,9.22188315801028,-4.71378883312137,-1.15878222618598,-7.17609657273697,13.2275353375234,3,4,4,8
47009,-58.7539653085667,-58.7539653085667,33.0488433279223,11.7056430231636,39.3102261006233,-75.6209258661187,1,1,1,2
47011,-8.4733185422454,-8.4733185422454,5.45667721249556,1.97248402625472,5.55559666333334,-9.6324493563265,1,1,1,3
47013,14.0219487553123,14.0219487553123,-6.53761702413695,-3.0433764776056,-8.63593987475974,18.53368997954,3,4,4,2
47015,-0.277870198738462,-0.277870198738462,-1.18214247741507,-1.01841999836449,-0.561417590520327,0.958231386440716,3,4,4,1
47017,-3.40702012831182,-3.40702012831182,2.40348844012294,0.155247751069409,2.43690998808167,-3.28009823089646,3,4,4,6
47019,63.6383470507313,63.6383470507313,-32.906934685361,-12.6776214246468,-43.0005446922731,83.0024761566969,3,4,4,3
47021,22.5190342064269,22.5190342064269,-11.9929787030757,-5.06902532829079,-17.602787896332,31.0587638325248,1,1,1,1
47023,49.0928578772406,49.0928578772406,-27.3759900256596,-10.5760061058029,-33.9866765972041,65.4326059664905,1,1,1,3
47025,6.00250952452582,6.00250952452582,-2.06230274521096,-1.43604349249934,-3.89253214375002,8.80974774996013,3,4,4,6
47027,18.4496415694167,18.4496415694167,-12.1274781007556,-5.15759704582324,-12.2622351953182,23.8347549221922,3,4,4,8
47029,45.2068557253174,45.2068557253174,-23.5868488369379,-9.2101335857809,-31.1585383394506,60.3400787756059,3,4,4,6
47031,-78.8119634887674,-78.8119634887674,43.7387461966112,15.5948054320528,53.7700892366928,-100.197944506612,2,3,3,4
47033,18.1896858924937,18.1896858924937,-11.0733088752465,-3.40805427277758,-13.8410154956793,27.0137624585176,1,1,1,3
47035,-42.0816056499336,-42.0816056499336,25.4662139109459,9.36153126836639,29.6765655644913,-56.9586551850151,1,1,1,4
47037,-13.1239260122375,-13.1239260122375,5.74149848186813,2.3139096137581,8.60417290453169,-14.018370937064,1,5,5,1
47039,42.132084750826,42.132084750826,-23.5361241003952,-8.01979964990254,-27.7220515488249,55.953406990228,3,4,4,9
47041,33.1846041003485,33.1846041003485,-16.8361121396858,-6.05709618565529,-22.844680856459,43.3256482722696,3,4,4,8
47043,-28.3092253369676,-28.3092253369676,15.7417328705316,5.2366252185618,17.8364845418683,-34.2694252916359,1,1,1,1
47045,-63.4775348456059,-63.4775348456059,35.041480546381,12.1983925717754,43.5221513984046,-80.1832215224754,2,3,3,6
47047,18.1260787199066,18.1260787199066,-10.5633614182535,-4.1260982746201,-14.762604086435,23.7790856104383,1,1,1,1
47049,14.0988064196893,14.0988064196893,-6.38715936012163,-2.48152500277671,-8.19974932136517,17.6035497074224,3,4,4,8
47051,11.9660317180962,11.9660317180962,-5.4280236740024,-2.57729101928608,-8.51105264397934,16.4749018556857,1,1,1,7
47053,-16.6331864908325,-16.6331864908325,9.16539130564666,2.8209093276741,10.6360773164466,-19.052247670728,2,3,3,3
47055,10.0728795024504,10.0728795024504,-4.70372428959775,-2.62439102925274,-8.01737025721221,14.4921979666088,3,4,4,6
47057,16.2778027349783,16.2778027349783,-8.38647808603698,-3.05379547275407,-11.7530455823592,22.2761250383863,3,4,4,2
47059,-37.1747323123376,-37.1747323123376,22.1821323461415,7.58682766822038,25.5591089010337,-47.9652022140831,3,4,4,4
47061,8.97593782889957,8.97593782889957,-5.16799121556582,-2.774608492233,-6.35210606776476,11.765337908385,3,4,4,8
47063,-86.701071584512,-86.701071584512,49.1524042805464,18.3541178484146,59.6216585424943,-111.832866777395,1,1,1,3
47065,-28.558739081892,-28.558739081892,15.9737508512347,5.64966786518486,19.6756361927922,-36.3776240243101,1,5,5,2
47067,-91.3806254858792,-91.3806254858792,49.1502595801993,17.5482344870243,64.5771995896237,-119.878653348046,3,4,4,8
47069,-10.2098741478079,-10.2098741478079,7.10903891129878,1.87715510711376,6.94225051681789,-13.6292439997738,2,2,2,6
47071,3.62872890227505,3.62872890227505,-0.876195913874793,-0.853058056514866,-1.67154764191929,4.72321654194357,3,4,4,6
47073,44.0200838759018,44.0200838759018,-22.130744707742,-9.09904529396957,-30.0828847148633,56.6388232688863,3,4,4,2
47075,-64.5127372902919,-64.5127372902919,35.4667028792412,12.8718203539532,45.1636064703808,-81.6480806790665,2,2,2,6
47077,-5.55984854124398,-5.55984854124398,3.02663306208687,0.676852253844203,3.19298418933561,-4.96392122707685,3,4,4,6
47079,-19.538699856024,-19.538699856024,10.8810584077723,3.91756872397057,12.977122081239,-23.7240859443362,3,4,4,7
47081,26.112896885946,26.112896885946,-14.4960997806558,-5.62521364083707,-20.433564167853,36.5846123374689,3,4,4,1
47083,-37.0566578801563,-37.0566578801563,20.3457228705919,6.64003015386926,23.8877100861991,-47.7797708551031,3,4,4,8
47085,-21.5062032769755,-21.5062032769755,11.782101518531,3.79561465582679,14.3878880791666,-27.3043769811986,3,4,4,8
47087,-15.0953896794278,-15.0953896794278,8.10003193534004,2.19400528979936,10.1306264461744,-19.6729577965214,3,4,4,8
47089,30.4487887134831,30.4487887134831,-15.8644457720985,-6.20720957222607,-21.9863011009547,41.3619726978449,1,1,1,3
47091,13.8841444242416,13.8841444242416,-6.63001709064497,-2.17859102141107,-8.67618909258741,16.6194506792655,3,4,4,8
47093,13.265773909562,13.265773909562,-6.98078196552122,-2.90836439888965,-8.91759669808889,18.9432080913527,1,5,5,2
47095,61.952206344915,61.952206344915,-33.3553945399211,-11.8278880338851,-37.6652898012459,76.4753924704632,3,4,4,9
47097,-20.6794265021661,-20.6794265021661,11.1307640711398,3.45203519997521,14.3539699066506,-25.7673335812866,2,2,2,6
47099,-3.01786022810093,-3.01786022810093,2.56604231182863,0.405553959259366,2.13290928949966,-1.83321273363003,3,4,4,6
47101,0.370695155346848,0.370695155346848,-0.763635723455002,-0.531366256226359,-1.24379261442914,3.09584014439485,3,4,4,8
47103,-5.66538236566714,-5.66538236566714,3.93146253433145,1.0119202841496,2.79967291259155,-5.92731052262911,1,1,1,6
47105,-18.37821451717,-18.37821451717,11.56234464117,4.74642122110835,12.159102668703,-25.7472250831775,1,1,1,2
47107,-25.9064896598457,-25.9064896598457,15.596639779189,5.39943952171448,17.0383976201849,-32.4041017595119,1,1,1,4
47109,27.6635306943382,27.6635306943382,-13.8365222877622,-5.82297637114174,-19.1488272173003,37.5274085636959,3,4,4,8
47111,21.5034675185509,21.5034675185509,-11.4058760342244,-3.99761812544886,-15.6601243605778,31.3243223320562,1,1,1,1
47113,-95.9927550180825,-95.9927550180825,53.0015089752767,18.7044862709491,65.9283494985973,-123.715866787182,2,3,3,3
47115,6.78160165813053,6.78160165813053,-2.69880532502483,-1.4363873381785,-5.15252646562806,9.28233726635569,3,4,4,2
47117,1.31822506394023,1.31822506394023,-0.250044638143778,-0.558947930287944,-2.19921076305281,4.05957172742846,1,1,1,6
47119,-48.3331618526885,-48.3331618526885,26.5549916845979,9.14322100397583,31.3574846110603,-60.059073910499,1,1,1,1
47121,17.1023418798034,17.1023418798034,-9.00736008299595,-4.25119651269484,-13.9729205919866,21.9511611442816,3,4,4,8
47123,-24.8378706440522,-24.8378706440522,15.8263831003127,5.33339822944505,16.7585611324486,-32.8620015540575,3,4,4,6
47125,61.6351565315792,61.6351565315792,-32.773753454158,-12.0689516642849,-41.7634006607278,81.8476936205586,1,1,1,2
47127,155.300922220445,155.300922220445,-84.5016026424599,-31.5864200719818,-107.572358520406,201.988506827206,3,4,4,9
47129,19.1283809224997,19.1283809224997,-9.90301930111964,-4.05237503855027,-14.003127213974,24.976283572334,3,4,4,2
47131,-19.707175881334,-19.707175881334,11.7499729178141,4.33667701458928,13.3138848278448,-23.8215285902409,2,3,3,7
47133,40.094181535821,40.094181535821,-21.6912917141343,-8.24887283702357,-27.2454876981948,54.5199061265055,3,4,4,9
47135,-17.1061239976479,-17.1061239976479,8.57181264499435,2.81862463253147,10.4264053789418,-21.1057070160982,3,4,4,9
47137,-115.469340387353,-115.469340387353,61.8848229000352,22.6912841065018,79.8166063270641,-151.761610063534,3,4,4,9
47139,14.4945279547919,14.4945279547919,-8.34647487120199,-3.3048057789857,-10.5409098439611,19.1781791456073,3,4,4,3
47141,-55.199522858429,-55.199522858429,30.8175604321403,11.0706515740002,38.5983723157826,-70.1310451145118,2,3,3,4
47143,-36.5945806380037,-36.5945806380037,21.3014027153302,7.84401429007717,24.9788592705084,-46.7181622653178,1,1,1,6
47145,-63.5291452155754,-63.5291452155754,35.1557967634439,11.7674402837326,43.0052579824846,-82.9965390166963,1,1,1,2
47147,-17.4073579280824,-17.4073579280824,10.0060466443382,3.39011357274312,9.77826080661602,-19.9307008772004,1,1,1,1
47149,5.19206494252653,5.19206494252653,-3.17748078845597,-1.38491132882813,-4.90383419183135,10.381853470312,1,1,1,1
47151,11.2802971615276,11.2802971615276,-5.67123069283536,-3.09444226070192,-6.81638190532181,16.5490355075053,3,4,4,8
47153,19.181495532134,19.181495532134,-10.3677411155202,-3.39778205967759,-11.6149860781937,23.7604120825971,3,4,4,2
47155,-69.3506907649803,-69.3506907649803,39.7141050458279,14.8919704949414,46.4040413820931,-88.1454303355516,1,1,1,4
47157,8.3331726253575,8.3331726253575,-4.55964545545092,-1.88379449340731,-4.9766082522045,12.3047388457042,1,5,5,1
47159,23.4076403681644,23.4076403681644,-13.2687446526984,-5.24819691840162,-18.1214681825896,33.2617353594423,3,4,4,1
47161,-11.370159151036,-11.370159151036,5.73659976625415,1.74550459859948,7.34650289884478,-14.6546969400702,3,4,4,2
47163,-47.6694647335082,-47.6694647335082,27.5561689930051,9.37148157139305,33.5593756706831,-61.9514258067247,1,1,1,2
47165,43.1665092331339,43.1665092331339,-23.8674056733543,-9.15518642784515,-31.1905996191732,58.6134315632476,1,1,1,1
47167,60.6766241236125,60.6766241236125,-33.5386443326515,-13.3914297926759,-43.1630003749672,81.0606299171053,1,1,1,1
47169,-33.9914219271983,-33.9914219271983,17.3434003134962,6.01693373546176,21.5529423588549,-42.4718909748418,3,4,4,1
47171,58.4517873340233,58.4517873340233,-30.4223412078574,-11.6496491000633,-39.9163021400219,76.1402894983586,3,4,4,3
47173,7.86909061602918,7.86909061602918,-4.89819905255103,-2.3532932677186,-6.91874077409723,12.2231777028826,3,4,4,2
47175,-142.227353471421,-142.227353471421,77.7124111260933,27.5478536476365,95.4082848037004,-185.101158666378,3,4,4,9
47177,-32.2413463387005,-32.2413463387005,18.6973668328379,6.92099590664342,21.9874469594051,-39.824978179699,3,4,4,6
47179,-35.8805189622204,-35.8805189622204,20.4985590534018,6.89100220486715,25.4777726742706,-45.9075712212952,2,3,3,3
47181,50.030506994846,50.030506994846,-26.0170133168634,-10.038730799532,-34.4622215574061,64.572411993289,3,4,4,8
47183,11.5143703514296,11.5143703514296,-6.1948894444416,-2.66437072552344,-7.43981926329741,16.859061164383,2,3,3,6
47185,18.469854192842,18.469854192842,-8.89702468294977,-3.53490167948336,-12.6382949945404,25.3352673721602,3,4,4,7
47189,-39.2512602887634,-39.2512602887634,21.9784408112093,7.51897453708353,24.8185432397915,-49.2947219903155,1,1,1,1
48001,-135.959267370065,-135.959267370065,75.5268868754692,28.8572345483677,92.9121514077339,-178.551267386018,4,6,6,7
48003,-50.3647076955645,-50.3647076955645,26.156849761251,12.1916946273392,31.9322687023683,-62.4187220000297,4,6,6,6
48005,-52.2169617736417,-52.2169617736417,30.1180511090198,12.1987559393345,35.3358660809663,-66.9667399642614,2,3,3,5
48007,29.9537858852832,29.9537858852832,-14.5053854515398,-4.10766181930312,-20.3221215010141,35.5400760734447,4,6,6,2
48009,-0.279081387479762,-0.279081387479762,-0.991181525334935,1.20520528983853,-0.558676743829546,0.0522450906219346,4,6,6,3
48011,-382.878984121167,-382.878984121167,206.423279497995,76.3693476862399,259.009033750387,-498.039300250318,6,8,8,2
48013,-65.8907118593597,-65.8907118593597,35.5810888079213,15.2241332437016,43.6415209827625,-84.7700032260298,4,6,6,1
48015,-102.072032883606,-102.072032883606,55.5430971142048,22.2237925970904,68.0475525785352,-132.169402873652,1,1,1,1
48017,42.7378538913304,42.7378538913304,-25.4013888339349,-4.78947724218454,-28.3882025646253,56.4800324730934,4,6,6,6
48019,71.0143786328197,71.0143786328197,-37.3326083642688,-12.399646131106,-49.6789001763805,88.9303351663464,4,6,6,1
48021,21.1572978662917,21.1572978662917,-11.0587333401843,-1.91839720840681,-16.8196624534588,28.9136686282252,4,6,6,1
48023,124.801151188971,124.801151188971,-69.0197267060779,-23.3254351572649,-82.3103118287091,160.264549675401,4,6,6,9
48025,-42.7152836099323,-42.7152836099323,25.5307000536121,11.0874654039281,30.2211109497342,-58.2991094622598,4,6,6,6
48027,51.3047958287935,51.3047958287935,-26.8579786089627,-9.29012407946608,-34.0901744323935,66.4819164582111,2,3,3,2
48029,106.631303452641,106.631303452641,-56.9324700930706,-19.1815340488979,-71.3257220839425,138.548040743582,1,5,5,1
48031,38.9470546316505,38.9470546316505,-20.9152729493528,-6.05079361034821,-26.8768447912224,47.4487895016365,4,6,6,8
48035,1.48339532876705,1.48339532876705,-0.224157887080767,1.83097766097702,-0.957913618032078,0.473119629824549,4,6,6,2
48037,-86.467357700774,-86.467357700774,48.3279707892006,17.9050602229073,59.2969817669558,-112.256095968174,2,3,3,3
48039,34.4966167312041,34.4966167312041,-18.3370178907388,-5.67572689092084,-25.129717709673,45.0949863622149,1,1,1,1
48041,3.79104929199104,3.79104929199104,-2.39700843073796,-0.266331791515617,-0.434826584062588,5.66488351731314,1,5,5,2
48043,0.991884283401363,0.991884283401363,-0.210216731246725,2.99833144385213,-0.0184627148128424,-0.192499689023496,4,6,6,7
48047,57.889522917859,57.889522917859,-29.8016889692589,-8.64072270889822,-35.271809237915,71.6352030973262,4,6,6,9
48049,-48.4987263662498,-48.4987263662498,28.0497904597242,11.1724933509188,33.7910889650289,-63.4093632684519,2,3,3,5
48051,-6.81179497748906,-6.81179497748906,2.96497595826175,3.07406175870405,2.22544462461951,-7.57630213903779,4,6,6,2
48053,-29.423811397942,-29.423811397942,16.9547483523461,7.8364110270775,18.1665613059033,-38.0349260741942,1,1,1,6
48055,-14.7948497084849,-14.7948497084849,8.37034391982985,5.33851275809777,8.3746861801495,-18.0346219896024,4,6,6,1
48057,-97.0428586477037,-97.0428586477037,54.2949651211714,21.5005206198301,64.7826582832404,-126.530380604547,4,6,6,6
48059,38.5795028552087,38.5795028552087,-21.3343998573136,-7.34494761226391,-26.8050513532263,49.9896826021614,4,6,6,3
48061,-0.939819768121248,-0.939819768121248,3.32901737107798,4.17011698817315,2.54784043398904,-1.58131918400693,4,6,6,2
48063,46.0236671133614,46.0236671133614,-25.5336727546213,-7.4296694853515,-31.5887157083286,60.3582742381651,4,6,6,8
48065,67.4805822139193,67.4805822139193,-38.7142964496729,-13.3266322754712,-45.8150955231113,88.9714229376498,4,6,6,2
48067,-9.55894256815791,-9.55894256815791,6.82365808483742,2.76428884191272,6.59021284318881,-12.8733090419554,2,2,2,6
48069,69.2810821066459,69.2810821066459,-41.3753621509274,-10.6396505053082,-48.0275948693786,94.2249354507472,4,6,6,9
48071,-112.500841163098,-112.500841163098,61.1017564597705,22.9920825831521,74.4871746644673,-145.204661225181,1,1,1,1
48073,-19.0183433425251,-19.0183433425251,11.9710231857987,5.82023844373976,12.5736697650093,-24.7348199059738,2,3,3,6
48075,138.770590365404,138.770590365404,-75.8907976739773,-25.321705998894,-92.713836686622,178.652611584169,4,6,6,9
48077,-16.670197443707,-16.670197443707,8.37406875275984,3.33775132139157,9.15101388685203,-21.4834527091853,4,6,6,3
48079,-177.746134673929,-177.746134673929,93.2585800796296,37.9764202166187,122.297376814005,-229.629700598366,4,6,6,2
48081,40.8152218342408,40.8152218342408,-22.3269394372482,-6.8223986553681,-26.3227860689694,51.1559074329091,4,6,6,8
48083,69.1694784535065,69.1694784535065,-37.8303186584279,-11.9000194545718,-45.6726518168663,87.972247119445,4,6,6,8
48085,103.50334134183,103.50334134183,-56.944302228565,-20.3625438631159,-71.5234031979714,133.793956224206,1,1,1,1
48087,58.0186190512894,58.0186190512894,-35.0306010639949,-9.80696448134479,-39.3995326808678,76.948529916328,4,6,6,9
48089,-6.10704126176664,-6.10704126176664,4.05828125574951,3.51473475596608,2.77924121044768,-7.82386194350665,4,6,6,8
48091,-50.505196706729,-50.505196706729,28.6884249471846,11.262828959057,33.6091900456301,-66.8876705129576,1,1,1,1
48093,35.3457413510376,35.3457413510376,-18.4501101664054,-4.25289691745084,-23.3002745190974,45.7122038878349,4,6,6,9
48095,81.5029491225413,81.5029491225413,-45.6056754093485,-13.5284800241382,-53.9916395933711,102.836652789723,4,6,6,8
48097,-72.4523711490749,-72.4523711490749,39.964038412057,15.874506928318,48.9073194244458,-93.3182811974746,4,6,6,6
48099,7.87253182792838,7.87253182792838,-1.85503417576047,-0.070350841067281,-2.19762360430096,7.1095793973851,2,3,3,2
48103,-122.18717246052,-122.18717246052,62.8834376097672,27.2098230026881,80.5162237568957,-156.678932820692,4,6,6,8
48105,-76.7354353784835,-76.7354353784835,38.5364984952709,19.2776466240091,50.6800848120985,-97.8158401490082,4,6,6,8
48107,-44.1007475371216,-44.1007475371216,23.0639727345545,10.3506900786363,30.490786237776,-57.393490299093,4,6,6,2
48109,316.533551266504,316.533551266504,-176.900338679667,-59.293147981252,-213.05162845011,410.060090741164,4,6,6,9
48111,-133.590302147466,-133.590302147466,70.8568658065462,29.5161135383609,89.210024475347,-166.768448049588,4,6,6,7
48113,-33.3794615974179,-33.3794615974179,17.8051549602399,8.25430992368862,22.4174238467342,-41.6672872355999,1,5,5,1
48115,-39.7867084235883,-39.7867084235883,22.1498760232264,11.2384530069598,28.6560507768744,-52.8915289139297,4,6,6,6
48117,-78.1755574995295,-78.1755574995295,42.0910428303519,19.0025486976967,52.4800543484314,-97.2464143088586,4,6,6,6
48119,-78.1680257921762,-78.1680257921762,41.6799220290632,15.0165213632804,51.2630514110709,-101.019286520278,3,4,4,8
48121,176.721524199281,176.721524199281,-96.9376854013818,-34.7672930398404,-121.545064355628,230.150157899897,1,1,1,1
48123,10.1208103124389,10.1208103124389,-5.8350179722609,0.127134176159881,-6.52530612457394,11.7735719916259,4,6,6,6
48127,13.5285357800586,13.5285357800586,-8.40813522858275,-0.217302003641149,-5.58303326345376,15.354282660221,4,6,6,7
48129,52.5841498996912,52.5841498996912,-31.3341692504451,-9.56049779024468,-35.8103522667862,68.1924336993028,4,6,6,8
48131,164.184527274424,164.184527274424,-88.3228887397576,-30.4292103783911,-107.870488192603,209.135361167913,4,6,6,9
48133,34.7973295080895,34.7973295080895,-17.6739784345862,-5.14850664241103,-23.0238764315788,44.403838456217,2,3,3,8
48135,-64.7329966777406,-64.7329966777406,34.6583990566593,15.0715613361308,43.166594066973,-81.5987360986057,4,6,6,3
48139,24.9057841452157,24.9057841452157,-13.2194018153511,-3.92337634275629,-19.07724291782,34.1414508012656,1,1,1,1
48141,23.2065925548802,23.2065925548802,-10.6086474367532,-1.23525087111385,-13.8664533592256,29.1465323816324,4,6,6,2
48143,-24.3747042939382,-24.3747042939382,13.4999316750434,5.87160928197474,16.9954729604036,-30.1478764211187,2,3,3,5
48145,80.1337974785695,80.1337974785695,-42.7705893753307,-14.7315225348456,-55.4010194701833,102.723718126617,4,6,6,2
48147,-18.9117938756637,-18.9117938756637,11.4976309049047,4.7159547263889,12.8223558605672,-25.6375488266604,4,6,6,6
48149,-47.4954484651076,-47.4954484651076,27.0622065104293,11.6706147339411,31.4424551499552,-62.6738808309719,4,6,6,6
48151,-128.481217623626,-128.481217623626,68.1250114901747,26.0106120935263,86.1277443759494,-167.235091325566,4,6,6,8
48153,96.4539425547345,96.4539425547345,-53.9285470886939,-16.4461239787596,-64.4612171759641,125.035790895494,4,6,6,8
48157,106.6708445346,106.6708445346,-57.7025651092403,-19.906299121867,-74.1608609695669,137.44981682889,1,1,1,1
48159,85.8213373895323,85.8213373895323,-46.3474631765253,-15.8160986250975,-59.3897023798314,110.713563180699,4,6,6,9
48161,-8.67118203540055,-8.67118203540055,4.61187165007695,3.35624456919984,5.23816547403617,-11.6244538537331,4,6,6,9
48163,-30.1407774770738,-30.1407774770738,15.7037318558227,8.56833135932218,21.3224260399957,-39.4678475409113,4,6,6,6
48165,-94.6593948891699,-94.6593948891699,49.3049599946054,22.457082967242,60.863926207638,-117.320489136889,4,6,6,6
48167,51.0476286474547,51.0476286474547,-26.8939520744026,-9.02538160263063,-35.0339605451844,65.721589802467,1,1,1,1
48169,94.9858039854293,94.9858039854293,-52.4974849789104,-14.9288899986082,-63.6299910572895,121.266758271328,4,6,6,2
48171,-36.1505597653926,-36.1505597653926,21.1719736292903,9.89076091851133,24.6325931546821,-50.0401266372385,4,6,6,7
48175,8.19539209975028,8.19539209975028,-4.9992396266754,-0.0451211379916123,-6.61202731752136,8.37111375114501,4,6,6,3
48177,-8.81926561925169,-8.81926561925169,4.04178608179551,4.58869065455465,4.99165576063164,-9.74244109925409,4,6,6,6
48179,-49.2277562397369,-49.2277562397369,27.7576644530829,12.2841951917538,33.9067388183652,-63.8748851087462,4,6,6,6
48181,-37.7427237073438,-37.7427237073438,22.198844977254,8.72407136311451,25.3312201993277,-48.2311163112815,4,6,6,3
48183,-120.135232422896,-120.135232422896,66.0510633351707,25.1281860230165,81.9166131290264,-154.862214230102,2,3,3,2
48185,-49.9328328396129,-49.9328328396129,27.9509724801584,11.81705664617,32.8515789863829,-65.7647881362345,4,6,6,6
48187,22.1394096153329,22.1394096153329,-11.2242714910577,-3.05918592854303,-16.3415943473512,28.8604852467529,1,1,1,1
48189,-40.8302176143949,-40.8302176143949,22.6950270844445,10.9583086308595,28.7361995517228,-51.7056238133575,4,6,6,4
48191,-107.667537145821,-107.667537145821,58.1780204947427,23.9315779373213,74.6470430424247,-141.801649557616,4,6,6,9
48193,109.150368583838,109.150368583838,-59.048301473329,-19.4032532290724,-72.2485287308259,139.427256620377,4,6,6,8
48195,12.9131971861702,12.9131971861702,-9.32333822582203,0.491083189514919,-10.4089863550341,19.1331013449956,4,6,6,9
48197,177.743424089361,177.743424089361,-98.3745106621075,-33.9133830183117,-120.897606178853,231.399441802935,4,6,6,9
48199,29.6289301999342,29.6289301999342,-15.9153977634934,-5.77699045317956,-21.9488160227101,39.5299591080964,2,3,3,2
48201,62.9202302369352,62.9202302369352,-34.2704792739177,-10.6916342223703,-42.5750527055658,83.103081252656,1,5,5,1
48203,2.50778910880829,2.50778910880829,-0.505823604015875,0.196517866036188,-2.86120790143393,4.03015916114689,2,3,3,2
48205,97.6239798793875,97.6239798793875,-55.2774776821979,-16.221149745568,-66.6399442720984,125.971217810228,4,6,6,9
48207,36.0817322413088,36.0817322413088,-20.2564275118077,-5.24480252485705,-24.3816233616865,47.2435936495686,4,6,6,8
48209,41.8995676647637,41.8995676647637,-22.8717577368567,-7.53168936231139,-28.5797470418801,55.1312648910769,1,1,1,1
48211,48.7909606472485,48.7909606472485,-29.2341807170764,-6.93837553178802,-34.0837303561298,63.4817492554302,4,6,6,9
48213,12.1475717610336,12.1475717610336,-4.95497475282889,-0.661155373078675,-9.18034287649913,15.2004532380921,4,6,6,4
48215,55.1168314868244,55.1168314868244,-27.3409336701129,-6.71538647870331,-35.6051787691238,71.7897367050018,4,6,6,2
48217,-52.5942593813202,-52.5942593813202,30.2154065379161,12.2924789407774,35.4022189609685,-68.5101874190989,4,6,6,6
48219,-51.5783929473261,-51.5783929473261,28.3028774553962,12.4476278156945,34.2542612003895,-65.5416584334228,4,6,6,2
48221,-26.1797384897896,-26.1797384897896,15.645869026719,6.49292199978793,17.0646848195908,-36.3115102214614,1,1,1,4
48223,-65.4555741655619,-65.4555741655619,36.3417131181769,14.7235362650463,43.5852674363606,-83.4787257591315,4,6,6,6
48225,-56.3358168669025,-56.3358168669025,31.1359775263573,12.7900874957372,38.8444992581143,-74.9285390241614,4,6,6,7
48227,-99.1265073735989,-99.1265073735989,54.4917637722361,22.212613000912,67.9946983535724,-130.053168399142,4,6,6,4
48229,197.045376359266,197.045376359266,-108.268699845397,-34.7702188173981,-135.103089843308,256.52991770276,4,6,6,2
48231,-25.002156051523,-25.002156051523,15.0926746029883,6.38457430046005,15.7752175366906,-30.9127832326174,1,1,1,1
48233,-17.2072628117832,-17.2072628117832,9.21761091448102,4.65548109825888,12.1162149019743,-22.4887528257742,2,3,3,6
48235,19.6467132726676,19.6467132726676,-13.872225915369,-2.91371746971546,-16.0566246257898,25.7188569741071,4,6,6,3
48237,41.6681105583408,41.6681105583408,-23.5307239614557,-6.75921712780192,-27.7970410123777,52.0547715022154,4,6,6,8
48239,-12.849952325336,-12.849952325336,7.66611308426942,4.51693661904208,7.85532583574473,-17.043187606862,4,6,6,6
48241,18.5722766228368,18.5722766228368,-9.57869692528548,-3.28646201635523,-13.2778768591183,24.5303596362489,2,2,2,6
48243,-51.2381025151734,-51.2381025151734,26.3367431873952,13.7494297814732,37.8233199098465,-72.1596018063063,4,6,6,9
48245,-101.391505326218,-101.391505326218,57.0284413839212,22.0247322430897,70.4558038737859,-132.681079996979,2,3,3,2
48247,16.1728082310766,16.1728082310766,-10.3162746651858,-1.79854901819527,-6.76143505582598,20.350138996054,4,6,6,8
48249,-68.5317533767505,-68.5317533767505,38.4505923737196,16.0439530372877,48.6597885452318,-90.3339731411618,4,6,6,6
48251,-18.2417438151192,-18.2417438151192,10.4795542953315,4.85643690863943,10.7309576571485,-21.2217124987829,1,1,1,1
48253,-30.3065147466364,-30.3065147466364,17.3911852841446,8.19442604530058,20.8144017382075,-42.1882131434439,4,6,6,3
48255,-31.7960676226632,-31.7960676226632,16.5033349499676,8.7578297092843,23.0841011539186,-43.9165081230182,4,6,6,8
48257,-8.90168274858842,-8.90168274858842,4.95157477611433,2.79903991213125,3.99324300687435,-8.77386033124435,1,1,1,1
48259,-84.0167050816144,-84.0167050816144,46.498065775903,17.8094324060773,56.8491135174129,-113.460947735042,1,1,1,1
48265,-30.759636820394,-30.759636820394,18.4620017255197,8.41342297415082,20.9021374199023,-42.0447795120028,4,6,6,4
48267,41.4202369081998,41.4202369081998,-23.7135750586487,-6.03265586068644,-28.1565970886689,52.0491791391931,4,6,6,9
48271,104.110208705039,104.110208705039,-56.5196073804226,-17.1532668064307,-71.9556503002406,132.892643816299,4,6,6,9
48273,-14.572967048565,-14.572967048565,7.68356304561458,4.18380531457871,12.4619047498116,-19.5020030015959,4,6,6,4
48275,-34.4491566254165,-34.4491566254165,16.7829040493572,8.73867959235972,24.1900274120133,-43.9256214329602,4,6,6,9
48277,-40.0094324833012,-40.0094324833012,23.1950577365603,8.60240895474602,27.7556210371355,-51.526763422067,2,3,3,5
48279,-39.0508650545686,-39.0508650545686,20.3512842832077,10.9147902236092,26.266107400886,-47.8470671062932,4,6,6,6
48281,8.07748010323033,8.07748010323033,-3.26132161279857,-0.0868395894423775,-6.03239219638214,8.61695074306225,4,6,6,2
48283,163.366708377417,163.366708377417,-90.6455873822346,-29.4546498255247,-109.542154760896,209.918894784541,4,6,6,8
48285,27.8368245029229,27.8368245029229,-14.7697002248784,-4.08322440810889,-20.0646975731143,36.528925904766,4,6,6,8
48287,-54.1833050804731,-54.1833050804731,30.5896497549672,12.7881032921683,35.2334454772212,-69.9954749615501,4,6,6,8
48289,8.97930745459748,8.97930745459748,-4.53149252159167,0.160512464780547,-8.26707871076462,12.2614781699501,4,6,6,8
48291,4.67479140510602,4.67479140510602,-1.75232863460221,1.36385037403918,-5.12162716569579,7.42254186713487,4,6,6,1
48293,-78.5071799295283,-78.5071799295283,43.9620624976365,17.7158809181108,53.7180443051436,-103.228402425826,4,6,6,6
48295,142.540670154737,142.540670154737,-81.7832298478853,-25.6889321292066,-98.1147516480316,187.104413997881,4,6,6,9
48297,-1.91745552959953,-1.91745552959953,0.569769055651323,3.27698887867003,2.2292151186387,-5.40468246677643,4,6,6,8
48299,33.7977339624633,33.7977339624633,-16.4607594571361,-4.52414946473576,-22.2692176694768,39.275911358486,4,6,6,7
48303,36.9349540118486,36.9349540118486,-19.2824023790295,-6.34699519462769,-23.8706643732675,48.9846509467635,2,3,3,2
48305,-0.0408427974455489,-0.0408427974455489,-1.29336797166533,1.29938588670453,-0.760313186952966,0.774961197513597,4,6,6,2
48307,58.461315661575,58.461315661575,-31.9368647861578,-9.76861747806023,-37.5916011515289,74.3321291513555,4,6,6,9
48309,-31.7601695461301,-31.7601695461301,18.0678272532063,7.40060050059113,22.2076996794204,-40.0687943314512,2,3,3,2
48313,5.39229766799197,5.39229766799197,-2.56031743366419,1.17306304686643,-4.44933517324592,6.15735699459064,4,6,6,8
48315,90.4473784874443,90.4473784874443,-48.3740782598473,-17.3258301921462,-61.9542805207809,115.616704342215,2,2,2,8
48317,58.6779822806194,58.6779822806194,-34.9953049926522,-9.38706705469249,-42.2392935868507,77.7755237409589,4,6,6,3
48319,27.7821358732542,27.7821358732542,-16.5392450330944,-2.87707068962922,-18.5125317838004,32.1574507087666,4,6,6,9
48321,-30.1048766705782,-30.1048766705782,16.8067261465529,8.18716608852042,20.8105872499525,-39.0143524288584,4,6,6,6
48323,-51.92223105674,-51.92223105674,30.0460032923095,14.5774282455165,37.0018256587065,-67.6267685460162,4,6,6,3
48325,-21.693595719986,-21.693595719986,12.5665216685132,6.63123306469964,13.2178442127462,-28.935661548446,4,6,6,1
48327,-538.264651854738,-538.264651854738,293.688210169699,109.192606145573,367.763520119619,-705.646915383712,4,6,6,9
48329,-117.188135322425,-117.188135322425,62.8031685543234,24.7513592175588,77.7574243855551,-150.012711699459,1,1,1,3
48331,-6.54555975467938,-6.54555975467938,4.35213816184682,2.90151178052928,3.39152860220331,-8.58361151723949,4,6,6,6
48333,23.2175249230379,23.2175249230379,-13.2663171725758,-2.69634471374224,-16.1281995394913,28.6958958092807,4,6,6,9
48335,51.6587838843863,51.6587838843863,-27.897081765761,-8.50617238018462,-34.8306242145406,65.3906535477062,4,6,6,7
48337,5.098872597408,5.098872597408,-1.25152402012498,0.373660811348803,-2.85938073327713,4.0850056064305,4,6,6,6
48339,114.85880432553,114.85880432553,-62.448913242422,-21.5879264344251,-79.554776947377,149.734195840441,1,1,1,1
48341,-112.006426126401,-112.006426126401,60.569574700631,25.6485228015576,75.1569399925316,-141.378767965498,4,6,6,7
48343,31.6102102388281,31.6102102388281,-16.1170423394256,-5.39393879197921,-21.7745104370041,40.525607476373,4,6,6,8
48347,31.3613660912097,31.3613660912097,-17.1084642331094,-5.43808004147918,-21.4436452353132,42.4446186552781,2,3,3,5
48349,-11.0127910408754,-11.0127910408754,6.93082921516837,4.34842455039188,6.4725866202394,-12.8594654899281,2,3,3,4
48351,-77.7220925398414,-77.7220925398414,40.7981897822132,15.1751887476244,50.3389756174808,-98.9159196731353,2,2,2,8
48353,-18.3782904200787,-18.3782904200787,10.1802042064614,5.5670185149861,14.4176152478438,-23.9980173464989,4,6,6,6
48355,-34.5798818644494,-34.5798818644494,20.1356751878081,8.98489765679038,25.0953376470337,-45.0428620268109,2,3,3,2
48357,-32.4582293553022,-32.4582293553022,16.0804423587954,9.62714307957323,20.2332056339897,-38.5515070020701,4,6,6,7
48361,-9.6709558824948,-9.6709558824948,5.93763129594823,2.02242241749262,5.59643109616835,-10.9739915680181,2,3,3,2
48363,23.1878087622341,23.1878087622341,-11.4956992823332,-3.1655997951515,-15.6724364122706,29.1011681748017,4,6,6,6
48365,-21.2081583093343,-21.2081583093343,11.0367976724232,5.16692838581297,12.6030163993311,-26.3479386944688,4,6,6,6
48367,40.7235352159551,40.7235352159551,-21.8640906554891,-7.61807885700563,-29.459367461368,53.2047466730196,1,1,1,1
48369,-41.6899660597765,-41.6899660597765,21.325132408432,12.5942331372185,27.1122297103227,-50.2617854173004,4,6,6,9
48371,-8.68435500685699,-8.68435500685699,3.7506016600272,4.11086855296475,6.68975886435153,-12.848481496163,4,6,6,7
48373,-4.79956704797958,-4.79956704797958,5.12016331116191,2.81185249185235,3.46411645212971,-8.53194954331576,2,2,2,6
48375,-172.355188529899,-172.355188529899,94.9857199576408,36.8428084576105,118.637870025446,-223.147357323317,2,3,3,2
48377,28.9823747166922,28.9823747166922,-16.9971320644989,-0.690908174484971,-17.8661318702645,36.9488643742134,4,6,6,9
48379,8.54424489465007,8.54424489465007,-4.25293823706576,-0.762012464131719,-6.83112584009128,10.2563122696752,4,6,6,8
48381,90.1648647604696,90.1648647604696,-49.0081989648217,-17.4405806208903,-62.2133841693447,118.136637689196,1,1,1,2
48383,71.4593867916885,71.4593867916885,-42.0282480559338,-12.1473235952632,-50.972039299605,96.0989968502761,4,6,6,8
48385,-19.7766286565207,-19.7766286565207,10.5043224503256,7.04885758500934,16.0871778192154,-31.8249263221129,4,6,6,9
48387,2.23592574787285,2.23592574787285,0.0249629874373443,0.588544142695168,-1.71763448542228,1.75424778755636,4,6,6,8
48389,-101.987109982701,-101.987109982701,54.4352445294482,23.6542900947975,69.9437363109408,-132.627147991817,4,6,6,7
48391,97.3890553856436,97.3890553856436,-53.4729695693656,-17.2808049028519,-64.9760874619987,124.050515724021,4,6,6,8
48395,-44.377332399893,-44.377332399893,23.7130721334304,10.1846288239303,30.3826578869467,-57.5790487108026,4,6,6,2
48397,-31.616246688006,-31.616246688006,17.3925313146917,6.44734787293221,18.9763878376468,-41.1605774003706,1,1,1,1
48399,69.8651488422167,69.8651488422167,-37.8033703353234,-11.9590375322366,-47.3289929827429,91.3035805274771,4,6,6,8
48401,-31.5835674192523,-31.5835674192523,17.9457117634254,7.81854010390128,20.7100105721347,-41.3195831066429,4,6,6,2
48403,41.2055272146183,41.2055272146183,-22.2643688761785,-7.78017874599486,-29.8042224027841,52.6075654809126,2,2,2,9
48405,60.1193020219461,60.1193020219461,-33.7712027380562,-11.1344180414,-41.1681545657865,77.4438928160237,2,2,2,9
48407,37.0569156427219,37.0569156427219,-19.7543162402567,-5.92041371339212,-27.0605990640338,47.285752497701,4,6,6,1
48409,-39.9094520822696,-39.9094520822696,22.3101148777948,9.82921272208536,27.5928947287044,-52.0505614490378,4,6,6,2
48411,69.5209480969235,69.5209480969235,-38.6695749687476,-11.1307307662051,-46.6411739665214,89.1514410074704,4,6,6,9
48413,-136.728979211671,-136.728979211671,71.9328123441156,29.1760979500316,92.0032181654651,-180.238005570168,4,6,6,8
48415,-90.6494841890071,-90.6494841890071,49.3280762670605,20.5870149510005,62.43607369167,-118.075016137898,4,6,6,7
48417,163.138200270506,163.138200270506,-91.2180337196539,-32.2247398844441,-112.704052555769,212.713987920646,4,6,6,8
48419,-35.9798437468704,-35.9798437468704,19.3415549062426,9.16990744799703,22.5812086990166,-43.5423000515103,4,6,6,7
48421,27.4388071927529,27.4388071927529,-17.6610317322868,-1.33651865091942,-18.9074824356747,38.8665164923656,4,6,6,9
48423,-71.4192815404761,-71.4192815404761,39.8565251530383,15.5963645729681,47.7406397935002,-91.1698603973193,2,3,3,3
48425,49.7278599562251,49.7278599562251,-28.498619050213,-8.81968243628849,-35.4267537491856,64.989985116808,4,6,6,8
48427,10.1755851389919,10.1755851389919,-2.77247635949308,2.42761851142026,-3.88744809516036,12.3120609137065,4,6,6,4
48429,61.6600586099713,61.6600586099713,-33.3394459502548,-9.83065119016831,-42.0095147472853,79.5574788596671,4,6,6,7
48433,224.276038054537,224.276038054537,-126.994264082213,-44.1367226807851,-152.434013976477,292.216829308147,4,6,6,9
48435,19.143491723149,19.143491723149,-14.0611046015671,-1.27090835500823,-15.0428021592594,26.2454009385993,4,6,6,9
48437,8.59185685585302,8.59185685585302,-6.08789597119791,1.01849508850115,-4.36535323739356,12.2802321424724,4,6,6,8
48439,104.027117025309,104.027117025309,-56.3962386045295,-19.40761740009,-71.2598595450945,136.923239814489,1,5,5,1
48441,-64.8566148566675,-64.8566148566675,36.5784616562548,14.2216149221764,45.3457116781462,-83.7909649000961,2,3,3,3
48445,-69.8032019261903,-69.8032019261903,38.1970093437878,16.8662282725192,48.6401449851278,-90.0310677468394,4,6,6,6
48449,-98.0207886073079,-98.0207886073079,55.3863198138046,22.4375362545353,65.5673079979693,-125.615211379397,4,6,6,7
48451,-48.7851583310086,-48.7851583310086,27.6630599398778,11.470716999735,33.8714035979999,-63.2357944453688,2,3,3,3
48453,41.2930276332166,41.2930276332166,-23.5775673439985,-7.98912820191093,-28.1330304485935,54.0777945142344,1,5,5,1
48455,51.2856119966756,51.2856119966756,-27.1939455029797,-9.25624154578821,-36.3965017784455,65.3853749110094,2,2,2,8
48457,6.0608726092808,6.0608726092808,-1.83570713349822,0.0314684608234174,-3.64262724056278,5.39573215556227,2,2,2,8
48459,35.3324211235304,35.3324211235304,-18.9861787039487,-6.4132084920581,-25.5272182337945,46.990018006058,4,6,6,2
48461,157.888822988365,157.888822988365,-86.1717906716808,-28.1177099276401,-107.277372164419,204.634729427117,4,6,6,8
48463,-66.2842443877271,-66.2842443877271,36.5498141327556,16.6618712979191,47.1340715253018,-86.9445816745311,4,6,6,6
48465,-63.0219535912966,-63.0219535912966,35.3719318803738,15.9051117028128,43.9298842645568,-82.740969660717,4,6,6,5
48467,4.49718896377394,4.49718896377394,-1.1905416776271,0.381825047570516,-4.13198775303055,6.04793148473716,4,6,6,8
48469,-42.9252946607077,-42.9252946607077,23.8557407546482,10.2838342370893,29.281040909704,-55.3422547518505,2,3,3,3
48471,-58.4676889082716,-58.4676889082716,33.5473208838173,13.1039099048878,41.0505087250328,-77.5045201722332,2,3,3,4
48473,-90.0980719241196,-90.0980719241196,48.5190772345163,18.951297149124,59.5925006308672,-115.084161250375,2,3,3,1
48475,-77.0682407733946,-77.0682407733946,40.6135049648945,17.7281131115603,50.781393036827,-97.172161193456,4,6,6,6
48477,-50.4837092200316,-50.4837092200316,28.1188065538436,11.4616143394932,33.8317672592094,-66.2205661422585,4,6,6,6
48479,-58.3835573873501,-58.3835573873501,33.1853083965414,15.4349999701256,41.1405500047521,-75.7900055961907,4,6,6,2
48481,-73.1235381585881,-73.1235381585881,40.651483336129,16.7829673600754,49.0649732011653,-94.1362031141352,2,3,3,4
48483,76.862966683932,76.862966683932,-42.6269454292649,-13.2261804160126,-52.2868163676457,100.172112216693,4,6,6,9
48485,-24.8200583534055,-24.8200583534055,15.3876202042049,6.32435729220364,18.6323122713538,-32.6665323079195,2,3,3,3
48487,61.7962210537806,61.7962210537806,-32.93809469383,-9.82762480431553,-40.0014056759545,79.9754486110609,4,6,6,6
48489,59.4643143199945,59.4643143199945,-31.0908138042406,-8.78468615520424,-38.7190508781747,76.2166881274993,4,6,6,6
48491,114.008311607547,114.008311607547,-62.3379560745796,-22.1868660690122,-78.4632532985744,148.043478096554,1,1,1,1
48493,30.8254517386839,30.8254517386839,-17.1057750053158,-5.02755784766529,-23.5811514931802,40.7216923196073,1,1,1,1
48495,77.3914658365876,77.3914658365876,-43.1268913368557,-13.0050514594044,-54.3872458815646,101.550841263138,4,6,6,6
48497,-17.3731718279838,-17.3731718279838,9.28593380438316,4.38327223639164,9.33122276724783,-20.6362266064386,1,1,1,1
48499,-16.1334013831536,-16.1334013831536,11.3513214415012,5.01096036328655,11.3940875979383,-24.0176996508714,4,6,6,6
48501,-53.3692564434185,-53.3692564434185,27.3248372041264,13.5500533598116,35.9594089941092,-68.6062930538946,4,6,6,9
48503,-28.3400379114959,-28.3400379114959,15.9683137710269,7.50641187870231,20.0117325355202,-36.7104620474729,4,6,6,7
48505,75.1222705281709,75.1222705281709,-41.3239185306747,-12.2224280737737,-50.0252681236043,96.2777754632581,4,6,6,6
48507,27.2067025543133,27.2067025543133,-16.5268653572438,-2.8902671162749,-16.5596150883122,35.7450704821158,4,6,6,7
49001,73.7346756841131,73.7346756841131,-40.8657767126306,-13.7468878605903,-49.804505832077,94.2837484480801,5,7,7,9
49003,-70.0839513529206,-70.0839513529206,38.7685112651689,13.716829809425,47.0409813008564,-90.165693463819,5,7,7,4
49005,-22.196024842469,-22.196024842469,11.5974207220842,3.85694331664955,14.8971525366597,-26.2658617103513,5,7,7,3
49007,-9.60648852662973,-9.60648852662973,5.58386582496201,2.27089229110067,8.67297605011103,-13.9486242372525,5,7,7,7
49011,24.8505342173685,24.8505342173685,-13.6318542796396,-5.59983894881361,-17.8654271315972,32.575237581889,5,7,7,2
49013,-38.6637422075544,-38.6637422075544,20.067466819388,7.73915200555082,25.703108542189,-49.0177577405931,5,7,7,7
49015,68.9786952578296,68.9786952578296,-38.381490021882,-14.1947754527335,-46.3577664114398,89.1257598039253,5,7,7,9
49017,171.74081776133,171.74081776133,-93.2455932462483,-33.4669071026819,-116.088056650372,222.256324104564,5,7,7,9
49019,77.2744762418153,77.2744762418153,-42.8614661885165,-14.457016553891,-51.7549872458395,99.816444715456,5,7,7,7
49021,-39.9109114033164,-39.9109114033164,21.8629533364628,7.7631695679257,28.1875589957426,-51.1208215807617,5,7,7,4
49023,19.1891049520489,19.1891049520489,-11.9995485334157,-4.80858790647945,-14.1654076594788,27.0837342738692,5,7,7,2
49025,104.400212486592,104.400212486592,-56.9745850847337,-20.0156744804211,-69.9946735778927,133.112850758149,5,7,7,8
49027,25.1095085490514,25.1095085490514,-14.0022984565933,-3.80922094228993,-16.6219541136173,33.1186225687604,5,7,7,9
49029,4.39907664624475,4.39907664624475,-4.63796247195833,-2.51077639317962,-4.85553534942083,5.48258890804904,5,7,7,2
49035,-0.926213827622374,-0.926213827622374,0.372800369247205,0.323566003595138,0.559688063872744,-0.30046748237511,5,7,7,1
49037,18.4314190429391,18.4314190429391,-10.5825849485001,-3.13497739924349,-10.56012338493,22.5756660872446,4,6,6,9
49039,-15.4034588282304,-15.4034588282304,9.46872129012478,3.53878536046776,11.9511949465012,-21.4465211279139,5,7,7,6
49041,-41.1833042968017,-41.1833042968017,22.6688023137067,8.19012150308418,28.4986377298734,-53.4248637179875,5,7,7,7
49045,12.972037263718,12.972037263718,-7.81864546409795,-3.24357280199116,-10.9869067013439,19.8828998783102,5,7,7,1
49047,-73.5562284126902,-73.5562284126902,39.6391097688649,14.704108119452,50.3920819534486,-94.3997635602458,5,7,7,7
49049,72.6935723757412,72.6935723757412,-40.1031227117144,-15.0171825486306,-49.8050966138856,95.7543725740024,5,7,7,2
49051,-13.7279758311259,-13.7279758311259,6.49176831451296,2.78204465695206,8.07594834318716,-19.6801079684973,5,7,7,4
49053,-53.7745138917946,-53.7745138917946,31.4879523033074,11.7260758504675,37.8980987732579,-73.0058547857554,5,7,7,3
49055,140.979046161781,140.979046161781,-79.3868827853442,-27.6078869892581,-95.6859998545821,181.512313203541,5,7,7,9
49057,3.11150127290346,3.11150127290346,-1.15188140502076,-0.371990443583717,-2.47891361918279,4.83490572719289,5,7,7,2
50001,-28.8611570099248,-28.8611570099248,15.8121958354426,4.86502343216763,19.8048310318324,-39.1391317290831,1,5,9,6
50003,-39.8713759822607,-39.8713759822607,22.6228330711112,7.21190011516925,28.6454334447154,-54.733948741474,1,5,9,6
50005,-36.3114902150347,-36.3114902150347,20.3368084378667,6.42091516709513,25.1594821884248,-47.5960178494309,3,4,10,9
50007,-39.3862803628494,-39.3862803628494,20.4456541856843,5.99813652471103,27.2986284649513,-51.4916534541031,1,5,9,3
50009,-117.911549232226,-117.911549232226,63.6518829678827,22.7754192691236,81.4512934736748,-156.112479039013,1,1,1,9
50011,-31.336542705854,-31.336542705854,17.0190222787856,4.82430309449992,21.1907804454805,-40.2757356252261,3,4,10,3
50013,-45.2628345941345,-45.2628345941345,22.7218123680968,7.94275416398157,29.8173271770824,-61.4071129925871,1,1,1,3
50015,-14.8211899938816,-14.8211899938816,7.75202576472575,1.92085715861606,9.32448275272096,-18.7774297218849,1,5,9,8
50017,27.8224225783252,27.8224225783252,-14.8237710826151,-6.59496542454501,-19.1234125389166,34.4901306742635,1,5,9,9
50019,-18.5082618649518,-18.5082618649518,11.0282714438804,3.03617447921414,12.9886001915552,-25.0497812244851,3,4,10,9
50021,-65.616758283298,-65.616758283298,37.3548615935128,12.2374385645009,46.163074164449,-87.6390105874037,3,4,10,7
50023,-99.5749794901576,-99.5749794901576,54.0754131324795,18.6858721498113,68.2263224112045,-129.944639980479,1,5,9,4
50025,-26.2625570354564,-26.2625570354564,15.2408761637451,4.48347587532569,19.2976318910101,-36.4276152305867,1,5,9,7
50027,-33.2307404953696,-33.2307404953696,18.6398234966883,5.93877040618752,23.4854156833564,-45.70627531353,1,5,9,7
51001,-34.9403218221991,-34.9403218221991,20.2271261139714,8.36863596948052,22.7369559455946,-44.6748476664178,1,1,1,9
51007,-10.7350615880424,-10.7350615880424,4.39443152963515,1.48185780765094,3.49158970943376,-11.5404005541929,1,1,1,1
51009,38.8661807936944,38.8661807936944,-20.5560788002622,-8.47958211736486,-27.6193364270409,50.9047973695886,3,4,10,2
51011,60.5870136535414,60.5870136535414,-33.9595168161545,-13.1207475121784,-42.9504557817021,81.3779128645119,3,4,10,2
51017,168.30735457517,168.30735457517,-94.4696848154081,-33.4461501537192,-112.771087848074,218.77351835571,3,4,10,9
51019,26.2667180980847,26.2667180980847,-13.7518386745064,-5.55659271166423,-19.3676171109829,33.6061764984009,1,1,1,2
51021,95.3824363190127,95.3824363190127,-52.1276531978247,-20.0525722898639,-65.8494283619321,122.316090498279,3,4,4,8
51023,-56.2930691275583,-56.2930691275583,31.2770449388346,10.7705914377247,37.3310953415769,-73.6439188542432,1,1,1,2
51025,35.6508444298158,35.6508444298158,-19.4627389111501,-7.29532737590893,-25.5984629231116,46.1289666563377,2,2,2,8
51027,-39.167541401528,-39.167541401528,22.0355966515556,7.76552397538924,27.6486449349062,-52.7020402287332,3,4,4,9
51029,-9.32095639961857,-9.32095639961857,5.05545923482023,1.51150693577387,4.46798405563176,-12.5560791158171,2,2,2,8
51033,29.2194584608867,29.2194584608867,-16.4362837378349,-6.35046469110485,-22.2289792955148,39.8736612858765,1,1,1,8
51036,55.3100617444101,55.3100617444101,-31.9889726393213,-11.6122669126134,-39.7675747344155,71.6643745580448,2,2,2,1
51037,71.7458939568663,71.7458939568663,-39.8225847408115,-15.1492789062697,-49.6633872976413,93.0052447020727,2,2,2,8
51041,24.6751609151107,24.6751609151107,-13.3206979407676,-5.10836392098064,-18.2473781191715,32.2430729600655,1,1,1,1
51043,-13.894317397915,-13.894317397915,6.70768485292711,2.38661598711079,8.11357361076981,-20.6769912576386,1,1,1,1
51045,-201.075563932078,-201.075563932078,108.076353704214,38.466989246162,135.941689563719,-262.967043647414,3,4,4,2
51047,-49.0128309198271,-49.0128309198271,26.5256874326845,9.82069563552674,31.58688605401,-62.9461768748153,1,1,1,1
51049,-62.2842842990575,-62.2842842990575,31.846691788326,11.2800319417062,39.3703436393669,-78.2953572940164,1,1,1,8
51051,-6.62917042044204,-6.62917042044204,4.34565050573939,0.689489502671218,5.04782755255389,-9.39288575508245,3,4,4,9
51057,49.5194638578775,49.5194638578775,-27.7475223027029,-9.7420549216645,-34.5154495279462,63.6784564967956,2,2,2,8
51061,-24.7630368176652,-24.7630368176652,12.655899822276,4.25231698593361,14.6834233638467,-32.9914319063066,1,1,1,1
51063,31.5665229689402,31.5665229689402,-16.9856063605108,-6.42553769231352,-22.8770856221147,41.6099479804562,1,1,1,3
51065,68.1514116942198,68.1514116942198,-37.9393643642299,-14.9141861969654,-49.0358443174201,88.4144037752448,1,1,1,3
51067,-1.60593448731768,-1.60593448731768,2.0372353650705,0.240024835616309,0.219464044000986,-2.97626743131461,1,1,1,2
51071,-21.838382772967,-21.838382772967,11.2111462280068,3.23308662646442,13.6677789005772,-27.2480982094498,3,4,10,3
51073,4.30532460509978,4.30532460509978,-1.62172711950846,-1.10927054531403,-4.70803700957933,5.61342261275826,1,1,1,1
51075,-186.808094860209,-186.808094860209,100.51652574416,36.279763093454,125.318089239042,-245.860773124085,1,1,1,1
51077,39.5517095915662,39.5517095915662,-19.8524128877467,-7.3379463203742,-26.8012730409242,49.9229674582753,3,4,10,9
51079,59.4105493653734,59.4105493653734,-33.0736361721614,-12.2121440947997,-42.5049551970986,78.2838774024623,1,1,1,3
51083,-37.2851633246286,-37.2851633246286,20.6553371919819,7.10608639854507,25.0076291857588,-48.0308307195957,2,2,2,6
51085,-101.811350414939,-101.811350414939,55.3088173175713,19.3069600790826,67.4704119098664,-131.911681377496,1,1,1,1
51087,-32.7271652119449,-32.7271652119449,16.93610753836,5.94725221835958,21.2258347000891,-41.6818190195767,1,1,1,1
51091,-198.17342850416,-198.17342850416,106.111704502395,38.6789689867036,136.937320063247,-262.142575610762,1,1,1,8
51093,37.0249044546855,37.0249044546855,-21.3456091135845,-8.87157080208731,-28.3847053230008,48.2043981999388,1,1,1,1
51097,-134.288684278992,-134.288684278992,70.3561956378617,25.4268416301099,89.4036352680863,-173.322212832459,2,2,2,1
51099,-90.6132152448053,-90.6132152448053,49.6303891871002,16.5338645525959,58.857177526298,-118.337718702666,1,1,1,8
51101,4.12595541360114,4.12595541360114,-3.49454013725915,-2.20185022387963,-5.56731870183152,7.56063555156142,1,1,1,1
51103,40.0735148721373,40.0735148721373,-21.6506895466669,-7.03314439078912,-27.3396751284923,47.7852131390303,1,1,1,9
51105,49.1819245182965,49.1819245182965,-24.7921684313603,-9.93973169334636,-30.6676698294447,59.8962151243091,3,4,4,8
51109,-13.1739705289756,-13.1739705289756,7.0951182113635,2.12673145315276,7.10160190661133,-16.7300802993115,1,1,1,8
51111,35.4332449043293,35.4332449043293,-19.4370696219061,-6.6273765203141,-25.1884430589881,45.0944794192614,2,2,2,9
51113,56.8342871130712,56.8342871130712,-31.9261181812444,-11.7665074394288,-39.8183121775479,73.8741342861438,1,1,1,8
51115,-10.9354690546127,-10.9354690546127,5.52417371270156,2.0139876603309,6.73409850905615,-18.0190280090866,1,1,1,1
51117,-50.7864609558308,-50.7864609558308,27.9679286903621,10.3378596882638,34.6871928772929,-66.4381945669225,2,2,2,7
51119,59.1459249399584,59.1459249399584,-32.3743100506953,-11.2694522947374,-41.2802070559825,73.9829305547877,1,1,1,8
51125,38.1581750492219,38.1581750492219,-20.6762533478444,-7.11905345320196,-26.2626471197875,46.8865929287864,1,1,1,3
51127,-23.733942826744,-23.733942826744,11.8392700449273,4.10881486031614,12.7848900054685,-30.9105751212926,1,1,1,1
51131,65.3063788550346,65.3063788550346,-35.7350093032084,-11.8223877846873,-43.8491007949118,83.0366867639389,2,2,2,8
51133,32.0636705418149,32.0636705418149,-16.856081456474,-5.52221557781471,-21.3712572012364,36.1799341512723,1,1,1,9
51135,-3.94998087227067,-3.94998087227067,2.84726326589235,0.55944629318056,3.29510190680623,-6.68568937602852,2,2,2,8
51137,12.8350926975554,12.8350926975554,-6.92372730985115,-2.92221265105292,-10.3331983432573,16.4321154688132,1,1,1,6
51139,31.4757251476185,31.4757251476185,-16.5593060705587,-6.23430394390323,-21.8061269837556,41.675093256061,3,4,10,8
51141,24.8936088015379,24.8936088015379,-12.4805588122808,-4.46510174306969,-18.3237711464383,32.2280544345918,3,4,10,8
51145,-12.1221930032358,-12.1221930032358,6.71019629246789,1.70809775321768,6.12023547502746,-17.0998197269549,1,1,1,1
51147,-9.03254484130967,-9.03254484130967,5.00660428519045,0.979649492998086,7.65486662719333,-12.8923495358454,2,2,2,6
51155,-60.6460942695475,-60.6460942695475,34.7894887121906,11.5035993347317,41.5211198096723,-79.725754425937,3,4,4,3
51157,29.7459576821487,29.7459576821487,-18.138350317518,-6.08829093897051,-20.0380523140583,36.2218995757116,1,1,1,1
51159,57.7129035437951,57.7129035437951,-31.5536418297272,-10.4440942979192,-39.9104404779299,73.2530540270128,2,2,2,9
51167,7.61516796497128,7.61516796497128,-3.11849592005633,-1.95419474290899,-4.51766159915052,8.81997518533444,3,4,4,8
51169,12.943518142551,12.943518142551,-5.29787157032421,-2.84261297017158,-7.22666698595738,14.5186965557967,3,4,4,2
51171,6.76705621265131,6.76705621265131,-2.71267941925328,-1.0897254647277,-4.79925418448316,9.21743305478182,1,1,1,6
51173,-32.7519834257419,-32.7519834257419,19.76390235708,6.39197916530061,23.1930946956592,-43.0053011237418,3,4,4,7
51179,-8.64506962290439,-8.64506962290439,3.88306614441172,0.829218696911416,3.21497409233432,-11.7383843962998,1,1,1,1
51181,63.5380960689254,63.5380960689254,-37.2426692175243,-14.1892947573011,-45.7957346690971,82.8955409066424,2,2,2,1
51183,-5.65917832405105,-5.65917832405105,2.28038767524047,0.0282316394416531,2.73466943817062,-8.06327937680367,2,2,2,1
51185,-48.0611996520629,-48.0611996520629,27.5481431728288,9.37553728575628,33.7138810744262,-63.9205241804243,3,4,4,7
51187,-35.618496061331,-35.618496061331,19.2274385697752,6.77062844451911,23.6097292450071,-45.5436891093514,1,1,1,1
51193,21.6823148439149,21.6823148439149,-11.4967419729175,-4.00069613777974,-15.2413259128182,26.1552755808836,2,2,2,8
51197,-30.8503890247467,-30.8503890247467,17.8651818110201,5.63381431048994,20.8171101738771,-40.1138714498458,3,4,4,6
51510,43.6339768254714,43.6339768254714,-27.7366474956592,-10.3118871534407,-31.8382278313621,58.6206794759108,1,5,5,1
51550,-21.7792886503844,-21.7792886503844,11.6358389407793,3.54691085193643,13.9939775290197,-27.8447107872361,1,1,1,1
51650,-2.95268982117794,-2.95268982117794,1.78127993143108,-0.296687596245862,2.41619507968194,-3.95052611600779,2,2,2,1
51700,-47.2829189587929,-47.2829189587929,26.0031096081514,8.6612470734697,32.8468850372695,-60.5971906964823,2,2,2,1
51710,-60.0884823429252,-60.0884823429252,33.181864402364,11.3931560850511,43.7523053386945,-78.8041989333173,2,2,2,1
51740,-44.0258382318216,-44.0258382318216,24.147355515861,7.43861411338172,30.7834334654961,-56.9840901057352,2,2,2,1
51760,-21.8089003936019,-21.8089003936019,10.1775007528053,3.10005321734491,16.006772180743,-26.7806608892225,1,5,5,1
51770,-100.978800270237,-100.978800270237,55.5862685571457,19.8070692006836,70.4265031825402,-130.967474774275,2,2,2,2
51800,-60.5160199009916,-60.5160199009916,32.6098898922696,11.1482829961074,40.3265860687132,-78.5832169712741,1,1,1,1
51810,74.192774223777,74.192774223777,-40.514050991869,-15.3246108095567,-50.7749345714398,95.6345896179878,1,1,1,1
53001,-46.0031080546183,-46.0031080546183,24.3635554470492,12.2214303818858,31.1708154710325,-58.7850297888948,5,7,7,6
53003,49.9748956743346,49.9748956743346,-26.6325001132086,-10.2325015960132,-32.2793393716933,62.2000785785313,5,7,7,3
53005,-56.4517854842247,-56.4517854842247,31.4427333448867,11.8618788016261,38.873326016271,-74.2274609360529,5,7,7,2
53007,-114.784510990358,-114.784510990358,63.8818613035945,24.7107670210129,78.8960710976149,-151.407343116228,5,7,7,3
53009,-41.5827672153866,-41.5827672153866,25.5036355439701,9.30354848957493,30.3068093548558,-59.7470583965459,5,7,7,5
53011,59.6521014005698,59.6521014005698,-31.741260673432,-11.8112037396356,-40.3022632306784,75.9324077165485,5,7,7,1
53013,49.0070140213262,49.0070140213262,-28.0024743895331,-9.53122170954842,-32.6939045864014,60.8256938050704,5,7,7,8
53015,-51.1261560719955,-51.1261560719955,29.2737444484288,10.2770797788181,35.8309802739705,-67.9504312067204,5,7,7,3
53017,-6.16036706610403,-6.16036706610403,3.69222805898905,3.06373957641177,3.67570676021012,-7.98901869504181,5,7,7,3
53019,28.5143118220223,28.5143118220223,-14.8855965678491,-4.80937541010516,-16.7054059379667,31.4510148340515,5,7,7,8
53021,-78.9474601033909,-78.9474601033909,43.0086971877578,17.4228640014002,53.4221581785809,-101.413861877894,5,7,7,2
53023,-170.030866735263,-170.030866735263,90.2024405319603,33.2511639958327,116.306474603363,-225.011919577595,5,7,7,8
53025,-74.5280342964516,-74.5280342964516,40.5986221868061,16.5643345187234,50.6170230571776,-95.8038369758106,5,7,7,5
53027,-37.7994429377636,-37.7994429377636,23.3116746404803,8.50824747911542,27.6576957987511,-52.9203508332662,5,7,7,4
53029,19.6530002294323,19.6530002294323,-9.18605034553503,-3.61901229938676,-12.5858735492691,19.7250089084379,5,7,7,4
53031,-23.3224874413423,-23.3224874413423,15.2444424185612,5.82333963773184,18.6857025441161,-38.9802189397404,5,7,7,6
53033,33.3619351304331,33.3619351304331,-19.7231160716593,-7.64509409260074,-22.4633291589287,40.8685247409345,5,7,7,1
53035,2.95230548000451,2.95230548000451,-0.127396032802582,-0.555803050523834,-1.12049346125328,-0.320690812187973,5,7,7,2
53037,-10.8178880078777,-10.8178880078777,6.16341593594352,1.78286306209344,8.76684673929343,-15.8868016489807,5,7,7,4
53039,-25.9161376081483,-25.9161376081483,15.1395657453102,6.2596180168642,18.5649942074094,-37.7659213278423,5,7,7,9
53041,-53.4327217258219,-53.4327217258219,30.636306487926,11.1902898517054,36.9008420753716,-70.8897753384208,5,7,7,4
53043,49.1856620653747,49.1856620653747,-27.0448360739787,-9.95894407718528,-33.0900448848374,61.4316777596422,5,7,7,8
53045,-21.1520752535688,-21.1520752535688,13.8006060814177,5.28087240696803,14.6805713863568,-31.7404392010417,5,7,7,4
53047,-36.2910008103366,-36.2910008103366,21.7802576148377,9.47207870797485,25.9116934132213,-49.2600112185985,5,7,7,6
53049,6.54477984346399,6.54477984346399,-1.16928566663318,0.099305360090239,-3.27751939349992,3.6347901045079,5,7,7,7
53051,58.2333127298386,58.2333127298386,-30.2986918894428,-11.5829201486899,-38.4726530219356,71.0104931246666,5,7,7,8
53053,91.1776153922538,91.1776153922538,-48.975181449219,-18.3679976146896,-62.1715223682745,117.618000285494,5,7,7,1
53055,5.00745295848337,5.00745295848337,-2.02285036751672,0.26562979963465,-1.61991387794027,-0.157001350060098,5,7,7,9
53057,-70.6799699080739,-70.6799699080739,39.9667233872132,14.9905507861788,49.3071508888633,-95.0438025280302,5,7,7,3
53059,45.1404254633623,45.1404254633623,-24.9962282552317,-9.37868079027063,-31.5786337751643,55.2797343001778,5,7,7,1
53061,79.0210812786464,79.0210812786464,-43.1645685525941,-16.009845921709,-54.5873395517326,101.733922720285,5,7,7,1
53063,28.6263119311447,28.6263119311447,-14.1941794485965,-6.03665822447231,-18.0667787263354,35.8125676959084,5,7,7,2
53065,-2.05970381027489,-2.05970381027489,2.89570736285036,0.627313695140257,2.04169084772638,-6.06645382844221,5,7,7,2
53067,-26.2353791083179,-26.2353791083179,15.7434680947965,5.2790998050897,18.5671251424631,-36.944006314285,5,7,7,2
53071,-46.8989264997606,-46.8989264997606,26.7868633362267,10.2029214582394,33.4977254357661,-63.6323055828808,5,7,7,3
53073,-0.0722465381977377,-0.0722465381977377,0.587141066000786,-0.0668631298000611,1.47172658269801,-2.13206611794787,5,7,7,3
53075,12.3549573706338,12.3549573706338,-7.43274124376257,-4.06368827767336,-5.72460946357217,15.1006716153431,1,5,5,4
53077,-32.3096371724037,-32.3096371724037,19.4692719920843,8.82050649583273,22.9633076266523,-41.9253222346761,5,7,7,2
54001,45.7958311962688,45.7958311962688,-24.2459018398955,-10.429181539903,-30.1638784083009,59.0661407816231,3,4,4,9
54003,29.2287604295933,29.2287604295933,-15.949934258104,-6.46894764005126,-21.3731890170067,40.2737066176659,1,1,1,2
54005,-21.2131299277845,-21.2131299277845,12.1050786885222,3.06803819166095,15.7970887812979,-28.4560223876366,3,4,4,3
54007,24.0064892831803,24.0064892831803,-13.1920446123842,-5.42697464895358,-14.6075911624389,30.1585357663274,3,4,4,8
54009,35.2320935813055,35.2320935813055,-18.7431305307372,-7.92923510754066,-23.4014559584588,45.5654993958488,3,4,10,3
54011,-69.3426332609594,-69.3426332609594,39.018155683869,12.6571963191438,48.9953476545858,-90.1941793508741,3,4,10,2
54013,-19.7910116366087,-19.7910116366087,10.0479107813749,2.55691847245258,15.3915158967044,-28.3040349867505,3,4,4,8
54015,15.908576117437,15.908576117437,-9.25795844569052,-4.94750192386665,-9.23571138431865,19.2095690418734,3,4,4,3
54017,45.8601464229023,45.8601464229023,-25.9453952668054,-9.71326928927945,-30.7474167513263,57.2167581561524,3,4,4,9
54019,-31.5605938038444,-31.5605938038444,18.3927899882529,5.51142101788002,22.4497802032131,-41.416622841191,3,4,4,3
54021,127.996538883695,127.996538883695,-69.5083215679739,-25.377641132691,-86.0933531999336,162.272393674069,3,4,4,9
54023,60.5750955104104,60.5750955104104,-33.5907983752407,-13.315046057492,-41.3815586827893,79.9089011119555,3,4,10,9
54025,-24.7518377924597,-24.7518377924597,15.3494491111127,4.70191605969468,18.3753597700237,-33.4144036136327,3,4,4,6
54027,54.8965095376598,54.8965095376598,-29.1772342165485,-11.362080861288,-37.1057200551897,70.7471486334835,3,4,10,3
54029,-4.36109478012183,-4.36109478012183,2.97749879701572,-0.096644492371995,3.90358522300015,-5.50093548225703,3,4,10,3
54031,44.5348448681041,44.5348448681041,-22.7725187462396,-8.60167714128565,-30.3953772190314,58.8561359530651,3,4,10,8
54033,-130.154802015789,-130.154802015789,71.72453677559,25.1677150735687,89.7018327357935,-168.991450901408,3,4,10,5
54035,-35.2823118052714,-35.2823118052714,19.6446504992602,6.19333223881583,24.7651818123096,-47.4878624423554,3,4,10,8
54037,-1.80474110034846,-1.80474110034846,0.785912834646149,-0.419801267142685,-0.371381669245717,-2.51369178897466,1,1,1,1
54039,-83.4573382843555,-83.4573382843555,47.0224112186448,15.8278048262327,58.0001285962655,-108.821449453699,3,4,10,3
54041,5.73194201240509,5.73194201240509,-3.79025679139909,-2.36009717269841,-3.22860623647281,8.0483331450742,3,4,4,9
54043,48.4067028755838,48.4067028755838,-26.3596532697117,-10.8581010119868,-32.1575849854487,62.1877426665376,3,4,4,8
54045,-33.0344229720679,-33.0344229720679,19.22291522202,5.72572579397842,24.1502571831171,-43.9808563914664,3,4,4,6
54047,14.9752099150468,14.9752099150468,-6.39514891497491,-2.93834167812448,-6.82316525829153,15.1990979748923,3,4,4,9
54049,-21.2602280571968,-21.2602280571968,11.9880857387651,2.96101403745221,14.6892456957939,-26.7772955059937,3,4,10,4
54051,-37.8608581563631,-37.8608581563631,21.0871879379247,6.34106191849227,26.9192692488082,-50.0879253004824,3,4,10,3
54053,14.9759139331546,14.9759139331546,-8.03874261597776,-4.00213507084858,-10.0507612865954,20.4061767010587,3,4,4,6
54055,-41.1235247781567,-41.1235247781567,23.9409333791473,7.47719188930949,28.4814937149285,-53.3994890466266,3,4,4,4
54057,-12.8636403752597,-12.8636403752597,7.88945961110706,1.09312219328976,8.95079814076708,-17.1928251870406,3,4,10,7
54059,39.8895901874617,39.8895901874617,-21.0717348220547,-9.05844995494094,-24.967175505756,49.178880066324,3,4,4,8
54061,-27.0849754122386,-27.0849754122386,14.3575434093398,3.51286875770054,19.7471931731966,-34.5625589012682,1,5,5,3
54063,37.4219115057089,37.4219115057089,-20.4016750643059,-8.71470860306356,-25.5785267713573,48.2244919948198,3,4,10,8
54065,23.6723678365679,23.6723678365679,-12.766224724848,-5.59467367667648,-16.695518141094,30.3761541759984,3,4,10,2
54067,-17.9233325960288,-17.9233325960288,11.1451223041786,3.13288950828339,13.4108974412638,-25.2039720212085,3,4,4,8
54069,-101.638928038839,-101.638928038839,55.9455519782615,19.3335117327399,71.199704819005,-133.185798496842,3,4,10,3
54071,95.3146171261348,95.3146171261348,-53.0445442393859,-19.8794765179206,-64.3350505032213,122.963464756352,3,4,10,8
54073,38.873202985457,38.873202985457,-22.5245807406267,-9.18523813900145,-26.644174088034,50.7554274619479,3,4,10,8
54075,121.168142127622,121.168142127622,-66.2574339006079,-24.1923848806207,-79.5634882827206,155.640937305176,3,4,4,9
54077,11.7575393660043,11.7575393660043,-5.86172447491046,-3.03366388841483,-8.69865286502763,15.4570515253123,3,4,10,3
54079,-66.271364461131,-66.271364461131,35.9666468738697,11.7971464238194,44.6483783701909,-85.6665880348214,1,1,1,2
54081,-86.2653762649166,-86.2653762649166,48.680623802074,16.7601975809936,60.4349865658556,-113.740561665269,3,4,4,3
54083,-16.9230549622708,-16.9230549622708,9.84468651154839,2.56491156647903,13.0213164851839,-22.5549561571816,3,4,4,7
54085,67.3987401222706,67.3987401222706,-37.1367650880834,-13.818225333558,-45.3502128687938,87.3961599217751,3,4,4,8
54087,0.312329577031683,0.312329577031683,0.238341740160978,-0.595587458308495,1.50675217480679,-1.31612729981394,3,4,4,8
54089,53.9845179387112,53.9845179387112,-28.8802696386399,-11.3082263392875,-34.8738614501893,66.5454721195385,3,4,4,8
54091,9.643949023119,9.643949023119,-5.5829321237066,-3.16546026270872,-6.33880497182478,12.7551566095387,3,4,10,6
54093,115.748960991034,115.748960991034,-63.6500955810262,-23.7245154013777,-76.6986085967737,148.08721211513,3,4,4,9
54095,52.5187472441337,52.5187472441337,-29.2858186761973,-11.6262033380573,-34.6105645047179,65.1415091812303,3,4,10,9
54097,-1.5536223784855,-1.5536223784855,0.728388599057296,-0.791576185681875,1.98060824875932,-2.17671836377435,3,4,4,7
54099,-6.55232326216912,-6.55232326216912,4.01052013916764,0.320954908190533,4.49419908314475,-7.85721799483075,3,4,4,2
54101,62.0954797351929,62.0954797351929,-33.433368839069,-13.6264263012969,-40.2213544466355,77.76844797495,3,4,4,9
54103,-25.2838263358429,-25.2838263358429,14.742356641207,4.55756481356447,19.0654906667842,-34.6685203036335,3,4,4,7
54105,-273.024855411035,-273.024855411035,146.805604779801,51.9246312165254,185.230801213282,-356.062807298054,3,4,4,3
54107,-59.2473599786618,-59.2473599786618,33.6356258239586,11.0599979711112,41.4829848283607,-77.2982426386863,3,4,10,3
54109,39.9382580838679,39.9382580838679,-20.955660999643,-8.67620613726922,-26.5866328889535,51.1417558774282,3,4,4,8
55001,30.3972377365932,30.3972377365932,-14.6723252531804,-5.20975090659543,-20.5847695668608,36.3818358564908,3,4,10,8
55003,2.62489234825759,2.62489234825759,-0.99974013277175,-1.18993291258621,-0.067268500908941,3.01918048486388,6,8,8,7
55005,-34.5762890717452,-34.5762890717452,20.3337109097632,6.7091258272101,23.2615755430691,-44.5607570103326,6,8,8,6
55007,28.4614500182173,28.4614500182173,-14.7889829237423,-5.60348180609621,-18.8291571798498,34.0256564555218,6,8,8,8
55009,-29.8948095249148,-29.8948095249148,16.5450369699457,5.52287919685827,20.143526048923,-37.2102954880735,1,1,1,2
55011,44.0168722206977,44.0168722206977,-25.1412987384375,-9.69755290036844,-30.5274874442861,58.1280933834288,6,8,8,8
55013,27.6642036282903,27.6642036282903,-13.6314666706142,-5.501144568591,-18.0375068941779,33.6783022489069,6,8,8,8
55015,34.7346039685274,34.7346039685274,-18.711120829872,-7.7570033128541,-25.9685804667315,46.9267217796647,6,8,8,3
55017,-47.377597092916,-47.377597092916,26.5276979337233,8.32093268801718,31.865529920395,-60.5211274598663,6,8,8,3
55019,-19.5909473542379,-19.5909473542379,11.7199087720953,4.49204671667605,11.8904741516692,-22.4085556970732,6,8,8,8
55021,-23.8264407793301,-23.8264407793301,13.022370198824,3.8104289870829,14.778825117029,-29.432163122804,6,8,8,2
55023,11.0002327845161,11.0002327845161,-5.36224655845801,-2.53340755637621,-7.10851137940592,13.5637434937018,6,8,8,6
55025,31.5993787235953,31.5993787235953,-18.3504240981765,-7.49882926550359,-21.2803663390987,42.0945777134722,1,5,5,2
55027,-41.362359643547,-41.362359643547,23.7704076720375,7.6497652955599,27.288050441908,-52.0712537181327,6,8,8,4
55029,-31.994087311212,-31.994087311212,18.5969300174262,6.81447505735453,21.9292830696151,-43.6456482592588,6,8,8,6
55031,-8.14274208677417,-8.14274208677417,4.62424225905938,0.155638271488704,5.7601330155057,-10.7006983564994,6,8,8,2
55033,8.95932739266121,8.95932739266121,-5.17708236450244,-3.56959927782001,-6.6131676824522,13.960459833297,6,8,8,6
55035,-27.3181287458356,-27.3181287458356,14.4417257519303,3.87037591341189,19.0160964488737,-33.5631545102662,6,8,8,3
55037,-85.0005245939079,-85.0005245939079,46.0997704978109,16.0439125232801,57.6899745082036,-113.193571389135,3,4,4,9
55039,-29.817862114562,-29.817862114562,16.8789404476281,5.35485427928211,19.5100147935866,-36.946158325016,1,1,1,3
55041,87.401139287252,87.401139287252,-46.4962323028515,-17.4810560923167,-58.8357975664118,111.190947857296,3,4,4,9
55043,-7.35713039456525,-7.35713039456525,4.24301177404518,0.194230996245913,4.70724420546208,-7.53916048303149,6,8,8,6
55045,6.05357545224794,6.05357545224794,-2.83135449480113,-2.12329483085417,-5.40663480397418,9.18338966040951,6,8,8,2
55047,28.3823936891547,28.3823936891547,-14.9417113441557,-5.86242258330423,-19.0113114652055,36.6476246312185,6,8,8,6
55049,-5.31368434728683,-5.31368434728683,3.15311727745283,-0.221930704852192,2.15542480199095,-5.74540172730218,6,8,8,2
55051,48.3018665259903,48.3018665259903,-26.1051716535833,-9.82327972546958,-31.5400049116042,59.0204717321933,6,8,8,9
55053,3.27775204245781,3.27775204245781,-1.51148993487745,-1.04079514405693,-2.35388115202793,4.59266274132146,6,8,8,8
55055,10.9949261858434,10.9949261858434,-5.26173802293845,-2.85958197539946,-8.54588327046414,15.8504018460123,1,1,1,4
55057,-28.3987552302745,-28.3987552302745,16.2076265354042,5.40101285817677,19.1093733538901,-36.712877575159,6,8,8,8
55059,5.8527325148694,5.8527325148694,-2.84800281342882,-1.51555232764492,-4.78218957740453,9.42991686253607,1,1,1,3
55061,12.0593064445881,12.0593064445881,-6.08568686333061,-2.87578478170916,-9.4556618549812,16.8372394882056,6,8,8,2
55063,-45.8213247564329,-45.8213247564329,24.8730594310246,7.52855006334682,31.8596594791852,-58.7079213388467,6,8,8,3
55065,37.1926964933906,37.1926964933906,-20.1594553713331,-7.57429568800546,-26.4481393676824,49.7059789575095,6,8,8,8
55067,20.1438564910909,20.1438564910909,-9.44397779259507,-4.24949472075152,-13.2625374934337,25.4705727248272,6,8,8,6
55069,-24.935736805846,-24.935736805846,14.6556098138643,4.36954260115968,16.9597215232812,-33.0155169653471,6,8,8,6
55071,-15.3705406431212,-15.3705406431212,10.0423307221159,2.87442326585416,9.88947069524909,-19.1743101200912,6,8,8,4
55073,-49.9151866321796,-49.9151866321796,28.2369666449738,9.43753574268023,33.5417817671988,-63.9233588673762,1,1,1,3
55075,-47.3239317781772,-47.3239317781772,28.1904127885956,9.30966735425392,31.7655426104344,-61.6699547345423,6,8,8,6
55077,30.7921274382968,30.7921274382968,-15.8222905858297,-6.28390780436723,-21.0808644982066,39.4458411066335,6,8,8,8
55078,198.463521450873,198.463521450873,-109.666301057248,-40.4570588276329,-132.303324683169,255.645543197855,2,2,2,9
55079,87.4744122023911,87.4744122023911,-47.7894468017151,-17.8973734290556,-58.781862175379,115.159492975461,1,5,5,1
55081,-63.0364726062162,-63.0364726062162,35.1103549249657,12.2414475877438,42.6191953725184,-80.5847573480855,6,8,8,4
55083,27.0504019492488,27.0504019492488,-13.5875264672461,-6.11183839751737,-19.9970975554123,35.8438910903348,6,8,8,2
55085,-82.1078859520274,-82.1078859520274,46.7297630630633,16.1885854245219,56.2383018059854,-108.927519459749,6,8,8,7
55087,-52.7470995854185,-52.7470995854185,28.8846957647258,9.68367601034647,35.0015127529076,-66.2450322183387,1,1,1,3
55089,-8.44863881590135,-8.44863881590135,4.54828353020069,0.763247523473872,4.82424143148156,-12.0655161467594,1,1,1,1
55091,58.7855583682763,58.7855583682763,-33.8632084258118,-12.5799342055699,-40.2146730948866,76.7781623526424,6,8,8,8
55093,62.4336585228848,62.4336585228848,-35.2334911168584,-14.4366497406938,-43.5229711192298,82.6540631268936,6,8,8,1
55095,-25.8952606338703,-25.8952606338703,15.1667861511349,4.36137452977344,16.793178749777,-33.1983299523259,6,8,8,8
55097,-38.7335186565981,-38.7335186565981,20.8006217870275,6.42320075928659,26.1650987035306,-48.9075062205915,6,8,8,4
55099,29.0768651515779,29.0768651515779,-14.0903413425739,-6.08868272797016,-19.6425816958103,35.8789616719912,6,8,8,9
55101,25.7006687032123,25.7006687032123,-12.8983131395346,-5.21890497032891,-18.2194662142755,34.0203970363261,1,1,1,3
55103,70.2978064736688,70.2978064736688,-36.8346369602769,-14.4273027104669,-47.8179206386517,91.304311583413,6,8,8,8
55105,-9.22713222695336,-9.22713222695336,6.17873165641831,1.56198914221471,5.70119425105463,-10.8531660592238,1,1,1,3
55107,38.264034514965,38.264034514965,-20.0538307950992,-8.18646403534029,-25.6844485615338,48.5646106078493,6,8,8,8
55109,-3.0903542273772,-3.0903542273772,1.55778701210615,-0.91481981541986,0.486076046392491,-3.50386377126316,1,1,1,1
55111,-74.1846853348126,-74.1846853348126,40.8135491381573,14.506152363907,49.3185228796617,-94.1654610151693,1,1,1,4
55113,-11.9936059856032,-11.9936059856032,7.93164909415065,2.52492086064403,10.0797578419959,-18.4869341353648,6,8,8,9
55115,-15.0143509770202,-15.0143509770202,8.84947830893694,2.54817574152108,9.74931128799294,-18.1057923781674,6,8,8,6
55117,-37.8936093749607,-37.8936093749607,22.1190615105887,7.47805564637656,24.8758507191654,-48.2139153069339,1,1,1,3
55119,18.2252873012803,18.2252873012803,-9.25195431370213,-4.28630264014999,-13.6529333875017,25.6757576243679,6,8,8,8
55121,-3.58352240755562,-3.58352240755562,3.65737562647529,0.781393236994643,0.897773888017408,-3.22991585714709,6,8,8,8
55123,-1.72482865193388,-1.72482865193388,1.07867497011749,-0.333927592388575,0.694365047086432,-1.30311843107621,6,8,8,3
55125,-4.14171087197889,-4.14171087197889,3.84988793300983,1.23584197308923,3.46026906295663,-8.33245311577971,6,8,8,9
55127,-11.1232784948736,-11.1232784948736,6.84753581177127,2.310699998302,7.47717161802454,-14.5318405373964,1,1,1,4
55129,8.65041507396539,8.65041507396539,-3.29287241796224,-1.76537398791543,-4.89577964920481,8.75958985107331,6,8,8,8
55131,-18.5026348744513,-18.5026348744513,10.4156532603224,2.44168853304513,10.9477799708065,-23.2794160558598,1,1,1,1
55133,-31.7602981562521,-31.7602981562521,17.7832465794703,5.5292540943068,20.9710880090819,-42.3812880872536,1,1,1,1
55135,-13.8514542252246,-13.8514542252246,9.06757653555363,2.05864278064747,9.13138385260043,-17.9081512015073,6,8,8,6
55137,2.46399191032621,2.46399191032621,-0.425704249587313,-0.0303092363438538,-2.09294449317522,2.86275439465919,6,8,8,8
55139,-45.5999383320829,-45.5999383320829,25.2985709364201,8.11574715365105,31.120253756825,-57.6308847312219,1,1,1,3
55141,-67.0497913843914,-67.0497913843914,37.7211425242951,12.6416024128937,46.0509658427048,-86.5623228046143,6,8,8,4
56001,4.53846818078396,4.53846818078396,-3.45740977061047,-1.70415696246045,-1.51784218261557,7.20541501607663,1,5,5,4
56003,5.94357422638723,5.94357422638723,-3.70533039370691,0.0220141729053593,-3.14586637043659,7.68629887068305,5,7,7,9
56005,-79.9664449350021,-79.9664449350021,42.2991495083093,15.3880267640004,52.3227722030872,-101.031946851828,5,7,7,5
56007,-5.60666282733147,-5.60666282733147,2.27400254389636,2.32449463057704,3.61887540132741,-7.36809651337539,5,7,7,7
56009,-2.85170528726778,-2.85170528726778,0.279591466248039,0.240863382367348,1.27259449036056,-2.47662995060806,5,7,7,6
56011,61.7818193602797,61.7818193602797,-35.8471884614333,-12.4722336904765,-43.3932784070636,81.9358491304245,5,7,7,9
56013,-35.1659445241205,-35.1659445241205,19.5699755805206,7.50113464873505,24.6775085075954,-45.4307935676094,5,7,7,7
56015,53.8173170709206,53.8173170709206,-28.8781566611891,-9.97443863030802,-35.0339943987508,67.6250031922935,5,7,7,7
56017,54.6637146082605,54.6637146082605,-32.0466727940389,-10.6600338718874,-36.5415215336336,70.8569739002991,5,7,7,9
56019,75.8809744620247,75.8809744620247,-42.447085965539,-14.3795465466516,-50.5559929137523,96.9645057853463,5,7,7,9
56021,-49.4162921162216,-49.4162921162216,27.5221436171458,10.0825808594576,33.740192319511,-64.1409607752005,5,7,7,3
56023,-24.4372291155274,-24.4372291155274,12.7077328811417,4.97716610440372,15.5555055449795,-31.7117327701896,5,7,7,9
56025,-74.2692599308614,-74.2692599308614,40.6469161652117,14.9367353369524,50.3343077957672,-94.8501567061518,5,7,7,3
56029,-19.6213137605203,-19.6213137605203,11.1504853509036,4.5386774395936,13.8806752830234,-26.7195156451954,5,7,7,7
56031,60.0603294017768,60.0603294017768,-33.5614664149468,-11.2519653775151,-40.8859515817887,77.2307458470844,5,7,7,8
56033,-44.1146979007431,-44.1146979007431,24.1292836644473,8.89579289874414,30.1836662679431,-57.460638237135,5,7,7,7
56035,28.743142125646,28.743142125646,-16.9030055299566,-5.2379307712857,-20.0802895603656,35.9483153785346,5,7,7,9
56037,-85.0225049813907,-85.0225049813907,45.3158109523885,16.992183651474,56.8891950057338,-108.372206917532,5,7,7,5
56039,-104.531443665781,-104.531443665781,55.3275223613877,21.2117681831075,69.9354854023536,-137.041148888872,5,7,7,7
56041,2.60425191423673,2.60425191423673,-2.53143968920752,-0.873129529293061,-3.02253784237902,5.36791953095675,5,7,7,7
56043,48.0728032410426,48.0728032410426,-27.3531316061152,-8.49684120755461,-31.5751667147296,62.912145430891,6,8,8,9
56045,69.5969845765529,69.5969845765529,-38.6186273980639,-14.0015809692964,-48.1320548310684,88.6939223229936,5,7,7,9
