fips,k10,rucc,pct_growth_2020_24,sus_water,sus_power,sus_land,med_water,D_operating,D_queued,D,rco_water,rco_power,rco_land,rco_max,rco_sum,dominant_channel
01001,1,2,4.3,0.267339739324349,0.339189686022646,0.2533619536689,0,0,0,0,0,0,0,0,0,water
01003,1,3,12.2,0.240749202234662,0.36876109429583,0.241030505758419,0,0,0,0,0,0,0,0,0,water
01005,2,6,-2.5,0.354478068004101,0.477144602826984,0.350079838171447,0,0,0,0,0,0,0,0,0,water
01007,2,1,0.4,0.78169223568307,0.445826586460237,0.444545848729852,0,0,0,0,0,0,0,0,0,water
01009,1,1,1.8,0.399155179232849,0.381914743257799,0.421608439303366,0,0,0,0,0,0,0,0,0,water
01011,2,8,-3.2,0.456674395022176,0.576396652211586,0.481229269278237,0,0,0,0,0,0,0,0,0,water
01013,2,6,-4.1,0.324978872924523,0.477903069397261,0.374233260898984,0,0,0,0,0,0,0,0,0,water
01015,3,3,0.2,0.241340365982026,0.42373758380582,0.233120264237307,0,0,0,0,0,0,0,0,0,water
01017,2,6,-2.2,0.318513586353654,0.425148981169047,0.296977853639925,0,0,0,0,0,0,0,0,0,water
01019,4,8,4.6,0.412559328810831,0.414926188358462,0.476857633326373,0,0,0,0,0,0,0,0,0,water
01021,1,1,4.9,0.409989698203515,0.378394867290873,0.395488456470378,0,0,0,0,0,0,0,0,0,water
01023,2,9,-4.5,0.799536391486568,0.486155406548013,0.46837148291454,0,0,0,0,0,0,0,0,0,water
01025,2,9,-3.7,0.44912882414724,0.457444363570701,0.456710647282396,0,0,0,0,0,0,0,0,0,water
01027,2,9,0.2,0.429119769767454,0.394365232959926,0.467419334387542,0,0,0,0,0,0,0,0,0,water
01029,4,8,5.6,0.410352608913745,0.377825485510888,0.459733489487253,0,0,0,0,0,0,0,0,0,water
01031,3,4,5.2,0.601282922320475,0.410103230263541,0.287238357943877,0,0,0,0,0,0,0,0,0,water
01033,3,3,2.6,0.23659389743679,0.433629623949009,0.246008943536191,0,0,0,0,0,0,0,0,0,water
01035,2,9,-3.8,0.389671916003123,0.536158939107909,0.476579833361104,0,0,0,0,0,0,0,0,0,water
01037,2,8,-0.5,0.393181177060405,0.352311282992633,0.451124986203249,0,0,0,0,0,0,0,0,0,water
01039,2,6,0.6,0.343683613365006,0.444569850333703,0.347485943791684,0,0,0,0,0,0,0,0,0,water
01041,2,8,-0.4,0.432542840641996,0.446326764439094,0.474849077876717,0,0,0,0,0,0,0,0,0,water
01043,1,4,5.1,0.352258206560075,0.3809272602212,0.373975769625055,0,0,0,0,0,0,0,0,0,water
01045,3,4,1.6,0.280122198696807,0.428548793053744,0.286245587274166,0,0,0,0,0,0,0,0,0,water
01047,2,4,-6.9,0.302076373543261,0.597988895438737,0.263376366173622,0,0,0,0,0,0,0,0,0,water
01049,1,6,2,0.413111488764868,0.419473243494433,0.418002756338713,0,0,0,0,0,0,0,0,0,water
01051,1,2,3.6,0.337809729758537,0.320885949140262,0.351473024261734,0,0,0,0,0,0,0,0,0,water
01053,2,6,-0.2,0.325618642781563,0.479989808650272,0.337755371970681,0,0,0,0,0,0,0,0,0,water
01055,3,3,-0.2,0.252987751586399,0.44518233609097,0.256249325516743,0,0,0,0,0,0,0,0,0,water
01057,2,8,-2.9,0.426373324666948,0.447919030915593,0.467920315279575,0,0,0,0,0,0,0,0,0,water
01059,1,6,-0.6,0.324454850972606,0.405658422547363,0.353002245675503,0,0,0,0,0,0,0,0,0,water
01061,2,3,2.1,0.455755660771063,0.437093642747869,0.452447948688179,0,0,0,0,0,0,0,0,0,water
01063,2,2,-7.5,0.468636885285264,0.631287788932713,0.461857953209195,0,0,0,0,0,0,0,0,0,water
01065,2,2,2.3,0.477483985122559,0.536988641050722,0.49916162920696,0,0,0,0,0,0,0,0,0,water
01067,2,3,5.6,0.41168844906449,0.40678818562941,0.504143135782409,0,0,0,0,0,0,0,0,0,water
01069,3,3,1.9,0.24303913353998,0.444986441986365,0.22560114843372,0,0,0,0,0,0,0,0,0,water
01071,4,6,2.4,0.346752345107078,0.432746786382329,0.368528143832358,0,0,0,0,0,0,0,0,0,water
01073,5,1,-1.5,0.198640836512438,0.438908863019773,0.15115983486018,0,0,0,0,0,0,0,0,0,water
01075,2,8,-2.9,0.426187674428718,0.406365105694358,0.445171211098691,0,0,0,0,0,0,0,0,0,water
01077,3,3,3.7,0.288937239951916,0.409397102186302,0.284968856844403,0,0,0,0,0,0,0,0,0,water
01079,4,3,1.5,0.413659080010648,0.358596197175997,0.445056549998,0,0,0,0,0,0,0,0,0,water
01081,5,3,7.4,0.267424161280202,0.457112528065472,0.199131097647716,0,0,0,0,0,0,0,0,0,water
01083,1,2,14.1,0.264070853836335,0.284585934099185,0.28136763615467,0,0,0,0,0,0,0,0,0,water
01085,2,2,-7.8,0.515206167664647,0.603277152388175,0.466465696750957,0,0,0,0,0,0,0,0,0,water
01087,2,3,-6.7,0.301188066991428,0.531960559927666,0.29644992134104,0,0,0,0,0,0,0,0,0,water
01089,5,2,8.4,0.162221957032742,0.314301455590383,0.168628355616335,0,0,0,0,0,0,0,0,0,water
01091,2,6,-3.9,0.645380775494074,0.4729867736629,0.373425978808621,0,0,0,0,0,0,0,0,0,water
01093,4,9,0.5,0.762141549781068,0.410248558579878,0.457472365297956,0,0,0,0,0,0,0,0,0,water
01095,1,4,4.6,0.276346010165233,0.383226623299796,0.29302861958045,0,0,0,0,0,0,0,0,0,water
01097,3,2,-0.5,0.557399376096227,0.43698752869796,0.188231898905734,0,0,0,0,0,0,0,0,0,water
01099,2,8,-3.3,0.698768971587611,0.495806093597085,0.400786162490804,0,0,0,0,0,0,0,0,0,water
01101,2,2,-1.1,0.214015070684093,0.478863549743768,0.153126682803365,0,0,0,0,0,0,0,0,0,water
01103,1,3,2.2,0.232533060116109,0.374326906037954,0.240164360478239,0,0,0,0,0,0,0,0,0,water
01105,2,8,-8.7,0.432020053309004,0.515022102150745,0.467633191020326,0,0,0,0,0,0,0,0,0,water
01107,2,2,-2.4,0.42672377107755,0.47750905578468,0.456034534011137,0,0,0,0,0,0,0,0,0,water
01109,3,6,0.7,0.342128172088092,0.512373520569514,0.303723851319548,0,0,0,0,0,0,0,0,0,water
01111,2,8,4.4,0.442716463038949,0.449479537100972,0.46334483662704,0,0,0,0,0,0,0,0,0,water
01113,2,2,-0.7,0.310964564034895,0.502277055606695,0.24827380820761,0,0,0,0,0,0,0,0,0,water
01115,1,1,5.7,0.312455005036958,0.304637435293905,0.338074073955502,0,0,0,0,0,0,0,0,0,water
01117,1,1,5.4,0.175083743298883,0.274096535987323,0.191968301987718,0,0,0,0,0,0,0,0,0,water
01119,2,8,-4.8,0.444287200854761,0.556925950883937,0.473342949336062,0,0,0,0,0,0,0,0,0,water
01121,2,4,-0.1,0.338508751333588,0.445230545361879,0.306868310246615,0,0,0,0,0,0,0,0,0,water
01123,2,6,-1.4,0.376475598984626,0.410625514555463,0.373569208136852,0,0,0,0,0,0,0,0,0,water
01125,5,2,3.7,0.587651517533639,0.417473996598326,0.215580318388436,0,0,0,0,0,0,0,0,0,water
01127,4,1,0.2,0.712090584369683,0.432922006057739,0.383253402782868,0,0,0,0,0,0,0,0,0,water
01129,2,8,-2,0.409002873780197,0.412465660303466,0.452800867256536,0,0,0,0,0,0,0,0,0,water
01131,2,9,-6.3,0.817188283305633,0.593136384590127,0.478226350821609,0,0,0,0,0,0,0,0,0,water
01133,4,8,1.6,0.42507649373342,0.442113997898083,0.445335686319773,0,0,0,0,0,0,0,0,0,water
04001,6,8,-1.7,0.615644645327213,0.480377931159045,0.442953193100477,0,0,0,0,0,0,0,0,0,water
04003,6,3,0.2,0.571074325603522,0.442055444578676,0.25324562962671,0,0,0,0,0,0,0,0,0,water
04005,7,3,0,0.685833244540392,0.427565613990629,0.22039761038446,0,0,0,0,0,0,0,0,0,water
04007,6,4,1.3,0.655934562098793,0.505837091196625,0.259977250622331,0,0,0,0,0,0,0,0,0,water
04009,6,7,4.2,0.338678223156888,0.378283496648299,0.284313098914837,0,0,0,0,0,0,0,0,0,water
04011,6,9,-1.3,0.727264191696236,0.26861612437733,0.448700924260204,0,0,0,0,0,0,0,0,0,water
04012,6,6,2.5,0.668597680008525,0.546289554269504,0.308902963637057,0,0,0,0,0,0,0,0,0,water
04013,7,1,5.1,0.510058592242193,0.349903295744848,0.120305068603632,0,0,0,0,0,0,0,0,0,water
04015,6,3,5.7,0.559845055642363,0.51373843922175,0.192722524655981,0,0,0,0,0,0,0,0,0,water
04017,6,4,2.6,0.777982112513516,0.456622059055544,0.336987972181934,0,0,0,0,0,0,0,0,0,water
04019,7,1,3.3,0.531247826776899,0.43294864961686,0.14107898022714,0,0,0,0,0,0,0,0,0,water
04021,6,1,19.4,0.544376796206256,0.355052308739628,0.197195923384662,0,0,0,0,0,0,0,0,0,water
04023,6,6,5.9,0.367027179764769,0.453353287609593,0.33131998857128,0,0,0,0,0,0,0,0,0,water
04025,6,3,6.2,0.605719472048535,0.486867328497589,0.221102543757611,0,0,0,0,0,0,0,0,0,water
04027,6,3,7.1,0.591853531135783,0.433336635954651,0.168581127842968,0,0,0,0,0,0,0,0,0,water
05001,3,6,-6.2,0.27652491298257,0.393125711064492,0.303609188000653,0,0,0,0,0,0,0,0,0,water
05003,2,7,-5.2,0.329473223238018,0.507064693083441,0.333868276362938,0,0,0,0,0,0,0,0,0,water
05005,4,7,3.1,0.62835546997827,0.474174865955006,0.302882680424393,0,0,0,0,0,0,0,0,0,water
05007,1,2,12.2,0.513443504065203,0.24601440951826,0.195788588215159,0,0,0,0,0,0,0,0,0,water
05009,3,7,3.3,0.307594431575726,0.394326641891571,0.325645517710951,0,0,0,0,0,0,0,0,0,water
05011,2,7,-5.3,0.26824476050216,0.466849151009911,0.288456403364821,0,0,0,0,0,0,0,0,0,water
05013,4,9,-1,0.383494295521847,0.347324904824308,0.445440401416317,0,0,0,0,0,0,0,0,0,water
05015,3,6,2.6,0.751419832708029,0.448245291696841,0.40748249427479,0,0,0,0,0,0,0,0,0,water
05017,2,9,-8.7,0.809425718467283,0.529958710725501,0.526865920447597,0,0,0,0,0,0,0,0,0,water
05019,2,7,-2.3,0.316247533918651,0.460883234431966,0.287813367296511,0,0,0,0,0,0,0,0,0,water
05021,4,9,-2.9,0.426442735485938,0.440023264447584,0.497629595291842,0,0,0,0,0,0,0,0,0,water
05023,4,6,3.8,0.334583751401036,0.417523722784056,0.356666000397163,0,0,0,0,0,0,0,0,0,water
05025,4,8,-2.5,0.380570027014172,0.392924178969528,0.503607398432141,0,0,0,0,0,0,0,0,0,water
05027,2,7,-3.2,0.649630439615188,0.480313865815143,0.302574498508421,0,0,0,0,0,0,0,0,0,water
05029,2,6,3.3,0.324145026711651,0.442105234774058,0.382651464761254,0,0,0,0,0,0,0,0,0,water
05031,3,3,3.8,0.241585335706541,0.430243073695933,0.225304406535449,0,0,0,0,0,0,0,0,0,water
05033,3,3,3.5,0.612210984651381,0.386605053601984,0.276987184016098,0,0,0,0,0,0,0,0,0,water
05035,2,1,-3,0.551514699270306,0.468983677576906,0.177918674782899,0,0,0,0,0,0,0,0,0,water
05037,2,6,-3.6,0.329418823566147,0.448645614080327,0.330694044908527,0,0,0,0,0,0,0,0,0,water
05039,2,8,-5.7,0.427020479738124,0.430605527139125,0.464861034186985,0,0,0,0,0,0,0,0,0,water
05041,2,9,-8.8,0.673910796290749,0.582504086551729,0.402224206177208,0,0,0,0,0,0,0,0,0,water
05043,2,7,-2.2,0.288194030673902,0.500742559538294,0.331764746655743,0,0,0,0,0,0,0,0,0,water
05045,3,2,6.3,0.641874160277591,0.391888929823753,0.264275012582803,0,0,0,0,0,0,0,0,0,water
05047,3,8,2.6,0.46139859277033,0.430527455038383,0.472304390709129,0,0,0,0,0,0,0,0,0,water
05049,4,9,4.1,0.815007754775038,0.474116880594018,0.440291538487644,0,0,0,0,0,0,0,0,0,water
05051,4,3,-0.4,0.252047399938803,0.475149415836414,0.224732168335218,0,0,0,0,0,0,0,0,0,water
05053,4,2,2.9,0.333065171221952,0.32000584862685,0.355939933666314,0,0,0,0,0,0,0,0,0,water
05055,3,4,2.3,0.278193955607279,0.413316052793742,0.264197939603157,0,0,0,0,0,0,0,0,0,water
05057,3,6,-4.4,0.649528717730859,0.43843167521371,0.321839163132091,0,0,0,0,0,0,0,0,0,water
05059,4,6,0.7,0.365611219378004,0.441696961454538,0.363792095286395,0,0,0,0,0,0,0,0,0,water
05061,3,8,-2.9,0.779348040143491,0.461063462183717,0.500233298862048,0,0,0,0,0,0,0,0,0,water
05063,3,7,1.1,0.701782928013898,0.44077494601565,0.3618578969867,0,0,0,0,0,0,0,0,0,water
05065,4,9,5,0.771121418210467,0.488818974024705,0.451063766497344,0,0,0,0,0,0,0,0,0,water
05067,2,6,-0.5,0.666324438151675,0.476286263265264,0.351320722590223,0,0,0,0,0,0,0,0,0,water
05069,2,4,-4.7,0.236042095942899,0.478218590560747,0.224051288437694,0,0,0,0,0,0,0,0,0,water
05071,3,7,1.7,0.375423727908447,0.464315421791704,0.355912345325904,0,0,0,0,0,0,0,0,0,water
05073,2,8,-4.4,0.742599458906289,0.527215030452705,0.53588888701143,0,0,0,0,0,0,0,0,0,water
05075,4,6,0.5,0.272598903177055,0.438886646830057,0.344014431776052,0,0,0,0,0,0,0,0,0,water
05077,2,8,-5,0.857657616308188,0.588147182090534,0.539427639834935,0,0,0,0,0,0,0,0,0,water
05079,2,9,-0.2,0.397513406362103,0.390910329312848,0.474900358480871,0,0,0,0,0,0,0,0,0,water
05081,2,3,-2.9,0.731588626581541,0.427966189894652,0.465223726881205,0,0,0,0,0,0,0,0,0,water
05083,4,8,1.6,0.437408231858696,0.392175872655098,0.476350323187818,0,0,0,0,0,0,0,0,0,water
05085,1,2,3.1,0.269379968436416,0.318433480653992,0.284975698152835,0,0,0,0,0,0,0,0,0,water
05087,4,2,7.9,0.429794315233133,0.362672722825275,0.486271894158811,0,0,0,0,0,0,0,0,0,water
05089,4,9,4.3,0.797706885067863,0.478088341059023,0.446408346990311,0,0,0,0,0,0,0,0,0,water
05091,2,3,-1.5,0.595145627771229,0.482369053183767,0.248716397102753,0,0,0,0,0,0,0,0,0,water
05093,2,4,-6,0.615558389453104,0.439491801602245,0.289884324053278,0,0,0,0,0,0,0,0,0,water
05095,2,9,-5.3,0.807504443605682,0.487333157004214,0.491597542167589,0,0,0,0,0,0,0,0,0,water
05097,2,8,0.3,0.760910117695723,0.469557385695869,0.44799294703517,0,0,0,0,0,0,0,0,0,water
05099,2,9,-3.4,0.818887356037351,0.600335105728816,0.47426856966281,0,0,0,0,0,0,0,0,0,water
05101,4,9,-2.4,0.817530425476907,0.455161722503922,0.454935532400709,0,0,0,0,0,0,0,0,0,water
05103,2,7,-4.1,0.638710193205591,0.438319414395001,0.307512037776926,0,0,0,0,0,0,0,0,0,water
05105,4,2,2.5,0.416055215093527,0.350219823044515,0.461883083033237,0,0,0,0,0,0,0,0,0,water
05107,2,7,-10.8,0.658827452315375,0.58420895446747,0.339356768096751,0,0,0,0,0,0,0,0,0,water
05109,3,9,-1.3,0.421916664056552,0.461825433909276,0.466947061437403,0,0,0,0,0,0,0,0,0,water
05111,2,3,-2.9,0.341949255757531,0.437954208533691,0.35278648631601,0,0,0,0,0,0,0,0,0,water
05113,3,7,1.3,0.713858792899119,0.465430017811547,0.37642544767017,0,0,0,0,0,0,0,0,0,water
05115,3,5,2.2,0.305385525776524,0.409270956357201,0.303666885702986,0,0,0,0,0,0,0,0,0,water
05117,4,8,-3.8,0.39142506552761,0.369858086238069,0.518810803694676,0,0,0,0,0,0,0,0,0,water
05119,5,2,0.5,0.19950596567564,0.435664075563856,0.14904116248712,0,0,0,0,0,0,0,0,0,water
05121,4,7,2.4,0.311377735955692,0.411971637069738,0.355529314231742,0,0,0,0,0,0,0,0,0,water
05123,2,6,-5.2,0.373585958348003,0.546634422537329,0.346062987802162,0,0,0,0,0,0,0,0,0,water
05125,1,2,6,0.218083862475454,0.320373823612333,0.233320244269247,0,0,0,0,0,0,0,0,0,water
05127,3,8,0.1,0.449714570416556,0.460826797635188,0.489342705398217,0,0,0,0,0,0,0,0,0,water
05129,3,9,-0.1,0.422310748792694,0.528461733422529,0.438786872659941,0,0,0,0,0,0,0,0,0,water
05131,3,3,1.7,0.53056877375823,0.423394430685882,0.178800609123397,0,0,0,0,0,0,0,0,0,water
05133,6,6,-0.3,0.357513211386323,0.425285598349685,0.385939492024131,0,0,0,0,0,0,0,0,0,water
05135,4,9,4.7,0.468943615847867,0.489113281168942,0.474176386859904,0,0,0,0,0,0,0,0,0,water
05137,4,9,3.5,0.820208887367541,0.505570773287677,0.462499889416207,0,0,0,0,0,0,0,0,0,water
05139,2,7,-5,0.333881731345434,0.478147909649576,0.289428197857491,0,0,0,0,0,0,0,0,0,water
05141,4,8,2.2,0.779594337491331,0.489868636290755,0.446423006410659,0,0,0,0,0,0,0,0,0,water
05143,5,2,7.9,0.566467002828456,0.370916626076302,0.194511031409666,0,0,0,0,0,0,0,0,0,water
05145,3,4,2.9,0.626814811423132,0.406581261264372,0.30301623262307,0,0,0,0,0,0,0,0,0,water
05147,2,9,-6.6,0.768050595645405,0.510390765268125,0.483658583165286,0,0,0,0,0,0,0,0,0,water
05149,6,9,-0.4,0.735560023652173,0.359709743422633,0.426235679897884,0,0,0,0,0,0,0,0,0,water
06005,7,6,3.6,0.416922491267466,0.406499762366684,0.350550268532644,0,0,0,0,0,0,0,0,0,water
06007,7,3,-0.9,0.608296222485019,0.483308220101485,0.206441349533237,0,0,0,0,0,0,0,0,0,water
06009,7,6,2.5,0.469409048193143,0.477333990832808,0.384341887037179,0,0,0,0,0,0,0,0,0,water
06011,7,6,0.9,0.637196687529855,0.354045894572429,0.270090889833449,0,0,0,0,0,0,0,0,0,water
06013,7,1,0.6,0.542971804425773,0.28458386492282,0.115613514978893,0,0,0,0,0,0,0,0,0,water
06015,7,7,-2.2,0.318296781976448,0.416637066711666,0.283449474183482,0,0,0,0,0,0,0,0,0,water
06017,7,1,0.8,0.629507522663488,0.346374174111249,0.234112426866747,0,0,0,0,0,0,0,0,0,water
06019,7,1,1.4,0.30338031778772,0.450336660139533,0.218850958487861,0,0,0,0,0,0,0,0,0,water
06021,7,6,-2,0.361712990361656,0.415251057121532,0.338388748929535,0,0,0,0,0,0,0,0,0,water
06023,7,5,-2.9,0.350108036507077,0.520056184893945,0.218855776930522,0,0,0,0,0,0,0,0,0,water
06025,7,3,1.1,0.652035682131201,0.482367989124769,0.240377252060024,0,0,0,0,0,0,0,0,0,water
06027,7,6,-2.7,0.64104787414538,0.387516903937194,0.256931799946678,0,0,0,0,0,0,0,0,0,water
06029,7,2,1.8,0.623857898084733,0.446969793276467,0.21489874185773,0,0,0,0,0,0,0,0,0,water
06031,7,3,1.4,0.574834028883207,0.410817274856853,0.163417286301478,0,0,0,0,0,0,0,0,0,water
06033,7,4,-0.6,0.677144034197948,0.499559974175536,0.247358731378704,0,0,0,0,0,0,0,0,0,water
06035,7,7,-12.3,0.382927919165083,0.41131578765709,0.393189958792082,0,0,0,0,0,0,0,0,0,water
06037,7,1,-2.4,0.661326744033618,0.444500215876894,0.11448650552355,0,0,0,0,0,0,0,0,0,water
06039,7,1,5.8,0.721173180473278,0.445963360159848,0.401796271401115,0,0,0,0,0,0,0,0,0,water
06043,7,8,-0.5,0.540237245552836,0.494113630095645,0.448924370019895,0,0,0,0,0,0,0,0,0,water
06045,7,4,-2.4,0.720927776080747,0.489857778972863,0.273355321923704,0,0,0,0,0,0,0,0,0,water
06047,7,2,4.9,0.620034113268587,0.454704562075382,0.184909353149131,0,0,0,0,0,0,0,0,0,water
06049,7,8,-2.1,0.450726158145736,0.526556146267997,0.561330996847048,0,0,0,0,0,0,0,0,0,water
06051,7,7,-1.8,0.623435662521872,0.378620316692932,0.273688401603659,0,0,0,0,0,0,0,0,0,water
06053,7,2,-1,0.692182196148386,0.376477592724124,0.349523094873432,0,0,0,0,0,0,0,0,0,water
06055,7,3,-3.4,0.609380319087211,0.343064761443237,0.211203252618401,0,0,0,0,0,0,0,0,0,water
06057,7,4,-0.1,0.709644450830947,0.476199087614061,0.276522657158472,0,0,0,0,0,0,0,0,0,water
06059,7,1,-0.5,0.266036623570768,0.338695597419935,0.112359726499196,0,0,0,0,0,0,0,0,0,water
06061,7,1,6.9,0.208396555381788,0.299416596550836,0.160484458635736,0,0,0,0,0,0,0,0,0,water
06063,7,9,-4.7,0.821006891282269,0.447715440662834,0.444620860333959,0,0,0,0,0,0,0,0,0,water
06065,7,1,4.3,0.597560823158877,0.377611548071018,0.134139994525154,0,0,0,0,0,0,0,0,0,water
06067,7,1,1.5,0.556806388771314,0.378898866386553,0.12207823791147,0,0,0,0,0,0,0,0,0,water
06069,7,1,7.2,0.633819823862198,0.28902847026021,0.255061359152724,0,0,0,0,0,0,0,0,0,water
06071,7,1,1.4,0.608241943850647,0.401474951749191,0.131000629323425,0,0,0,0,0,0,0,0,0,water
06073,7,1,-0.1,0.603927722771186,0.368059531278723,0.129606497315151,0,0,0,0,0,0,0,0,0,water
06077,7,2,4.5,0.604253468657544,0.364712658155938,0.170995398356069,0,0,0,0,0,0,0,0,0,water
06079,7,2,0,0.608729904875569,0.42533817826067,0.207210075723512,0,0,0,0,0,0,0,0,0,water
06083,7,2,-0.8,0.305692367736687,0.405820938648232,0.221383820046774,0,0,0,0,0,0,0,0,0,water
06087,7,2,-3.4,0.634392215303924,0.367060578962949,0.202125384124546,0,0,0,0,0,0,0,0,0,water
06089,7,3,-0.6,0.646747893183089,0.437631700198279,0.224471038594701,0,0,0,0,0,0,0,0,0,water
06091,7,8,-3.6,0.519808082681993,0.617431062620484,0.444954253110557,0,0,0,0,0,0,0,0,0,water
06093,7,7,-3.4,0.744896387115925,0.516552857326191,0.393273095020953,0,0,0,0,0,0,0,0,0,water
06095,7,2,0.5,0.556535548773531,0.355023206316143,0.133430595457209,0,0,0,0,0,0,0,0,0,water
06097,7,2,-0.6,0.599667016186131,0.362598575986213,0.176515227091137,0,0,0,0,0,0,0,0,0,water
06099,7,2,0.6,0.593913387515021,0.396107714585226,0.166115277748838,0,0,0,0,0,0,0,0,0,water
06101,7,3,-0.9,0.246695001530478,0.4043442789486,0.239182570936035,0,0,0,0,0,0,0,0,0,water
06103,7,4,-1.9,0.4114042634593,0.448104867169064,0.305512457808619,0,0,0,0,0,0,0,0,0,water
06105,7,8,-2.8,0.859122663004215,0.502359125235091,0.451226677160202,0,0,0,0,0,0,0,0,0,water
06107,7,2,2,0.652524047472091,0.420069422175129,0.259024150501171,0,0,0,0,0,0,0,0,0,water
06109,7,4,-2.7,0.345053899672246,0.456499142141707,0.275517447160251,0,0,0,0,0,0,0,0,0,water
06111,7,2,-1,0.57867478327098,0.342793283639508,0.172236654647404,0,0,0,0,0,0,0,0,0,water
06113,7,1,3.4,0.600269623981579,0.412418311711544,0.16732521922662,0,0,0,0,0,0,0,0,0,water
06115,7,3,6.7,0.307338407374559,0.40398788588508,0.21167848167705,0,0,0,0,0,0,0,0,0,water
08001,7,1,4.3,0.527091453885806,0.31821250754525,0.126560146502462,0,0,0,0,0,0,0,0,0,water
08003,6,7,1.9,0.628264407578396,0.429824506784967,0.219187369637634,0,0,0,0,0,0,0,0,0,water
08005,7,1,1.8,0.173226436377072,0.315026600319689,0.117983500509791,0,0,0,0,0,0,0,0,0,water
08007,7,7,5.1,0.689674830599921,0.386514171050197,0.306572280304762,0,0,0,0,0,0,0,0,0,water
08009,6,9,-3.3,0.78811830672732,0.55730711659883,0.460548777324016,0,0,0,0,0,0,0,0,0,water
08011,6,9,5.5,0.845461377894379,0.558944206288714,0.479244998063359,0,0,0,0,0,0,0,0,0,water
08013,7,2,-0.2,0.549378020165041,0.361388405478177,0.144297929321952,0,0,0,0,0,0,0,0,0,water
08015,7,6,6.6,0.647808466724833,0.459718596970224,0.256024854657896,0,0,0,0,0,0,0,0,0,water
08019,7,1,-3,0.76325978711813,0.299477157750667,0.444151233404308,0,0,0,0,0,0,0,0,0,water
08021,6,9,1.3,0.82943920043896,0.431332116009649,0.471625427043648,0,0,0,0,0,0,0,0,0,water
08023,6,9,5.3,0.823551735715122,0.560857225874783,0.527827719937325,0,0,0,0,0,0,0,0,0,water
08025,6,8,-1.5,0.456331039870945,0.455468709908899,0.528680980194441,0,0,0,0,0,0,0,0,0,water
08027,7,8,17.5,0.478748166722623,0.397797677465975,0.442879326739738,0,0,0,0,0,0,0,0,0,water
08029,6,6,3.7,0.749591450985121,0.484787158307389,0.387622355310939,0,0,0,0,0,0,0,0,0,water
08031,7,1,1.6,0.179832641515046,0.338467760614704,0.112512111230875,0,0,0,0,0,0,0,0,0,water
08033,7,9,5.8,0.396540478946627,0.411708892763429,0.441615289854512,0,0,0,0,0,0,0,0,0,water
08035,7,1,9.3,0.47134239005108,0.140912537765102,0.141956674640808,0,0,0,0,0,0,0,0,0,water
08037,7,5,-2.4,0.286850487245853,0.349390458453911,0.173139325783727,0,0,0,0,0,0,0,0,0,water
08039,7,1,12.1,0.769298449484133,0.206272626703638,0.447897152416059,0,0,0,0,0,0,0,0,0,water
08041,7,2,2.6,0.52444712876123,0.322076488265836,0.145802017071021,0,0,0,0,0,0,0,0,0,water
08043,6,4,2.5,0.314417235343664,0.429885977254488,0.278229275697664,0,0,0,0,0,0,0,0,0,water
08045,7,5,2.2,0.569735418804305,0.330646208765958,0.221265398577173,0,0,0,0,0,0,0,0,0,water
08047,7,1,2.5,0.518762589231594,0.384207586124791,0.444151233404308,0,0,0,0,0,0,0,0,0,water
08049,7,9,2.6,0.690193527014351,0.358659025697724,0.338552338173773,0,0,0,0,0,0,0,0,0,water
08051,7,7,2.1,0.725448698139877,0.407963184528919,0.30115551735737,0,0,0,0,0,0,0,0,0,water
08055,6,8,2.4,0.803710034385117,0.52718649812059,0.451920765813281,0,0,0,0,0,0,0,0,0,water
08059,7,1,-0.8,0.49072153451324,0.273607811119503,0.135843957388887,0,0,0,0,0,0,0,0,0,water
08061,8,9,-4.1,0.826933364174306,0.468433918382423,0.521829306267599,0,0,0,0,0,0,0,0,0,water
08063,7,9,0.2,0.443538776800796,0.388097423213546,0.495707842581254,0,0,0,0,0,0,0,0,0,water
08065,7,9,-0.6,0.198638961463172,0.24537698663832,0.240726453070975,0,0,0,0,0,0,0,0,0,water
08067,7,6,2.1,0.677286315226055,0.370152878307684,0.330652202637701,0,0,0,0,0,0,0,0,0,water
08069,7,2,4.1,0.528430327856155,0.360749231523403,0.148334333004159,0,0,0,0,0,0,0,0,0,water
08071,6,7,0.1,0.326565585046148,0.514651474264841,0.256811227284498,0,0,0,0,0,0,0,0,0,water
08073,7,8,-1.1,0.47973002338258,0.421684304340414,0.46112575836167,0,0,0,0,0,0,0,0,0,water
08075,7,6,-2.1,0.265422402651255,0.397169047627848,0.278751840544814,0,0,0,0,0,0,0,0,0,water
08077,7,3,3.4,0.197184966377707,0.401296039530068,0.15574981672921,0,0,0,0,0,0,0,0,0,water
08081,7,7,-1,0.580537737280679,0.384280716105242,0.206128545698905,0,0,0,0,0,0,0,0,0,water
08083,6,6,3.7,0.345870294088279,0.424948255368065,0.336056854168703,0,0,0,0,0,0,0,0,0,water
08085,6,5,4.6,0.602172637718959,0.431602193418973,0.262722041695653,0,0,0,0,0,0,0,0,0,water
08087,6,6,4.2,0.605801559135518,0.358681734802942,0.257017899381006,0,0,0,0,0,0,0,0,0,water
08089,6,6,-3.6,0.66078391843565,0.501502323670266,0.332653505110539,0,0,0,0,0,0,0,0,0,water
08091,7,9,6.5,0.823090805954054,0.401520178398763,0.448984448512527,0,0,0,0,0,0,0,0,0,water
08093,7,1,5.1,0.427855843288661,0.305849550659648,0.450063091136776,0,0,0,0,0,0,0,0,0,water
08095,7,9,-0.9,0.41193913456113,0.419373747626476,0.592147251233058,0,0,0,0,0,0,0,0,0,water
08097,7,7,-4.2,0.594123891439434,0.376550830620627,0.220494426936656,0,0,0,0,0,0,0,0,0,water
08099,6,7,-0.5,0.607187794243713,0.427708913456779,0.241089255359428,0,0,0,0,0,0,0,0,0,water
08101,6,3,0.9,0.54674580197157,0.454817742343832,0.154535794709453,0,0,0,0,0,0,0,0,0,water
08103,7,9,1.3,0.460166688312007,0.312981698427102,0.452602358293433,0,0,0,0,0,0,0,0,0,water
08105,6,9,-3.6,0.431217090999082,0.427882211365956,0.575382644412321,0,0,0,0,0,0,0,0,0,water
08107,7,7,1.6,0.632939267540681,0.307717878759369,0.251609673792355,0,0,0,0,0,0,0,0,0,water
08109,6,9,4.3,0.540347813978694,0.50352398797807,0.585097008464805,0,0,0,0,0,0,0,0,0,water
08113,7,9,-2.9,0.725402089320689,0.402427556851991,0.254315399071837,0,0,0,0,0,0,0,0,0,water
08115,7,9,-5.5,0.456945039562189,0.455061820675772,0.503585561825607,0,0,0,0,0,0,0,0,0,water
08117,7,5,-1.1,0.186166530830833,0.271702794016479,0.164323241717852,0,0,0,0,0,0,0,0,0,water
08119,7,2,0.5,0.663153631782982,0.370663770755533,0.310978262547,0,0,0,0,0,0,0,0,0,water
08121,7,9,-0.9,0.483221921612088,0.380021549280528,0.43983532864484,0,0,0,0,0,0,0,0,0,water
08123,7,2,11.5,0.551103067698627,0.302116293527344,0.203463901074652,0,0,0,0,0,0,0,0,0,water
08125,7,9,0.8,0.498758059372998,0.421010904566224,0.461380732506309,0,0,0,0,0,0,0,0,0,water
10001,1,3,5.7,0.568869727228318,0.379904225942297,0.20437954533442,0,0,0,0,0,0,0,0,0,water
10003,9,1,3,0.161276449776028,0.328064326319532,0.131221897240348,0,0,0,0,0,0,0,0,0,water
10005,1,4,13.6,0.592252596076082,0.406589907276774,0.243257673698474,0,0,0,0,0,0,0,0,0,water
11001,9,1,4.7,0.529545730123061,0.328352061725513,0.110828942312836,0,0,0,0,0,0,0,0,0,water
12001,5,2,4.3,0.287618203607389,0.505267990453565,0.188493267105577,0,0,0,0,0,0,0,0,0,water
12003,1,1,4.3,0.299431026082644,0.359868767748226,0.319351297116556,0,0,0,0,0,0,0,0,0,water
12005,1,3,14.4,0.533332649981353,0.382553031513721,0.158836849676796,0,0,0,0,0,0,0,0,0,water
12007,2,6,-0.5,0.426418921252636,0.48293057449774,0.347194403766382,0,0,0,0,0,0,0,0,0,water
12009,1,2,8.2,0.491704311672083,0.399499601682899,0.12419153894708,0,0,0,0,0,0,0,0,0,water
12011,5,1,4.8,0.247201017099556,0.465925903304361,0.111083215539143,0,0,0,0,0,0,0,0,0,water
12013,2,8,-3.1,0.445768231338995,0.455904943291492,0.464866820353551,0,0,0,0,0,0,0,0,0,water
12015,1,3,12.8,0.49525284014707,0.488862954914912,0.134534885773914,0,0,0,0,0,0,0,0,0,water
12017,1,3,10.1,0.199657658392264,0.518084524206768,0.195117909588154,0,0,0,0,0,0,0,0,0,water
12019,1,1,8.1,0.153419536317124,0.312329536932864,0.159182631603421,0,0,0,0,0,0,0,0,0,water
12021,1,2,10.3,0.238889667303634,0.462259630702288,0.154179590835259,0,0,0,0,0,0,0,0,0,water
12023,2,4,6,0.669960939712189,0.434070768750695,0.328863697195894,0,0,0,0,0,0,0,0,0,water
12027,2,6,7.8,0.626968311944251,0.491081892306229,0.286360562182361,0,0,0,0,0,0,0,0,0,water
12029,2,8,5.6,0.481377066376002,0.442413159337057,0.457171964850818,0,0,0,0,0,0,0,0,0,water
12031,5,1,5.7,0.176386442100707,0.420911578201457,0.120117556861867,0,0,0,0,0,0,0,0,0,water
12033,3,2,2.7,0.164477371131286,0.417622276518122,0.136569179700242,0,0,0,0,0,0,0,0,0,water
12035,1,2,17.9,0.491846859024937,0.434792929681549,0.138730985859847,0,0,0,0,0,0,0,0,0,water
12037,1,8,4,0.481979663027614,0.439254963679459,0.447630940939147,0,0,0,0,0,0,0,0,0,water
12039,2,2,1.7,0.386003334187837,0.548006539663751,0.379847048469676,0,0,0,0,0,0,0,0,0,water
12041,2,2,13.1,0.442954421634757,0.36417485655195,0.483175475137372,0,0,0,0,0,0,0,0,0,water
12043,2,8,8.7,0.441148455158034,0.528808935145375,0.391131782349844,0,0,0,0,0,0,0,0,0,water
12045,1,8,11.3,0.484780245973759,0.394176693356225,0.444891224913138,0,0,0,0,0,0,0,0,0,water
12047,2,8,4.4,0.493930131854731,0.531730001454385,0.461647621947651,0,0,0,0,0,0,0,0,0,water
12049,2,6,2.9,0.370759117021277,0.480389576363042,0.316643764977821,0,0,0,0,0,0,0,0,0,water
12051,2,4,16.1,0.335347208651216,0.437545019936186,0.299775774023709,0,0,0,0,0,0,0,0,0,water
12053,1,1,11.5,0.195495657499099,0.424741971252434,0.179402833728443,0,0,0,0,0,0,0,0,0,water
12055,1,3,8.3,0.516171118302995,0.504642918916795,0.177514110216941,0,0,0,0,0,0,0,0,0,water
12057,5,1,7.8,0.195930955785103,0.403550160012375,0.124766900698734,0,0,0,0,0,0,0,0,0,water
12059,2,8,1.6,0.441720459841581,0.417091712061045,0.448715435064962,0,0,0,0,0,0,0,0,0,water
12061,1,3,7.3,0.160297542889417,0.473828445217417,0.139297861600931,0,0,0,0,0,0,0,0,0,water
12063,2,6,6.1,0.746518330297485,0.465327103174561,0.41537460829932,0,0,0,0,0,0,0,0,0,water
12065,2,2,10.5,0.416579115644828,0.481180456324784,0.486022642160919,0,0,0,0,0,0,0,0,0,water
12067,2,9,5,0.487881294010409,0.441678490694385,0.46842325837054,0,0,0,0,0,0,0,0,0,water
12069,1,1,15,0.525889984322685,0.412952916951669,0.177241248315217,0,0,0,0,0,0,0,0,0,water
12071,1,2,12.5,0.518422458202882,0.459129512042529,0.125363454629431,0,0,0,0,0,0,0,0,0,water
12073,5,2,2.2,0.241254700240205,0.472032698259617,0.155882801544025,0,0,0,0,0,0,0,0,0,water
12075,2,2,10.9,0.450041014027721,0.44775163416582,0.461796356211759,0,0,0,0,0,0,0,0,0,water
12077,2,8,1.9,0.426768169102203,0.436506993765087,0.469698188232555,0,0,0,0,0,0,0,0,0,water
12079,2,8,2.9,0.486952126711506,0.497908712878164,0.455504217829985,0,0,0,0,0,0,0,0,0,water
12081,1,2,14.1,0.176040693232257,0.429895204218423,0.127685790654069,0,0,0,0,0,0,0,0,0,water
12083,1,2,13.6,0.238116843880018,0.474127753752487,0.21311895427858,0,0,0,0,0,0,0,0,0,water
12085,1,2,4.4,0.17998092272998,0.451267258321953,0.136571205792287,0,0,0,0,0,0,0,0,0,water
12086,5,1,5.3,0.632646629504463,0.508494726948202,0.116059273894739,0,0,0,0,0,0,0,0,0,water
12087,1,4,-2.3,0.290849186035149,0.473120717434,0.15513948927294,0,0,0,0,0,0,0,0,0,water
12089,1,1,14.7,0.257225789859603,0.340916966733237,0.26037184795631,0,0,0,0,0,0,0,0,0,water
12091,1,2,4,0.177057735463508,0.345194635928862,0.146420604401279,0,0,0,0,0,0,0,0,0,water
12093,2,4,6.8,0.616677376742806,0.472921282075686,0.236304965114508,0,0,0,0,0,0,0,0,0,water
12095,5,1,7.1,0.211023255833401,0.401662746147187,0.119466749403407,0,0,0,0,0,0,0,0,0,water
12097,5,1,19.7,0.573819815928627,0.435549868189599,0.133137265532845,0,0,0,0,0,0,0,0,0,water
12099,1,1,5.9,0.55188429793724,0.453128539738859,0.116870614213062,0,0,0,0,0,0,0,0,0,water
12101,1,1,16.4,0.163219086105501,0.411500547290883,0.136641151300692,0,0,0,0,0,0,0,0,0,water
12103,1,1,0.6,0.17067520139408,0.456328834395066,0.111615654433083,0,0,0,0,0,0,0,0,0,water
12105,1,2,16.8,0.537300198066908,0.437108201762038,0.149310604302226,0,0,0,0,0,0,0,0,0,water
12107,2,4,5.3,0.727492191500345,0.514903782490926,0.365426371554414,0,0,0,0,0,0,0,0,0,water
12109,1,1,20.9,0.161027729569481,0.289164996924576,0.160224131146122,0,0,0,0,0,0,0,0,0,water
12111,1,2,17.9,0.498163277706438,0.446588283175388,0.124593410056271,0,0,0,0,0,0,0,0,0,water
12113,1,2,9.9,0.177878552008275,0.292375640328481,0.17960538279987,0,0,0,0,0,0,0,0,0,water
12115,1,2,9.2,0.156741514947823,0.454823804378036,0.118954481319566,0,0,0,0,0,0,0,0,0,water
12117,1,1,4.9,0.501919692016091,0.357097999381742,0.122026711354998,0,0,0,0,0,0,0,0,0,water
12119,1,3,18.7,0.529798447839696,0.529061333847567,0.18716230743757,0,0,0,0,0,0,0,0,0,water
12121,2,6,9.2,0.436420173611911,0.422652500863438,0.407193990725033,0,0,0,0,0,0,0,0,0,water
12123,2,6,0.4,0.675741903249277,0.41868788329461,0.350269576766866,0,0,0,0,0,0,0,0,0,water
12125,2,8,2,0.456148086134471,0.366406479023999,0.45243328205355,0,0,0,0,0,0,0,0,0,water
12127,1,2,8.5,0.522959904930981,0.454512630831688,0.140212400206436,0,0,0,0,0,0,0,0,0,water
12129,1,2,9.5,0.330388158222523,0.292402054047889,0.348674787753363,0,0,0,0,0,0,0,0,0,water
12131,1,2,18.2,0.33226988846448,0.361086813722601,0.299325736019209,0,0,0,0,0,0,0,0,0,water
12133,2,3,4.7,0.778600158641833,0.428317920290342,0.446506548304072,0,0,0,0,0,0,0,0,0,water
13001,2,7,1.6,0.341900988156772,0.470468853667825,0.399947090615633,0,0,0,0,0,0,0,0,0,water
13003,2,9,1.5,0.483954821662602,0.461252666109882,0.481405940141324,0,0,0,0,0,0,0,0,0,water
13005,2,9,-0.6,0.472139550010049,0.452739755938804,0.471922937865004,0,0,0,0,0,0,0,0,0,water
13007,2,8,-4.1,0.436890276304378,0.534337190002824,0.470355262765281,0,0,0,0,0,0,0,0,0,water
13009,2,4,-0.3,0.665670886965185,0.485545909321615,0.273199574676153,0,0,0,0,0,0,0,0,0,water
13011,1,8,12,0.751846636597296,0.367528835936296,0.454834725746037,0,0,0,0,0,0,0,0,0,water
13013,1,1,14.6,0.566664057893903,0.311442368980341,0.2203031315777,0,0,0,0,0,0,0,0,0,water
13015,1,1,7.5,0.253064163870998,0.316545065989005,0.243375572617713,0,0,0,0,0,0,0,0,0,water
13017,2,7,-1.3,0.239705326657513,0.529910523868035,0.268246825205374,0,0,0,0,0,0,0,0,0,water
13019,2,8,2.9,0.348167955692197,0.450313212479243,0.389222492310862,0,0,0,0,0,0,0,0,0,water
13021,2,3,0,0.242204781999573,0.549793157027145,0.157790988729052,0,0,0,0,0,0,0,0,0,water
13023,2,6,0.8,0.307646937573184,0.46574644348625,0.294179225101856,0,0,0,0,0,0,0,0,0,water
13025,2,3,4.2,0.423120838022353,0.422953551720623,0.44169843147613,0,0,0,0,0,0,0,0,0,water
13027,2,3,0.4,0.504051618457631,0.569052688191491,0.53843829783261,0,0,0,0,0,0,0,0,0,water
13029,1,2,13.5,0.25610587565039,0.244820431386577,0.269233256720021,0,0,0,0,0,0,0,0,0,water
13031,5,4,6.9,0.651494231960773,0.464422754763385,0.261743176102919,0,0,0,0,0,0,0,0,0,water
13033,2,2,-0.7,0.357561054425425,0.47070469819068,0.370050868081785,0,0,0,0,0,0,0,0,0,water
13035,2,1,6.2,0.349880173579393,0.386381485715884,0.370249818719597,0,0,0,0,0,0,0,0,0,water
13037,2,8,-2.4,0.467441584959711,0.444419955682071,0.468012993955983,0,0,0,0,0,0,0,0,0,water
13039,1,4,7.6,0.594155492212217,0.387289514715965,0.210294271961552,0,0,0,0,0,0,0,0,0,water
13043,2,9,0.9,0.533830234123597,0.444338383351432,0.464897457117807,0,0,0,0,0,0,0,0,0,water
13045,1,1,8.7,0.330381186549865,0.390674951904371,0.295617145818668,0,0,0,0,0,0,0,0,0,water
13047,1,2,1.4,0.527214891294932,0.333711403264285,0.191076183153728,0,0,0,0,0,0,0,0,0,water
13049,2,8,3.9,0.479539761135027,0.469193862985011,0.444845387906054,0,0,0,0,0,0,0,0,0,water
13051,5,2,4.2,0.179357817778971,0.431565342453852,0.121248321992213,0,0,0,0,0,0,0,0,0,water
13053,5,2,-9.8,0.293636501584573,0.347664294178845,0.243416642127492,0,0,0,0,0,0,0,0,0,water
13055,4,6,1.5,0.34079499135596,0.43497370819643,0.321854748166666,0,0,0,0,0,0,0,0,0,water
13057,1,1,9.5,0.175951320621563,0.250641922149852,0.173011505977917,0,0,0,0,0,0,0,0,0,water
13059,5,3,1.1,0.255834979397246,0.577742641675066,0.130552744913891,0,0,0,0,0,0,0,0,0,water
13061,2,9,-0.5,0.449781909529141,0.535439167420108,0.652214217818822,0,0,0,0,0,0,0,0,0,water
13063,2,1,-0.6,0.209329108106483,0.465328750207647,0.112544635515737,0,0,0,0,0,0,0,0,0,water
13065,2,8,2.2,0.494378854398674,0.411987236903109,0.505526206078565,0,0,0,0,0,0,0,0,0,water
13067,1,1,2.8,0.13095554767817,0.277461733226221,0.110881307111436,0,0,0,0,0,0,0,0,0,water
13069,2,7,1.8,0.35694525972759,0.42403067268889,0.363322635074933,0,0,0,0,0,0,0,0,0,water
13071,2,6,2.3,0.332757966305077,0.473737820864604,0.364066322772493,0,0,0,0,0,0,0,0,0,water
13073,1,2,6.8,0.129111308488956,0.254298398932395,0.160603196662338,0,0,0,0,0,0,0,0,0,water
13075,2,6,4.3,0.360406527930011,0.484594589126747,0.309555884120136,0,0,0,0,0,0,0,0,0,water
13077,1,1,7.8,0.254759431136718,0.272209183696759,0.26047038337601,0,0,0,0,0,0,0,0,0,water
13079,2,3,2,0.423619438983949,0.363199097717025,0.45821572779642,0,0,0,0,0,0,0,0,0,water
13081,2,6,-2.9,0.332827798006192,0.558446924502673,0.264004322612547,0,0,0,0,0,0,0,0,0,water
13083,1,2,-1,0.431625372518967,0.346218354442683,0.432085974352578,0,0,0,0,0,0,0,0,0,water
13085,1,1,24.7,0.326955668354843,0.284129130676663,0.34683938020291,0,0,0,0,0,0,0,0,0,water
13087,2,6,0.2,0.713913070320357,0.497172917989902,0.295047366655497,0,0,0,0,0,0,0,0,0,water
13089,5,1,0.7,0.174192952252926,0.403386491761841,0.111752664906872,0,0,0,0,0,0,0,0,0,water
13091,2,7,-1.6,0.385244398581576,0.499270032642132,0.346098347236364,0,0,0,0,0,0,0,0,0,water
13093,2,8,0.2,0.485048939444481,0.444855548451997,0.481925236087746,0,0,0,0,0,0,0,0,0,water
13095,2,3,-3.2,0.279381837293687,0.594800496962139,0.160862928058582,0,0,0,0,0,0,0,0,0,water
13097,1,1,5,0.197211711893632,0.325621158840664,0.162423750133592,0,0,0,0,0,0,0,0,0,water
13099,2,8,-3.3,0.497433065967437,0.457586086693196,0.442340011927606,0,0,0,0,0,0,0,0,0,water
13101,2,3,-0.6,0.735751150199931,0.339683843842633,0.770141470766063,0,0,0,0,0,0,0,0,0,water
13103,1,2,12.2,0.338590319343334,0.257196018593148,0.358821757466368,0,0,0,0,0,0,0,0,0,water
13105,2,6,2.5,0.418079704036086,0.504936041044149,0.363864310608602,0,0,0,0,0,0,0,0,0,water
13107,2,7,1.4,0.678925347722636,0.453519027866166,0.354709645010952,0,0,0,0,0,0,0,0,0,water
13109,2,8,0.7,0.509558763454752,0.417697726535143,0.464583060388878,0,0,0,0,0,0,0,0,0,water
13111,1,8,1.6,0.463396974049784,0.460073176411811,0.446314141360451,0,0,0,0,0,0,0,0,0,water
13113,1,1,4.7,0.187331828658613,0.268087753987665,0.17125652866293,0,0,0,0,0,0,0,0,0,water
13115,3,3,2.8,0.272882944107252,0.418442903686279,0.240867089307649,0,0,0,0,0,0,0,0,0,water
13117,1,1,10.7,0.113797442430324,0.142460597486254,0.137577971232492,0,0,0,0,0,0,0,0,0,water
13119,1,8,7.4,0.788571479626854,0.45599117038999,0.497486998574301,0,0,0,0,0,0,0,0,0,water
13121,5,1,2,0.176517796372478,0.357920597207229,0.113039320423196,0,0,0,0,0,0,0,0,0,water
13123,1,6,6.1,0.394244059593082,0.402243682591117,0.390925399296718,0,0,0,0,0,0,0,0,0,water
13125,2,9,4,0.77202216592293,0.334242034250993,0.440465162706513,0,0,0,0,0,0,0,0,0,water
13127,1,3,2.4,0.203739617755249,0.436496595079026,0.172914058809702,0,0,0,0,0,0,0,0,0,water
13129,1,4,5.3,0.346842759098484,0.369533474920011,0.326111576715463,0,0,0,0,0,0,0,0,0,water
13131,2,6,0.2,0.394938565258298,0.496429556285537,0.370149639999715,0,0,0,0,0,0,0,0,0,water
13133,1,8,10.8,0.783321421656157,0.370074511368235,0.449251712615533,0,0,0,0,0,0,0,0,0,water
13135,1,1,4.7,0.17158467897013,0.349195018381257,0.112570542983998,0,0,0,0,0,0,0,0,0,water
13137,1,6,7.6,0.314268813794642,0.383733319481527,0.317957526149862,0,0,0,0,0,0,0,0,0,water
13139,1,3,9,0.251373468796363,0.36059730003163,0.197846749539466,0,0,0,0,0,0,0,0,0,water
13141,2,9,-0.3,0.549863829934316,0.673714961683657,0.447128476818476,0,0,0,0,0,0,0,0,0,water
13143,1,1,7.9,0.703777215782638,0.383675534648088,0.366874379928403,0,0,0,0,0,0,0,0,0,water
13145,1,2,5.8,0.421837155084132,0.289593952349816,0.437342409189135,0,0,0,0,0,0,0,0,0,water
13147,1,6,8.4,0.721255173742866,0.403797290601951,0.403414835790074,0,0,0,0,0,0,0,0,0,water
13149,2,1,5.9,0.742264066748706,0.41175563532811,0.466447200786866,0,0,0,0,0,0,0,0,0,water
13151,1,1,7.2,0.17508038134476,0.315903341511724,0.17357893553626,0,0,0,0,0,0,0,0,0,water
13153,1,3,6.4,0.48310004123336,0.313095560184879,0.140822618933441,0,0,0,0,0,0,0,0,0,water
13155,2,9,-5.1,0.457101945857496,0.43275993276736,0.490646907958386,0,0,0,0,0,0,0,0,0,water
13157,1,4,22.3,0.649880233717417,0.29216092142374,0.323567963202616,0,0,0,0,0,0,0,0,0,water
13159,1,1,17.4,0.458827295975212,0.409728879808006,0.464967673110057,0,0,0,0,0,0,0,0,0,water
13161,2,9,2.1,0.338348224090518,0.501755097255192,0.391292382294118,0,0,0,0,0,0,0,0,0,water
13163,2,8,-4.2,0.470575422163974,0.488549580202745,0.452570607924072,0,0,0,0,0,0,0,0,0,water
13165,2,9,2,0.495425927272714,0.520749348688226,0.460914795578139,0,0,0,0,0,0,0,0,0,water
13167,2,9,-0.1,0.439622095046465,0.429865143451639,0.463965583782337,0,0,0,0,0,0,0,0,0,water
13169,1,3,2.3,0.404041797834287,0.356905924802461,0.396185373564239,0,0,0,0,0,0,0,0,0,water
13171,1,6,11.5,0.649137637479511,0.327799881385524,0.328016109561066,0,0,0,0,0,0,0,0,0,water
13173,2,3,5.4,0.49114899393295,0.515906510050519,0.483450119703999,0,0,0,0,0,0,0,0,0,water
13175,2,4,1.5,0.356169085536829,0.487546941515066,0.306348926690542,0,0,0,0,0,0,0,0,0,water
13177,1,3,2.6,0.300755611167337,0.289087548325431,0.321239075835598,0,0,0,0,0,0,0,0,0,water
13179,2,3,5,0.233632511999108,0.385224600144311,0.189132207392091,0,0,0,0,0,0,0,0,0,water
13181,2,2,4.5,0.791479100632389,0.478890679210117,0.493079361199103,0,0,0,0,0,0,0,0,0,water
13183,2,3,25.7,0.368367407524052,0.338598517512905,0.380305305927897,0,0,0,0,0,0,0,0,0,water
13185,3,3,3.1,0.616619081671162,0.453252760185234,0.228465841386562,0,0,0,0,0,0,0,0,0,water
13187,1,1,7.1,0.397863781675586,0.39815163213181,0.380412806258865,0,0,0,0,0,0,0,0,0,water
13189,2,2,0.7,0.652051153726699,0.481254484159382,0.310396816247099,0,0,0,0,0,0,0,0,0,water
13191,2,3,7.4,0.527253381372971,0.576216230499533,0.44401743022964,0,0,0,0,0,0,0,0,0,water
13193,2,8,-1.6,0.807015366268641,0.527954630061587,0.487010786898443,0,0,0,0,0,0,0,0,0,water
13195,2,3,8.2,0.785136179844171,0.442000038557888,0.433883794975754,0,0,0,0,0,0,0,0,0,water
13197,2,2,1.4,0.409319921438602,0.419453057034079,0.445900818789706,0,0,0,0,0,0,0,0,0,water
13199,2,1,4,0.784800691153231,0.456847778039604,0.46324501735153,0,0,0,0,0,0,0,0,0,water
13201,2,9,-2.8,0.474587214953379,0.48952202147924,0.484265298570149,0,0,0,0,0,0,0,0,0,water
13205,2,6,-6.2,0.414804623015369,0.515909239768966,0.387762069294179,0,0,0,0,0,0,0,0,0,water
13207,1,3,12,0.379717066598152,0.306445256269452,0.385886542261378,0,0,0,0,0,0,0,0,0,water
13209,2,9,0,0.41999309170967,0.403753049487771,0.46924556171968,0,0,0,0,0,0,0,0,0,water
13211,1,1,8.6,0.384142457293898,0.308729447674851,0.381136809305968,0,0,0,0,0,0,0,0,0,water
13213,1,3,3.3,0.314582204182809,0.326408572055245,0.354515050236093,0,0,0,0,0,0,0,0,0,water
13215,2,2,-2.5,0.205449170972498,0.479146941179012,0.123306500608663,0,0,0,0,0,0,0,0,0,water
13217,1,1,9.8,0.611154951687925,0.37647138286421,0.225214140073057,0,0,0,0,0,0,0,0,0,water
13219,1,3,6.5,0.240807322688043,0.179864063704563,0.291695597427128,0,0,0,0,0,0,0,0,0,water
13221,1,3,8.8,0.800757833560042,0.354835178633716,0.508718799997154,0,0,0,0,0,0,0,0,0,water
13223,1,1,11.2,0.159816395247588,0.226141122567998,0.179131910975759,0,0,0,0,0,0,0,0,0,water
13225,2,3,4.2,0.262089490569381,0.413593110946105,0.246421296130319,0,0,0,0,0,0,0,0,0,water
13227,1,1,9.7,0.382375437241123,0.375388103785122,0.383008166628092,0,0,0,0,0,0,0,0,0,water
13229,1,8,4.7,0.401614751842086,0.367869065437884,0.440942896190596,0,0,0,0,0,0,0,0,0,water
13231,1,1,9.1,0.414523429359307,0.305064222505798,0.444021833784163,0,0,0,0,0,0,0,0,0,water
13233,1,4,3.9,0.326586716183325,0.453464999863511,0.288132117034592,0,0,0,0,0,0,0,0,0,water
13235,2,8,3.1,0.523869258767678,0.5077112925172,0.486373466368656,0,0,0,0,0,0,0,0,0,water
13237,1,8,5.5,0.490537444538847,0.488095016554095,0.465525320842952,0,0,0,0,0,0,0,0,0,water
13239,2,8,4.5,0.385410637811065,0.489907157631774,0.355698604861881,0,0,0,0,0,0,0,0,0,water
13241,1,9,4.7,0.819070270540538,0.470805198802429,0.443749119222383,0,0,0,0,0,0,0,0,0,water
13243,2,8,-4.4,0.469672100789809,0.628051826460122,0.513270380896566,0,0,0,0,0,0,0,0,0,water
13245,2,2,-0.1,0.211808212877412,0.508414920508249,0.138823823680251,0,0,0,0,0,0,0,0,0,water
13247,1,1,4.3,0.204694350263995,0.385653576507385,0.156523693588324,0,0,0,0,0,0,0,0,0,water
13249,2,8,-0.8,0.503546652793055,0.40940563639825,0.456885155611654,0,0,0,0,0,0,0,0,0,water
13251,2,8,1.7,0.41688906679877,0.430387828397812,0.46135634425862,0,0,0,0,0,0,0,0,0,water
13253,2,8,1.5,0.49560657914815,0.511615821916125,0.553308500974102,0,0,0,0,0,0,0,0,0,water
13255,2,1,4.2,0.272529799091586,0.450815048847795,0.247282936993844,0,0,0,0,0,0,0,0,0,water
13257,1,7,2.5,0.304362212409558,0.435027254243094,0.304408101125862,0,0,0,0,0,0,0,0,0,water
13259,2,2,-9.2,0.4177527788123,0.472701899606536,0.469444286980515,0,0,0,0,0,0,0,0,0,water
13261,2,6,-1.9,0.2799562862512,0.499878062235686,0.282100637304532,0,0,0,0,0,0,0,0,0,water
13263,2,2,0.5,0.788221474118678,0.528339457287443,0.446375762136521,0,0,0,0,0,0,0,0,0,water
13265,2,8,4,0.803962699589251,0.528281552821965,0.481223427453125,0,0,0,0,0,0,0,0,0,water
13267,2,8,-0.2,0.432244557404828,0.440951525247744,0.572493773391635,0,0,0,0,0,0,0,0,0,water
13269,2,8,-0.5,0.792155832986692,0.577510847125908,0.449712829640817,0,0,0,0,0,0,0,0,0,water
13271,2,9,-11.7,0.45697909416068,0.557495745714657,0.469390918654652,0,0,0,0,0,0,0,0,0,water
13273,2,3,-4.8,0.481618601285283,0.576188330212041,0.489911369407459,0,0,0,0,0,0,0,0,0,water
13275,3,4,0.6,0.282989396339279,0.442644641040394,0.261396765425218,0,0,0,0,0,0,0,0,0,water
13277,2,5,0.8,0.285324353015159,0.434703802395989,0.247798636760909,0,0,0,0,0,0,0,0,0,water
13279,2,7,1.5,0.656217816488498,0.46897014925134,0.313094920224607,0,0,0,0,0,0,0,0,0,water
13281,1,9,5,0.482815611720606,0.523906239457276,0.443229095544791,0,0,0,0,0,0,0,0,0,water
13283,2,9,0.4,0.49925641401882,0.506722167390609,0.447216107208982,0,0,0,0,0,0,0,0,0,water
13285,3,4,3.1,0.340194762094336,0.464617000972242,0.262030859772332,0,0,0,0,0,0,0,0,0,water
13287,2,9,0.4,0.28743036339458,0.48109454602003,0.312926374652201,0,0,0,0,0,0,0,0,0,water
13289,2,3,-3.5,0.46323693968656,0.435980880445472,0.443604773897109,0,0,0,0,0,0,0,0,0,water
13291,1,8,11.3,0.487768183708106,0.443201158457141,0.4457744632159,0,0,0,0,0,0,0,0,0,water
13293,2,6,2.2,0.299404909199085,0.514735754462406,0.272115579231655,0,0,0,0,0,0,0,0,0,water
13295,1,2,2.4,0.273753248650973,0.38836326196133,0.287218504351281,0,0,0,0,0,0,0,0,0,water
13297,1,1,13,0.312788620812932,0.336706726175982,0.306869889941649,0,0,0,0,0,0,0,0,0,water
13299,2,5,0,0.23624787303273,0.499532163845875,0.227318039516534,0,0,0,0,0,0,0,0,0,water
13301,2,8,-1.2,0.777093812721458,0.474274759647089,0.44349728062564,0,0,0,0,0,0,0,0,0,water
13303,2,7,-0.6,0.384493602710473,0.47406934811266,0.33022656466418,0,0,0,0,0,0,0,0,0,water
13305,2,6,6.6,0.34016419227876,0.451506790377137,0.310531796741076,0,0,0,0,0,0,0,0,0,water
13307,2,8,-1.6,0.457475852095619,0.540199249092335,0.517345674948719,0,0,0,0,0,0,0,0,0,water
13309,2,9,-5,0.44362577693063,0.510897001554089,0.525562258400232,0,0,0,0,0,0,0,0,0,water
13311,1,8,5.5,0.427636740168886,0.372875075565333,0.466647096579894,0,0,0,0,0,0,0,0,0,water
13313,1,3,2.2,0.261075875516007,0.351795387636337,0.228758625196525,0,0,0,0,0,0,0,0,0,water
13315,2,9,1.3,0.415491588425846,0.454075055555698,0.513460536822892,0,0,0,0,0,0,0,0,0,water
13317,2,8,0.2,0.45864623403849,0.460041836939904,0.492757230320285,0,0,0,0,0,0,0,0,0,water
13319,2,8,-1.9,0.503265373514473,0.494612472438792,0.458805311858339,0,0,0,0,0,0,0,0,0,water
13321,2,3,-2.3,0.346984281914872,0.450240327729323,0.352704925151591,0,0,0,0,0,0,0,0,0,water
16001,7,2,7.5,0.46971598103269,0.297855176896544,0.131124875028037,0,0,0,0,0,0,0,0,0,water
16003,7,9,12.9,0.457097628517436,0.460071486560688,0.481917975766565,0,0,0,0,0,0,0,0,0,water
16005,7,3,4.3,0.169335126395394,0.37084160284425,0.16739290945977,0,0,0,0,0,0,0,0,0,water
16007,7,9,6.5,0.400864570278411,0.326574951567947,0.453034113776129,0,0,0,0,0,0,0,0,0,water
16009,7,8,9.9,0.468902747140663,0.465365584321567,0.442319896496118,0,0,0,0,0,0,0,0,0,water
16011,7,6,5.8,0.634598925596236,0.303621486753653,0.321076687380792,0,0,0,0,0,0,0,0,0,water
16013,7,7,3.8,0.543060277146108,0.311496993062627,0.197250496619753,0,0,0,0,0,0,0,0,0,water
16015,7,2,12,0.768688786329984,0.34879653766096,0.460521183960221,0,0,0,0,0,0,0,0,0,water
16017,7,6,13.8,0.398568378446225,0.434945858817686,0.359924219770222,0,0,0,0,0,0,0,0,0,water
16019,7,3,7.1,0.513645069513102,0.30512277457066,0.162240392796931,0,0,0,0,0,0,0,0,0,water
16021,7,9,15.6,0.800950960991506,0.458166816402272,0.443706043517212,0,0,0,0,0,0,0,0,0,water
16023,7,3,5.9,0.434844318474568,0.456053384816361,0.465390096432273,0,0,0,0,0,0,0,0,0,water
16027,7,2,14.5,0.529121902398397,0.327428264181733,0.199346768357447,0,0,0,0,0,0,0,0,0,water
16029,7,8,3.2,0.739397192239733,0.315471487869884,0.483948612861799,0,0,0,0,0,0,0,0,0,water
16031,7,6,4.9,0.616764656395868,0.326804368558446,0.420073128604148,0,0,0,0,0,0,0,0,0,water
16035,7,8,4.6,0.777330269018039,0.45191699786192,0.447839887596217,0,0,0,0,0,0,0,0,0,water
16037,7,8,7.7,0.445581123489722,0.468473767041503,0.464064479116863,0,0,0,0,0,0,0,0,0,water
16039,7,6,3.7,0.554758688113001,0.365321321412113,0.248106091298692,0,0,0,0,0,0,0,0,0,water
16041,7,3,9.5,0.829100634790963,0.344338316940014,0.471142535707197,0,0,0,0,0,0,0,0,0,water
16043,7,8,7.3,0.770284741288914,0.302951756698262,0.446084135568666,0,0,0,0,0,0,0,0,0,water
16045,7,2,13.4,0.274310463718924,0.354172462167996,0.262027096393146,0,0,0,0,0,0,0,0,0,water
16047,7,8,3.4,0.449400540259532,0.395489352963046,0.520793695368941,0,0,0,0,0,0,0,0,0,water
16049,7,8,8,0.777336178872906,0.412650406512209,0.482913992251558,0,0,0,0,0,0,0,0,0,water
16051,7,3,12.1,0.351482166618992,0.271838892439647,0.391146809637804,0,0,0,0,0,0,0,0,0,water
16053,7,3,7.4,0.304392827993477,0.33962703021858,0.384019863750344,0,0,0,0,0,0,0,0,0,water
16055,7,3,9,0.543906431919981,0.361925137009042,0.192781833008229,0,0,0,0,0,0,0,0,0,water
16057,7,4,6.4,0.606982302159501,0.407880517186572,0.236785704584477,0,0,0,0,0,0,0,0,0,water
16059,7,9,5.5,0.479350544234294,0.502334767523292,0.4728043644761,0,0,0,0,0,0,0,0,0,water
16061,7,8,5.8,0.771263633213116,0.476042663968761,0.454088724448817,0,0,0,0,0,0,0,0,0,water
16063,7,8,8.2,0.451459976087336,0.319982565926197,0.669635781895146,0,0,0,0,0,0,0,0,0,water
16065,5,4,5,0.632221361113044,0.442965359178608,0.183988687155806,0,0,0,0,0,0,0,0,0,water
16067,7,7,4.7,0.304433754476128,0.366381898068676,0.263039658893572,0,0,0,0,0,0,0,0,0,water
16069,7,3,1.7,0.240647579638703,0.413612507225961,0.173733465595527,0,0,0,0,0,0,0,0,0,water
16071,7,8,9,0.400730930581441,0.347242247272657,0.454063528675285,0,0,0,0,0,0,0,0,0,water
16073,7,2,6.2,0.780577396326356,0.381911060653403,0.479755585346659,0,0,0,0,0,0,0,0,0,water
16075,7,6,8.1,0.604440617976778,0.361506827173421,0.256038776240151,0,0,0,0,0,0,0,0,0,water
16077,7,8,6.3,0.426396848799297,0.364452309981351,0.544637670819317,0,0,0,0,0,0,0,0,0,water
16079,7,8,6.6,0.423705100566326,0.451183927728428,0.44389696922248,0,0,0,0,0,0,0,0,0,water
16081,7,9,10.2,0.797697900645015,0.303091631523112,0.455128495037654,0,0,0,0,0,0,0,0,0,water
16083,7,3,6.8,0.573344340159988,0.365184204923092,0.233577818429793,0,0,0,0,0,0,0,0,0,water
16085,7,9,7.9,0.699550708840806,0.415426237315537,0.341689365779207,0,0,0,0,0,0,0,0,0,water
16087,7,6,9.3,0.322076678611054,0.468849928730679,0.284194198951561,0,0,0,0,0,0,0,0,0,water
17001,8,5,-2.3,0.54581179435345,0.381330970990731,0.232476150620281,0,0,0,0,0,0,0,0,0,water
17003,2,3,-11.2,0.457455862828304,0.51298679572577,0.461154868212763,0,0,0,0,0,0,0,0,0,water
17005,8,1,-1.7,0.303733088602294,0.37016921394236,0.329643874383082,0,0,0,0,0,0,0,0,0,water
17007,1,2,0,0.231139836124546,0.327906670249502,0.208680320664944,0,0,0,0,0,0,0,0,0,water
17009,4,9,1.1,0.380942629217544,0.29487517068352,0.451888396869603,0,0,0,0,0,0,0,0,0,water
17011,8,7,-2.2,0.619112815867384,0.381209377313135,0.281682204994197,0,0,0,0,0,0,0,0,0,water
17013,4,1,-4.1,0.434756446295752,0.253052937350706,0.466104653040643,0,0,0,0,0,0,0,0,0,water
17015,8,9,-1.5,0.399009056910647,0.399922498679831,0.466600428730762,0,0,0,0,0,0,0,0,0,water
17017,8,6,-2,0.241060533763444,0.339314162225434,0.301487381045125,0,0,0,0,0,0,0,0,0,water
17019,5,3,3,0.558505411640674,0.449928218141865,0.16911267247287,0,0,0,0,0,0,0,0,0,water
17021,8,6,-2.2,0.577271240241683,0.392994175172785,0.293054889999232,0,0,0,0,0,0,0,0,0,water
17023,8,8,-2.4,0.416967696286413,0.336649581833634,0.469058147423932,0,0,0,0,0,0,0,0,0,water
17025,4,9,-3.4,0.311864133862233,0.39958697546302,0.344764125409116,0,0,0,0,0,0,0,0,0,water
17027,8,1,0.5,0.358118459105019,0.294104523673183,0.385310824199136,0,0,0,0,0,0,0,0,0,water
17029,5,5,-1.4,0.224900717111466,0.438490314280676,0.202020088812177,0,0,0,0,0,0,0,0,0,water
17031,9,1,-1.6,0.530584520388511,0.399455891159716,0.111244381996591,0,0,0,0,0,0,0,0,0,water
17033,8,6,-1.3,0.324132698296084,0.35285587323255,0.34372960096236,0,0,0,0,0,0,0,0,0,water
17035,8,9,-1.3,0.395724251904147,0.336824722107997,0.584548032004396,0,0,0,0,0,0,0,0,0,water
17037,5,1,1,0.227346545714163,0.412015942622588,0.194139414983266,0,0,0,0,0,0,0,0,0,water
17039,8,6,-0.9,0.262368431210303,0.364649680317652,0.314686546318232,0,0,0,0,0,0,0,0,0,water
17041,8,8,0.2,0.367032644127168,0.319515402040579,0.370992100531661,0,0,0,0,0,0,0,0,0,water
17043,5,1,0.6,0.138054448430811,0.259586981798257,0.111879706363712,0,0,0,0,0,0,0,0,0,water
17045,8,6,-2.4,0.584683843181871,0.376112058959807,0.309919646783552,0,0,0,0,0,0,0,0,0,water
17047,4,9,-3.6,0.384488745962204,0.404856596853241,0.469850656356121,0,0,0,0,0,0,0,0,0,water
17049,8,7,-0.3,0.618749616256163,0.308556065177176,0.316423799047997,0,0,0,0,0,0,0,0,0,water
17051,8,6,-1.5,0.643118895285033,0.388096358373654,0.338793576316993,0,0,0,0,0,0,0,0,0,water
17053,8,3,-0.4,0.330931652644181,0.401932645256908,0.347706288792658,0,0,0,0,0,0,0,0,0,water
17055,8,7,-1.8,0.34133513821132,0.44751655482866,0.313766153468465,0,0,0,0,0,0,0,0,0,water
17057,8,6,-3.1,0.278622977914306,0.377309946889081,0.320640941128392,0,0,0,0,0,0,0,0,0,water
17059,4,8,-5.2,0.389577991302938,0.406949884252623,0.540790059958138,0,0,0,0,0,0,0,0,0,water
17061,8,8,-4.3,0.3918631199742,0.376731554661459,0.502883617003876,0,0,0,0,0,0,0,0,0,water
17063,1,1,2.5,0.19380040640664,0.276954471449722,0.197673753843768,0,0,0,0,0,0,0,0,0,water
17065,8,9,-2.2,0.37421773081029,0.34386864741815,0.457680620763465,0,0,0,0,0,0,0,0,0,water
17067,8,9,-3.1,0.345449886288053,0.380661646124923,0.416462976017826,0,0,0,0,0,0,0,0,0,water
17069,4,9,-2.6,0.393181177060405,0.376328883703342,0.45171712617506,0,0,0,0,0,0,0,0,0,water
17071,4,9,-4.5,0.393482718870863,0.380970032040159,0.471514171483189,0,0,0,0,0,0,0,0,0,water
17073,8,2,-2,0.237292993112157,0.328012268046634,0.283587718457274,0,0,0,0,0,0,0,0,0,water
17075,8,8,-3.3,0.717605151732437,0.409090558284528,0.408582138469176,0,0,0,0,0,0,0,0,0,water
17077,5,5,-0.1,0.333180141401284,0.522526947415794,0.247447872067366,0,0,0,0,0,0,0,0,0,water
17079,8,9,-1.8,0.426887953783971,0.331603601818777,0.489862576664174,0,0,0,0,0,0,0,0,0,water
17081,8,7,-2.4,0.318409815836807,0.400182590892178,0.30831021701312,0,0,0,0,0,0,0,0,0,water
17083,8,1,-1.6,0.265762219676456,0.316936812221455,0.308530572215997,0,0,0,0,0,0,0,0,0,water
17085,8,8,-2.6,0.39202125316478,0.374508917538354,0.4073099454205,0,0,0,0,0,0,0,0,0,water
17087,4,8,0,0.42801910768439,0.384478157374473,0.444288889357812,0,0,0,0,0,0,0,0,0,water
17089,1,1,0.9,0.158737044662278,0.279409906004167,0.125965674254055,0,0,0,0,0,0,0,0,0,water
17091,1,3,-0.9,0.577834402509013,0.393400129074699,0.213438298730916,0,0,0,0,0,0,0,0,0,water
17093,1,1,8.2,0.141028433717715,0.194002867750596,0.151431507178508,0,0,0,0,0,0,0,0,0,water
17095,8,4,-2.2,0.241993678072438,0.468296331630923,0.225382031000052,0,0,0,0,0,0,0,0,0,water
17097,5,1,0.7,0.481396623012063,0.265414688475361,0.116399845435808,0,0,0,0,0,0,0,0,0,water
17099,8,4,-0.9,0.550952868429835,0.378541316415925,0.225034032838295,0,0,0,0,0,0,0,0,0,water
17101,8,9,-3.2,0.292454857358548,0.37856577908493,0.37115213918549,0,0,0,0,0,0,0,0,0,water
17103,8,6,-1.5,0.615816858576292,0.368849564157856,0.291954922029568,0,0,0,0,0,0,0,0,0,water
17105,8,6,-1.2,0.659243181331926,0.341944430279531,0.345844510047404,0,0,0,0,0,0,0,0,0,water
17107,8,6,-1.4,0.247654127797794,0.38322327455184,0.30674599418963,0,0,0,0,0,0,0,0,0,water
17109,5,7,-1.7,0.659022958495653,0.508954683114223,0.273439509831262,0,0,0,0,0,0,0,0,0,water
17111,1,1,1.9,0.486759337943837,0.251851790148312,0.162107632272789,0,0,0,0,0,0,0,0,0,water
17113,5,3,0.5,0.524881574811254,0.341230607033184,0.186183070559537,0,0,0,0,0,0,0,0,0,water
17115,8,3,-2.9,0.171549110646759,0.395458192921238,0.169639950017828,0,0,0,0,0,0,0,0,0,water
17117,8,1,-2.3,0.307863215914599,0.379085038358728,0.333778291888775,0,0,0,0,0,0,0,0,0,water
17119,1,1,-1,0.505833435464257,0.351463385609821,0.167051733135948,0,0,0,0,0,0,0,0,0,water
17121,8,7,-3.2,0.27302206710614,0.413173917854438,0.28075153523395,0,0,0,0,0,0,0,0,0,water
17123,8,2,-1.3,0.419782052214524,0.364392065562287,0.454050072159175,0,0,0,0,0,0,0,0,0,water
17125,8,8,-3.9,0.412929536944447,0.400848003729942,0.462668654749031,0,0,0,0,0,0,0,0,0,water
17127,4,3,-3.6,0.264085718985914,0.38288827245304,0.287860429156414,0,0,0,0,0,0,0,0,0,water
17129,8,3,-2.5,0.384772623029911,0.302635705425741,0.454652933836776,0,0,0,0,0,0,0,0,0,water
17131,8,2,-2.2,0.426659313618464,0.329260489859605,0.48690110384186,0,0,0,0,0,0,0,0,0,water
17133,8,1,0,0.190889810930344,0.222041951891839,0.250448688082804,0,0,0,0,0,0,0,0,0,water
17135,8,6,-2.2,0.264769059605939,0.399506489584527,0.314887599875888,0,0,0,0,0,0,0,0,0,water
17137,8,4,-2.6,0.54412806479983,0.369297017509874,0.240992142508686,0,0,0,0,0,0,0,0,0,water
17139,8,8,-0.9,0.322210688303353,0.312877459171307,0.362275929741966,0,0,0,0,0,0,0,0,0,water
17141,8,6,-0.8,0.334341199797283,0.321708359758014,0.353318612032763,0,0,0,0,0,0,0,0,0,water
17143,1,2,-1,0.200296190599217,0.419955204629026,0.168726967183762,0,0,0,0,0,0,0,0,0,water
17145,8,7,-3,0.331656977797853,0.383669842427649,0.349567045406122,0,0,0,0,0,0,0,0,0,water
17147,8,3,-0.3,0.285191123466401,0.278451467271822,0.361095612525377,0,0,0,0,0,0,0,0,0,water
17149,8,9,-2.6,0.440816880094188,0.425376724824436,0.469223412422954,0,0,0,0,0,0,0,0,0,water
17151,4,8,-1.5,0.388331700291798,0.392873236851868,0.442611915206049,0,0,0,0,0,0,0,0,0,water
17153,2,8,-5.8,0.430693244996737,0.495125730169826,0.449642318439368,0,0,0,0,0,0,0,0,0,water
17155,8,8,0,0.409904658552234,0.337564989102357,0.45315803639475,0,0,0,0,0,0,0,0,0,water
17157,8,6,-0.6,0.330472340907165,0.342667234480146,0.378141206775231,0,0,0,0,0,0,0,0,0,water
17159,8,7,-2.8,0.235619023211237,0.362298224101068,0.27973786099976,0,0,0,0,0,0,0,0,0,water
17161,1,2,-1.1,0.498265941398707,0.405980548898901,0.150875607333724,0,0,0,0,0,0,0,0,0,water
17163,1,1,-2.3,0.175301758831936,0.385740502858327,0.160812629032135,0,0,0,0,0,0,0,0,0,water
17165,8,7,-3.9,0.343114336203995,0.430578837554016,0.333442141536409,0,0,0,0,0,0,0,0,0,water
17167,1,3,-1,0.521365563417725,0.369232661899245,0.176989097106035,0,0,0,0,0,0,0,0,0,water
17169,4,9,-1.7,0.730674186766431,0.405782738574221,0.470982016417817,0,0,0,0,0,0,0,0,0,water
17171,4,9,-3.8,0.387967546672684,0.322549753125539,0.472037892555069,0,0,0,0,0,0,0,0,0,water
17173,8,8,-1.7,0.678860090235955,0.358157815699444,0.38306970139712,0,0,0,0,0,0,0,0,0,water
17175,8,2,-2.2,0.432325963329427,0.37251528195336,0.533010597825097,0,0,0,0,0,0,0,0,0,water
17177,8,4,-3.3,0.26829141794672,0.423507076438161,0.290496469774944,0,0,0,0,0,0,0,0,0,water
17179,1,2,-1.1,0.499776226729548,0.329715719944422,0.185673901165667,0,0,0,0,0,0,0,0,0,water
17181,4,6,-2.4,0.635573607362159,0.441504765795168,0.327995573937675,0,0,0,0,0,0,0,0,0,water
17183,8,4,-3.9,0.241965228159152,0.42996653664151,0.251726291775937,0,0,0,0,0,0,0,0,0,water
17185,8,7,-3,0.226514417379317,0.442712974573317,0.253188339708733,0,0,0,0,0,0,0,0,0,water
17187,8,6,-3.7,0.248974744776621,0.347541350562646,0.317992333178173,0,0,0,0,0,0,0,0,0,water
17189,8,8,-1.4,0.410343851457695,0.319487518879675,0.46246059998259,0,0,0,0,0,0,0,0,0,water
17191,8,9,-1.4,0.683435369473142,0.439923230308235,0.382188696590128,0,0,0,0,0,0,0,0,0,water
17193,8,6,-3,0.313073294029514,0.462967156700725,0.355566609800249,0,0,0,0,0,0,0,0,0,water
17195,8,4,-1.7,0.244530417252231,0.369356240498315,0.261392131791157,0,0,0,0,0,0,0,0,0,water
17197,1,1,1.7,0.469757572432151,0.244616513820888,0.127958526561523,0,0,0,0,0,0,0,0,0,water
17199,8,5,-0.1,0.251209136129744,0.3890701332556,0.248041993396691,0,0,0,0,0,0,0,0,0,water
17201,1,2,-0.4,0.50662280370914,0.42344442299837,0.144088251446609,0,0,0,0,0,0,0,0,0,water
17203,8,2,-0.3,0.640038778634668,0.299376953051899,0.370965616779828,0,0,0,0,0,0,0,0,0,water
18001,8,6,2,0.731092519329234,0.34467715760347,0.362917519376388,0,0,0,0,0,0,0,0,0,water
18003,1,2,3.4,0.14884051987867,0.352228012206452,0.155036950104282,0,0,0,0,0,0,0,0,0,water
18005,1,3,3.1,0.207666035287341,0.334496814807301,0.214111015838161,0,0,0,0,0,0,0,0,0,water
18007,8,3,1.7,0.768749085794903,0.353798784126448,0.515791749247469,0,0,0,0,0,0,0,0,0,water
18009,4,6,-2.4,0.292795938255113,0.455105569927213,0.279212424116516,0,0,0,0,0,0,0,0,0,water
18011,1,1,10.7,0.505820319439995,0.221132860029225,0.204578178962893,0,0,0,0,0,0,0,0,0,water
18013,8,1,1.1,0.470491863024241,0.372947464405675,0.448970292436015,0,0,0,0,0,0,0,0,0,water
18015,8,3,2,0.379071130725781,0.331555456293396,0.457881236370386,0,0,0,0,0,0,0,0,0,water
18017,8,4,-0.6,0.256121377420639,0.3757043849706,0.269046346432101,0,0,0,0,0,0,0,0,0,water
18019,3,1,5,0.497295858919978,0.313456276317267,0.182564252001711,0,0,0,0,0,0,0,0,0,water
18021,8,3,0,0.264978608428176,0.326011038530245,0.312704988782832,0,0,0,0,0,0,0,0,0,water
18023,8,6,-0.8,0.590891174261058,0.308236528867986,0.291866916903319,0,0,0,0,0,0,0,0,0,water
18025,4,8,0,0.454843906407559,0.46986126164625,0.448291863134321,0,0,0,0,0,0,0,0,0,water
18027,8,7,2.2,0.329195179437013,0.326131154660664,0.347498936129214,0,0,0,0,0,0,0,0,0,water
18029,8,1,1.3,0.283950168143987,0.286200035277557,0.311355825215179,0,0,0,0,0,0,0,0,0,water
18031,8,6,-0.2,0.581809364954502,0.312631545281765,0.289118475988401,0,0,0,0,0,0,0,0,0,water
18033,8,4,2.4,0.255000713716514,0.32419994538094,0.289375713448084,0,0,0,0,0,0,0,0,0,water
18035,3,3,1.1,0.563904905562035,0.462201535681823,0.188976325756511,0,0,0,0,0,0,0,0,0,water
18037,8,5,0,0.244826907316964,0.32938342992928,0.27858028081413,0,0,0,0,0,0,0,0,0,water
18039,1,3,0.2,0.194917357465972,0.36816012745896,0.192692847837764,0,0,0,0,0,0,0,0,0,water
18041,4,6,-0.1,0.255787237303987,0.434128048449936,0.239841704489276,0,0,0,0,0,0,0,0,0,water
18043,1,1,1.8,0.191315091228974,0.310892070930061,0.224299597585171,0,0,0,0,0,0,0,0,0,water
18045,8,8,2.1,0.422861219930631,0.362349006319824,0.465024595548073,0,0,0,0,0,0,0,0,0,water
18047,8,1,1.5,0.366901367370058,0.32153870037257,0.415176562424166,0,0,0,0,0,0,0,0,0,water
18049,8,7,-2.3,0.314841884008932,0.394243221467488,0.331282186583342,0,0,0,0,0,0,0,0,0,water
18051,4,6,-0.1,0.345164747939238,0.330883802128563,0.365338218489524,0,0,0,0,0,0,0,0,0,water
18053,3,4,-0.1,0.252682656040486,0.44630121882077,0.240651599987191,0,0,0,0,0,0,0,0,0,water
18055,8,6,1.3,0.401353160606693,0.390111650858692,0.393636873139853,0,0,0,0,0,0,0,0,0,water
18057,1,1,8.8,0.427635226014632,0.17953007855112,0.133537257902317,0,0,0,0,0,0,0,0,0,water
18059,1,1,10.8,0.155296409850292,0.237505807382456,0.206914018154154,0,0,0,0,0,0,0,0,0,water
18061,8,1,0.8,0.355304834624357,0.288293339764369,0.402125036543835,0,0,0,0,0,0,0,0,0,water
18063,1,1,8.5,0.128592539273005,0.220065085438681,0.163152864427319,0,0,0,0,0,0,0,0,0,water
18065,8,6,0.3,0.29663899063663,0.368749314760296,0.319555211246913,0,0,0,0,0,0,0,0,0,water
18067,10,3,0.6,0.181786891213153,0.379845621014608,0.196910310785139,0,0,0,0,0,0,0,0,0,water
18069,8,6,0.8,0.258841015126353,0.340498257106398,0.288926586165548,0,0,0,0,0,0,0,0,0,water
18071,8,4,2,0.252170208453017,0.308207052081383,0.291824155933751,0,0,0,0,0,0,0,0,0,water
18073,8,1,1.5,0.679712618826124,0.277494562179719,0.399288825212971,0,0,0,0,0,0,0,0,0,water
18075,8,6,-1.5,0.333637512258823,0.387839741111721,0.401354363065179,0,0,0,0,0,0,0,0,0,water
18077,3,6,-0.5,0.263393560358116,0.369081019103753,0.267786210995369,0,0,0,0,0,0,0,0,0,water
18079,8,6,0.2,0.364291051311271,0.340327663809071,0.363189087983735,0,0,0,0,0,0,0,0,0,water
18081,1,1,5.1,0.133868221157857,0.286081116361889,0.153441373391593,0,0,0,0,0,0,0,0,0,water
18083,3,7,-1.1,0.262485624845791,0.372576156741231,0.284040228983967,0,0,0,0,0,0,0,0,0,water
18085,1,4,0.6,0.590510818470481,0.328137201437305,0.279118870714254,0,0,0,0,0,0,0,0,0,water
18087,8,8,1.5,0.429813565035176,0.258860501912051,0.467846835635767,0,0,0,0,0,0,0,0,0,water
18089,1,1,0.8,0.490104354955718,0.402612303931137,0.127017889787016,0,0,0,0,0,0,0,0,0,water
18091,10,3,-0.8,0.572791651894964,0.372292538624298,0.233856375926815,0,0,0,0,0,0,0,0,0,water
18093,8,6,0.4,0.655864714435823,0.358328511244537,0.340181707657251,0,0,0,0,0,0,0,0,0,water
18095,10,1,3.1,0.546981452121366,0.388451312259006,0.196663758989152,0,0,0,0,0,0,0,0,0,water
18097,5,1,0.5,0.165554050216942,0.412647710965824,0.114320401905084,0,0,0,0,0,0,0,0,0,water
18099,8,6,0.8,0.345169361640922,0.345293051215703,0.360796606602603,0,0,0,0,0,0,0,0,0,water
18101,4,9,0.6,0.449554281561473,0.403370559155761,0.461908140097618,0,0,0,0,0,0,0,0,0,water
18103,8,6,-0.8,0.24189273212159,0.386626127868002,0.281145858912093,0,0,0,0,0,0,0,0,0,water
18105,5,3,0,0.269967433147238,0.474974091738213,0.18246992717886,0,0,0,0,0,0,0,0,0,water
18107,8,6,1.8,0.610511074124879,0.355949708453391,0.289440913375244,0,0,0,0,0,0,0,0,0,water
18109,8,1,2.8,0.27485634369897,0.313266464527924,0.294751092802574,0,0,0,0,0,0,0,0,0,water
18111,10,1,2.5,0.419741023217311,0.39486101100634,0.459960958606532,0,0,0,0,0,0,0,0,0,water
18113,8,6,0.7,0.333932099641658,0.30314232977102,0.375864792029161,0,0,0,0,0,0,0,0,0,water
18115,4,1,1.2,0.753254194597618,0.324433463983231,0.444135653744156,0,0,0,0,0,0,0,0,0,water
18117,8,8,-0.1,0.409675176759278,0.381551043213672,0.454309290730721,0,0,0,0,0,0,0,0,0,water
18119,8,3,2.5,0.443737776427367,0.376248309316015,0.447231766402876,0,0,0,0,0,0,0,0,0,water
18121,8,8,2.1,0.797975971790379,0.395162282929594,0.443755065927789,0,0,0,0,0,0,0,0,0,water
18123,8,7,0.9,0.619946909903672,0.375109370854729,0.300289498902856,0,0,0,0,0,0,0,0,0,water
18125,4,8,-1.1,0.409214953931698,0.360656926476209,0.448824459315347,0,0,0,0,0,0,0,0,0,water
18127,1,1,1.5,0.189678197892485,0.313752475586954,0.189647811996193,0,0,0,0,0,0,0,0,0,water
18129,8,2,-0.5,0.650754927859535,0.332491344229971,0.355751136807621,0,0,0,0,0,0,0,0,0,water
18131,8,8,-0.8,0.739938481424661,0.389993299824602,0.457249100526788,0,0,0,0,0,0,0,0,0,water
18133,8,6,3.1,0.321843514742065,0.276257442548636,0.356023626505481,0,0,0,0,0,0,0,0,0,water
18135,8,6,-0.3,0.318094959101555,0.378145218298766,0.339398444006018,0,0,0,0,0,0,0,0,0,water
18137,8,6,0.8,0.737792350545781,0.347443031986078,0.390833871541006,0,0,0,0,0,0,0,0,0,water
18139,8,6,-0.1,0.312224268164994,0.398159448148446,0.323097871126645,0,0,0,0,0,0,0,0,0,water
18141,1,2,0.4,0.158668318605628,0.392894417652593,0.144477277519753,0,0,0,0,0,0,0,0,0,water
18143,4,6,1.5,0.358972550461875,0.387835934200026,0.340356817625837,0,0,0,0,0,0,0,0,0,water
18145,8,1,1.3,0.276182730664734,0.363124363278434,0.293499922535695,0,0,0,0,0,0,0,0,0,water
18147,8,8,1.8,0.399223807233542,0.302717523160532,0.450338951720247,0,0,0,0,0,0,0,0,0,water
18149,10,8,0.3,0.432790130780835,0.387387425780149,0.467639592918087,0,0,0,0,0,0,0,0,0,water
18151,8,7,1.2,0.629561809072766,0.346134960257811,0.32584459762219,0,0,0,0,0,0,0,0,0,water
18153,8,3,-0.2,0.386455391196081,0.384742107262473,0.369657704539655,0,0,0,0,0,0,0,0,0,water
18155,4,8,2.5,0.443579361224018,0.335550266765576,0.444569593569733,0,0,0,0,0,0,0,0,0,water
18157,3,3,2.8,0.541537077996765,0.44819627917936,0.164607460831599,0,0,0,0,0,0,0,0,0,water
18159,8,1,-0.4,0.256404238856672,0.305451355613435,0.383289760681811,0,0,0,0,0,0,0,0,0,water
18161,4,8,-2.8,0.419964625157325,0.295718102270876,0.449840508976368,0,0,0,0,0,0,0,0,0,water
18163,3,2,0,0.164435819126722,0.413353325662676,0.13797358608377,0,0,0,0,0,0,0,0,0,water
18165,8,3,0.8,0.28390808065656,0.367234779130781,0.305721634711995,0,0,0,0,0,0,0,0,0,water
18167,3,3,0,0.23279677965116,0.487142793818211,0.195074310391573,0,0,0,0,0,0,0,0,0,water
18169,8,6,-0.5,0.592884170444176,0.346303420335911,0.288283837081518,0,0,0,0,0,0,0,0,0,water
18171,4,3,0.3,0.750803159577829,0.342332038280777,0.461035125202065,0,0,0,0,0,0,0,0,0,water
18173,1,2,3.7,0.495614940531778,0.258347530588061,0.202534195920527,0,0,0,0,0,0,0,0,0,water
18175,8,1,0.4,0.354418599894281,0.380377956233356,0.38791667998547,0,0,0,0,0,0,0,0,0,water
18177,3,5,-0.2,0.256502128608925,0.437313953844653,0.238472737151818,0,0,0,0,0,0,0,0,0,water
18179,8,2,2.3,0.295202865241071,0.302087592176014,0.338196722188556,0,0,0,0,0,0,0,0,0,water
18181,8,6,0.6,0.632727393013179,0.368358120687561,0.322160851920531,0,0,0,0,0,0,0,0,0,water
18183,8,2,1.6,0.288986148321978,0.312503902869568,0.350217916947778,0,0,0,0,0,0,0,0,0,water
19001,8,8,-0.8,0.42550941648698,0.380313534877584,0.467926301756067,0,0,0,0,0,0,0,0,0,water
19003,8,9,-2.8,0.412378899117489,0.372553258657436,0.475088853587414,0,0,0,0,0,0,0,0,0,water
19005,8,8,0.8,0.422465897772404,0.389588790415959,0.5066385649821,0,0,0,0,0,0,0,0,0,water
19007,8,7,-1.4,0.342695861813013,0.4990721791413,0.30222926492512,0,0,0,0,0,0,0,0,0,water
19009,8,9,-2.1,0.419756309408294,0.41702842730732,0.595444331438274,0,0,0,0,0,0,0,0,0,water
19011,8,2,1,0.330186613904849,0.280689179006726,0.393170136108046,0,0,0,0,0,0,0,0,0,water
19013,8,3,1,0.185587992077247,0.409917536286225,0.155415271623715,0,0,0,0,0,0,0,0,0,water
19015,8,3,0.1,0.573378254409823,0.297118480143026,0.290877029781982,0,0,0,0,0,0,0,0,0,water
19017,8,3,1.3,0.284858859900449,0.285887194652187,0.329847618348865,0,0,0,0,0,0,0,0,0,water
19019,8,6,0.6,0.324664694973537,0.28343914002727,0.352225083876875,0,0,0,0,0,0,0,0,0,water
19021,8,7,0,0.249406475507531,0.30918476070267,0.318147491993536,0,0,0,0,0,0,0,0,0,water
19023,8,8,-1.2,0.429759576884461,0.350676457071092,0.461440690348385,0,0,0,0,0,0,0,0,0,water
19025,8,9,-1.9,0.733988432683669,0.333129627162586,0.493734305655123,0,0,0,0,0,0,0,0,0,water
19027,8,7,-1.6,0.595394597658398,0.337507142128442,0.307894777279013,0,0,0,0,0,0,0,0,0,water
19029,8,6,-0.7,0.612304077565025,0.455538462179727,0.287054589041929,0,0,0,0,0,0,0,0,0,water
19031,8,8,-1.4,0.751105320721255,0.311306486556442,0.452556023994257,0,0,0,0,0,0,0,0,0,water
19033,8,5,-1.2,0.160056872334555,0.364422027717912,0.18099614636012,0,0,0,0,0,0,0,0,0,water
19035,8,9,0,0.276733312157507,0.408125480067247,0.354550222763871,0,0,0,0,0,0,0,0,0,water
19037,8,8,-2.2,0.744609466141782,0.326004172858746,0.458444032832279,0,0,0,0,0,0,0,0,0,water
19039,8,6,-2.1,0.294056723905168,0.367619901697529,0.274141050788449,0,0,0,0,0,0,0,0,0,water
19041,8,7,0.8,0.205979928226902,0.370583013316885,0.241813899104755,0,0,0,0,0,0,0,0,0,water
19043,8,8,-0.6,0.442685181969839,0.42495154074304,0.464355899743519,0,0,0,0,0,0,0,0,0,water
19045,8,4,-0.9,0.203518926855931,0.388309728299613,0.214728802561417,0,0,0,0,0,0,0,0,0,water
19047,8,7,-0.7,0.273108390820453,0.366182084238487,0.318104222165126,0,0,0,0,0,0,0,0,0,water
19049,1,2,14.7,0.149760223049943,0.206282063492602,0.183183933694559,0,0,0,0,0,0,0,0,0,water
19051,8,9,0.9,0.433143782152402,0.283735000568195,0.447298676442499,0,0,0,0,0,0,0,0,0,water
19053,8,9,-1,0.788780304254703,0.430832046574369,0.446076241857815,0,0,0,0,0,0,0,0,0,water
19055,8,8,0.9,0.342886374560313,0.340517981649503,0.379112780632099,0,0,0,0,0,0,0,0,0,water
19057,8,5,-1.1,0.221123800205879,0.440284949820373,0.2020532821811,0,0,0,0,0,0,0,0,0,water
19059,8,7,2.2,0.190741553081947,0.366272306303513,0.212214526273345,0,0,0,0,0,0,0,0,0,water
19061,8,3,-0.1,0.225015662052542,0.3485409409266,0.221005298971361,0,0,0,0,0,0,0,0,0,water
19063,8,7,-1.9,0.262456146038734,0.371071879366384,0.281257239941105,0,0,0,0,0,0,0,0,0,water
19065,8,6,-1.5,0.336831064345815,0.422318713793705,0.363961949438685,0,0,0,0,0,0,0,0,0,water
19067,8,7,-3.8,0.249788109547694,0.366852798571942,0.322621550000648,0,0,0,0,0,0,0,0,0,water
19069,8,9,0.3,0.383226988014214,0.343762079116209,0.513495577579321,0,0,0,0,0,0,0,0,0,water
19071,8,8,-1.1,0.418505772905344,0.323256180150899,0.489364586328395,0,0,0,0,0,0,0,0,0,water
19073,8,8,-1,0.447800252015463,0.402147173412822,0.479717204932989,0,0,0,0,0,0,0,0,0,water
19075,8,3,0.5,0.389005979516612,0.287269444070727,0.511635782308917,0,0,0,0,0,0,0,0,0,water
19077,8,2,1.5,0.436019031184934,0.348838382876845,0.51246543960316,0,0,0,0,0,0,0,0,0,water
19079,8,6,-1,0.222905778161019,0.33699569638861,0.312668633924273,0,0,0,0,0,0,0,0,0,water
19081,8,9,-1.3,0.409716680122604,0.376228738758823,0.476800315981134,0,0,0,0,0,0,0,0,0,water
19083,8,6,-2.2,0.33146105940156,0.365612985613558,0.367611175608752,0,0,0,0,0,0,0,0,0,water
19085,8,2,0.4,0.431155760453994,0.314374703849827,0.46684783799485,0,0,0,0,0,0,0,0,0,water
19087,8,6,-5.3,0.262981706299265,0.378459540793432,0.30311587875029,0,0,0,0,0,0,0,0,0,water
19089,8,8,-1.4,0.398176502631341,0.331367667369851,0.519691865285487,0,0,0,0,0,0,0,0,0,water
19091,8,7,0.2,0.220426310036102,0.38115843812478,0.281975194004964,0,0,0,0,0,0,0,0,0,water
19093,8,8,-3.1,0.397922503075823,0.346011145226942,0.485917136844799,0,0,0,0,0,0,0,0,0,water
19095,8,8,-1.4,0.748843948225208,0.335717196030939,0.453201821156025,0,0,0,0,0,0,0,0,0,water
19097,8,6,-0.3,0.308525259614887,0.346270682017786,0.35279584956971,0,0,0,0,0,0,0,0,0,water
19099,8,2,0.8,0.275779867796446,0.316226224402322,0.308323329727392,0,0,0,0,0,0,0,0,0,water
19101,8,7,0.5,0.264425467379313,0.481038404742382,0.249550334102944,0,0,0,0,0,0,0,0,0,water
19103,5,3,4.6,0.555317381203598,0.408199293365186,0.16716028813205,0,0,0,0,0,0,0,0,0,water
19105,8,2,2.2,0.332907868223164,0.340996488640705,0.366513650427273,0,0,0,0,0,0,0,0,0,water
19107,8,8,-1.6,0.443750543715407,0.402222022347434,0.463425037201273,0,0,0,0,0,0,0,0,0,water
19109,8,7,-2.6,0.307097043640161,0.374865812314938,0.383143717163841,0,0,0,0,0,0,0,0,0,water
19111,8,7,-3.4,0.237495688346427,0.40600639061408,0.248394569918867,0,0,0,0,0,0,0,0,0,water
19113,1,2,0.6,0.143592432067041,0.326590050549348,0.15779391725552,0,0,0,0,0,0,0,0,0,water
19115,8,8,-1.8,0.446431718787188,0.29413991108523,0.46428933064938,0,0,0,0,0,0,0,0,0,water
19117,8,8,1.6,0.450927970505299,0.42690010097931,0.453764231913717,0,0,0,0,0,0,0,0,0,water
19119,8,8,3.8,0.410965222956606,0.303500933178335,0.501041582517896,0,0,0,0,0,0,0,0,0,water
19121,8,2,3.2,0.302431660998381,0.268122483968838,0.357966831700707,0,0,0,0,0,0,0,0,0,water
19123,8,7,-0.6,0.243151901624101,0.348684807464266,0.264253637830652,0,0,0,0,0,0,0,0,0,water
19125,8,6,1.9,0.257387825085081,0.309665543892513,0.267877488847335,0,0,0,0,0,0,0,0,0,water
19127,8,4,0.8,0.229367430795523,0.335088648717162,0.220014254611039,0,0,0,0,0,0,0,0,0,water
19129,8,2,2.1,0.63828804287938,0.284350377057349,0.333190307709973,0,0,0,0,0,0,0,0,0,water
19131,8,9,0.4,0.400730930581441,0.334252292760546,0.461483687918681,0,0,0,0,0,0,0,0,0,water
19133,8,8,-3.6,0.414706609333171,0.381043837692376,0.476344535891217,0,0,0,0,0,0,0,0,0,water
19135,8,9,-2.9,0.428148456476564,0.33316069401315,0.447838666379743,0,0,0,0,0,0,0,0,0,water
19137,8,6,-2.6,0.24823954025,0.397045175785114,0.271597653256328,0,0,0,0,0,0,0,0,0,water
19139,8,4,-2.4,0.246261416123129,0.359924712976281,0.253454149721842,0,0,0,0,0,0,0,0,0,water
19141,8,7,0.8,0.321980516047938,0.370514899346947,0.382138894312632,0,0,0,0,0,0,0,0,0,water
19143,8,9,-2.6,0.411979376165145,0.399251054779517,0.683251402680683,0,0,0,0,0,0,0,0,0,water
19145,8,6,-1.1,0.547137399852914,0.422863805270388,0.234765077455442,0,0,0,0,0,0,0,0,0,water
19147,8,9,-2,0.39868484655472,0.339724135447926,0.539330993102181,0,0,0,0,0,0,0,0,0,water
19149,8,6,0.5,0.273072049915974,0.278636585693207,0.335327453544158,0,0,0,0,0,0,0,0,0,water
19151,8,9,-0.9,0.402259220707577,0.359444811705268,0.489789795944024,0,0,0,0,0,0,0,0,0,water
19153,5,2,4.7,0.135854498551101,0.312274824910933,0.126266795586344,0,0,0,0,0,0,0,0,0,water
19155,8,2,-0.1,0.199138152216106,0.351992321399846,0.203552355052,0,0,0,0,0,0,0,0,0,water
19157,8,6,-0.9,0.309420267258158,0.409617797818246,0.290690908067094,0,0,0,0,0,0,0,0,0,water
19159,8,9,-0.8,0.396565107275726,0.328324429878851,0.478721486683456,0,0,0,0,0,0,0,0,0,water
19161,8,9,-2.7,0.749103622970181,0.341642878126007,0.490926994010138,0,0,0,0,0,0,0,0,0,water
19163,1,2,0.6,0.155861667071019,0.33969313607274,0.156794192694307,0,0,0,0,0,0,0,0,0,water
19165,8,8,0.8,0.28118146037348,0.360866098804116,0.352387708684133,0,0,0,0,0,0,0,0,0,water
19167,8,6,1.8,0.26485607490301,0.272618914391483,0.380409027178746,0,0,0,0,0,0,0,0,0,water
19169,5,3,3.9,0.255626262325313,0.424511638383013,0.197856633988336,0,0,0,0,0,0,0,0,0,water
19171,8,6,-1.8,0.344602038373719,0.378799359785099,0.357871775999121,0,0,0,0,0,0,0,0,0,water
19173,8,9,-0.6,0.39403926979716,0.33842112354603,0.505570409643022,0,0,0,0,0,0,0,0,0,water
19175,8,6,-1.4,0.214870487771792,0.39311324459813,0.243005950773418,0,0,0,0,0,0,0,0,0,water
19177,8,9,0,0.449789045476695,0.394458362557675,0.447427204154111,0,0,0,0,0,0,0,0,0,water
19179,8,5,1,0.248010390292136,0.439272225550969,0.208868554703768,0,0,0,0,0,0,0,0,0,water
19181,8,2,7.1,0.23793923893719,0.230658424977241,0.273448500114683,0,0,0,0,0,0,0,0,0,water
19183,8,3,0.4,0.304043282277084,0.327341837391119,0.36149923326425,0,0,0,0,0,0,0,0,0,water
19185,8,9,1.8,0.437045456544836,0.426492713485645,0.447673832046752,0,0,0,0,0,0,0,0,0,water
19187,8,5,-0.2,0.560331155272223,0.36699873731603,0.234300354536759,0,0,0,0,0,0,0,0,0,water
19189,8,9,-2.6,0.397088135673143,0.359087241900215,0.512628624292639,0,0,0,0,0,0,0,0,0,water
19191,8,7,-1.6,0.288900354727732,0.330411132256733,0.323860357551637,0,0,0,0,0,0,0,0,0,water
19193,8,3,1.2,0.174849454032757,0.367100445155746,0.16896234767392,0,0,0,0,0,0,0,0,0,water
19195,8,9,-1.7,0.399478601735191,0.299520412717079,0.463864712587319,0,0,0,0,0,0,0,0,0,water
19197,8,9,-1.5,0.38801295427263,0.372946279623904,0.590174277782742,0,0,0,0,0,0,0,0,0,water
20001,8,7,-0.9,0.618062985905667,0.371697077636314,0.295049878728107,0,0,0,0,0,0,0,0,0,water
20003,8,8,0.9,0.435937376538076,0.382649690969185,0.467857210291666,0,0,0,0,0,0,0,0,0,water
20005,8,6,-0.5,0.208881054415959,0.377387267551949,0.226722089274709,0,0,0,0,0,0,0,0,0,water
20007,8,9,-3.2,0.444955933289969,0.419520850221271,0.453416614763591,0,0,0,0,0,0,0,0,0,water
20009,8,7,-2.3,0.552433495109043,0.407257909314922,0.271360590920816,0,0,0,0,0,0,0,0,0,water
20011,8,6,0.6,0.615596162762207,0.361645484331458,0.283292236558764,0,0,0,0,0,0,0,0,0,water
20013,8,8,-3.6,0.411615014525685,0.404211093638261,0.444912177070051,0,0,0,0,0,0,0,0,0,water
20015,1,2,2.6,0.596007771252353,0.298882611799652,0.27073017013327,0,0,0,0,0,0,0,0,0,water
20017,8,8,-2.6,0.725529516539403,0.392824299573945,0.466276778970928,0,0,0,0,0,0,0,0,0,water
20019,8,9,-1.2,0.440704274999139,0.407733795581716,0.484830802003032,0,0,0,0,0,0,0,0,0,water
20021,8,3,-0.9,0.446292512054558,0.401868388156574,0.452716187288753,0,0,0,0,0,0,0,0,0,water
20023,8,9,1.3,0.421325572723865,0.431651158732809,0.500665146759389,0,0,0,0,0,0,0,0,0,water
20027,8,8,-1.9,0.265633750488368,0.410319210561115,0.310682918503151,0,0,0,0,0,0,0,0,0,water
20029,8,7,-3.3,0.237136411298751,0.370026560556934,0.275964673277295,0,0,0,0,0,0,0,0,0,water
20031,8,8,-0.7,0.417928793187266,0.348747791629907,0.455670832555488,0,0,0,0,0,0,0,0,0,water
20035,3,4,-1,0.221897863678086,0.395555699922237,0.220988427273809,0,0,0,0,0,0,0,0,0,water
20037,3,4,-0.1,0.284101811546844,0.460571732127362,0.25062105330574,0,0,0,0,0,0,0,0,0,water
20039,8,9,-1.1,0.387554258501111,0.398710953180588,0.498309052508881,0,0,0,0,0,0,0,0,0,water
20041,8,6,1.4,0.27901900736397,0.329531733667715,0.337369900097412,0,0,0,0,0,0,0,0,0,water
20043,8,3,1.4,0.68458936177497,0.368198713523992,0.355172973865435,0,0,0,0,0,0,0,0,0,water
20045,5,3,2.7,0.233878157845835,0.415335298667133,0.161037226749212,0,0,0,0,0,0,0,0,0,water
20047,6,9,-5.3,0.727913201536816,0.42277802621406,0.518109431486207,0,0,0,0,0,0,0,0,0,water
20049,4,8,-1.5,0.427626556822928,0.472029245933617,0.469492555510623,0,0,0,0,0,0,0,0,0,water
20051,8,5,0.2,0.548201099442296,0.424308111831643,0.194097706721345,0,0,0,0,0,0,0,0,0,water
20053,8,9,-0.9,0.40271770782934,0.341922695476616,0.455633383853733,0,0,0,0,0,0,0,0,0,water
20055,6,5,0.1,0.24233113603496,0.330629281355814,0.204677526955742,0,0,0,0,0,0,0,0,0,water
20057,6,5,-0.4,0.512385653069441,0.302053800420615,0.189685319814986,0,0,0,0,0,0,0,0,0,water
20059,8,6,1,0.603585262053676,0.342141831092416,0.293896878580045,0,0,0,0,0,0,0,0,0,water
20061,3,3,-3.6,0.525628992061749,0.415258280693667,0.150317110210593,0,0,0,0,0,0,0,0,0,water
20063,8,9,-2.1,0.423360405713718,0.345669458111547,0.535319625923596,0,0,0,0,0,0,0,0,0,water
20065,8,9,-1.5,0.736589828124051,0.406952034163766,0.478481040374524,0,0,0,0,0,0,0,0,0,water
20067,6,7,-3.1,0.178373163854761,0.24476368470768,0.349192071257837,0,0,0,0,0,0,0,0,0,water
20069,6,9,1.6,0.717836499416943,0.259613285123376,0.64587495798396,0,0,0,0,0,0,0,0,0,water
20073,8,8,-1.7,0.416354758621381,0.427145287573384,0.469054854138564,0,0,0,0,0,0,0,0,0,water
20075,6,9,0,0.390491386295738,0.223763272508045,0.595238876941881,0,0,0,0,0,0,0,0,0,water
20077,8,8,-1,0.768380096620648,0.414994438336904,0.46547721215563,0,0,0,0,0,0,0,0,0,water
20079,8,2,-1,0.237876245707109,0.330937569818388,0.24932994708434,0,0,0,0,0,0,0,0,0,water
20081,6,9,-4.5,0.437184944414393,0.323403915959977,0.757720867428233,0,0,0,0,0,0,0,0,0,water
20085,8,3,2.2,0.47843281511714,0.334060795493104,0.441236427812181,0,0,0,0,0,0,0,0,0,water
20087,8,3,0,0.719420616064623,0.282035252491863,0.443923096035765,0,0,0,0,0,0,0,0,0,water
20089,8,9,-1,0.74963803384647,0.421433626018741,0.486258859986673,0,0,0,0,0,0,0,0,0,water
20091,1,1,3.5,0.108889989712113,0.233011070053687,0.124593611505514,0,0,0,0,0,0,0,0,0,water
20093,6,9,-3.8,0.736964501928926,0.237913909089453,0.500711018962806,0,0,0,0,0,0,0,0,0,water
20095,8,8,-6.4,0.415758475591813,0.356778237510115,0.458436472155452,0,0,0,0,0,0,0,0,0,water
20099,8,7,-2.3,0.592944511073312,0.403400603826052,0.29804620387993,0,0,0,0,0,0,0,0,0,water
20103,1,1,3.3,0.206335717054229,0.292239113025515,0.220998864442192,0,0,0,0,0,0,0,0,0,water
20105,8,9,-0.6,0.77361919255904,0.420319493115736,0.48608818160904,0,0,0,0,0,0,0,0,0,water
20107,8,1,2.6,0.469442334188362,0.392271024701878,0.462543499907208,0,0,0,0,0,0,0,0,0,water
20109,8,9,-1.8,0.765568874425155,0.356086628950965,0.488454524819763,0,0,0,0,0,0,0,0,0,water
20111,3,4,1.3,0.226199158869451,0.410227375106649,0.198170472124922,0,0,0,0,0,0,0,0,0,water
20113,8,7,0.5,0.270468361481894,0.322065146801244,0.290482761722863,0,0,0,0,0,0,0,0,0,water
20115,8,8,-1,0.717952641277472,0.348123773547346,0.462165349909209,0,0,0,0,0,0,0,0,0,water
20117,8,8,-0.7,0.42892168866138,0.355708423951725,0.430656700832841,0,0,0,0,0,0,0,0,0,water
20119,6,9,-4.2,0.384385726377536,0.29679023193845,0.507191421005426,0,0,0,0,0,0,0,0,0,water
20121,8,1,4.4,0.362572079860713,0.307848133758594,0.365990776906825,0,0,0,0,0,0,0,0,0,water
20123,8,9,0.4,0.735953530602948,0.406543863151018,0.487778098644974,0,0,0,0,0,0,0,0,0,water
20125,3,7,-3,0.635666190811868,0.444876738236338,0.270518298832016,0,0,0,0,0,0,0,0,0,water
20127,8,8,-1.7,0.428377000761791,0.401216184929396,0.461496275335159,0,0,0,0,0,0,0,0,0,water
20129,6,9,-8.1,0.373465583265573,0.318633035765387,0.567885834695099,0,0,0,0,0,0,0,0,0,water
20131,8,9,-2,0.403838710588664,0.302145641505114,0.444951891372555,0,0,0,0,0,0,0,0,0,water
20133,8,7,-2.2,0.269505011557232,0.434756763616011,0.271439738525057,0,0,0,0,0,0,0,0,0,water
20135,6,9,-2.3,0.359576259077764,0.354966700414212,0.470179378496568,0,0,0,0,0,0,0,0,0,water
20137,8,9,-2.1,0.777953979262656,0.395298365971961,0.481344357777171,0,0,0,0,0,0,0,0,0,water
20139,8,3,0,0.420270452829806,0.344592924907638,0.447049197620851,0,0,0,0,0,0,0,0,0,water
20141,8,9,-4,0.735751150199931,0.379880444198639,0.457022934649283,0,0,0,0,0,0,0,0,0,water
20143,8,9,2.1,0.472470039999824,0.370953269526688,0.458928791548865,0,0,0,0,0,0,0,0,0,water
20145,8,9,-3.8,0.532933956294333,0.371314632611716,0.287690769246692,0,0,0,0,0,0,0,0,0,water
20147,8,9,-4.6,0.425531857298044,0.395007219643857,0.493337746021856,0,0,0,0,0,0,0,0,0,water
20149,8,3,5.7,0.662247916479335,0.261268323280152,0.330729864554663,0,0,0,0,0,0,0,0,0,water
20151,8,7,0,0.518198821081716,0.351977005380314,0.261272574514615,0,0,0,0,0,0,0,0,0,water
20153,8,9,-5.5,0.448770185427571,0.405017194705824,0.507139749123478,0,0,0,0,0,0,0,0,0,water
20155,8,4,-0.8,0.552761501187185,0.393870840458375,0.221297756034163,0,0,0,0,0,0,0,0,0,water
20157,8,9,-1.3,0.760217912215361,0.414875288605297,0.469962398050824,0,0,0,0,0,0,0,0,0,water
20159,8,9,-1.1,0.731808361420187,0.311938516442299,0.513628002462452,0,0,0,0,0,0,0,0,0,water
20161,5,3,0.8,0.224332182942573,0.466223427515701,0.143654521523223,0,0,0,0,0,0,0,0,0,water
20163,8,9,-2.8,0.713889744403593,0.312239299159183,0.451714974419579,0,0,0,0,0,0,0,0,0,water
20165,8,9,-4.6,0.740024595553569,0.384888223445201,0.460373039232753,0,0,0,0,0,0,0,0,0,water
20167,8,9,-0.8,0.251365728983303,0.466841327504469,0.251535590961611,0,0,0,0,0,0,0,0,0,water
20169,8,5,-1.5,0.16430880844326,0.388057590063442,0.158655732212902,0,0,0,0,0,0,0,0,0,water
20171,6,9,-4.3,0.412314216748862,0.319544730788151,0.640516505641386,0,0,0,0,0,0,0,0,0,water
20173,5,2,2.1,0.15332630390977,0.375072813507252,0.135874472189267,0,0,0,0,0,0,0,0,0,water
20175,6,7,-2.7,0.147984527413906,0.357948840016766,0.160768771966429,0,0,0,0,0,0,0,0,0,water
20177,3,3,-0.4,0.185693576918788,0.386061506530042,0.167177786752917,0,0,0,0,0,0,0,0,0,water
20179,8,9,-1.9,0.396312575192025,0.331461772198978,0.476373039297402,0,0,0,0,0,0,0,0,0,water
20181,8,9,-1.8,0.225799444876271,0.373250408576659,0.223253471272796,0,0,0,0,0,0,0,0,0,water
20183,8,9,-0.5,0.704731614916556,0.37801303372348,0.472643612888772,0,0,0,0,0,0,0,0,0,water
20185,8,9,-3.7,0.41010801296882,0.337264273509755,0.550381281878515,0,0,0,0,0,0,0,0,0,water
20187,6,9,-0.7,0.359679591899321,0.354179670493973,0.654397743983834,0,0,0,0,0,0,0,0,0,water
20189,6,9,-4,0.465889344485056,0.403294247764124,0.585818252234042,0,0,0,0,0,0,0,0,0,water
20191,8,2,0.1,0.629304092320806,0.361857262211147,0.337402016833111,0,0,0,0,0,0,0,0,0,water
20193,8,7,-1.7,0.17630503185256,0.315837261487695,0.257371131266235,0,0,0,0,0,0,0,0,0,water
20195,8,9,-1.1,0.367458120909235,0.313308695664123,0.476043282569875,0,0,0,0,0,0,0,0,0,water
20197,8,3,3.2,0.393594990999992,0.308962718074108,0.469860600841044,0,0,0,0,0,0,0,0,0,water
20201,8,9,0.8,0.730357068509089,0.340140973643748,0.519224283133545,0,0,0,0,0,0,0,0,0,water
20203,6,9,-3.6,0.434594938166601,0.394800724105234,0.66872881917819,0,0,0,0,0,0,0,0,0,water
20205,8,9,-2.2,0.470291102515411,0.44428120734266,0.45323552815759,0,0,0,0,0,0,0,0,0,water
20207,8,9,0.4,0.73302663524834,0.415558313109253,0.475281152018944,0,0,0,0,0,0,0,0,0,water
20209,3,1,0.3,0.195704201629538,0.421323703039278,0.128574438107022,0,0,0,0,0,0,0,0,0,water
21001,4,7,1.9,0.365696764332124,0.436350282345206,0.359034413612049,0,0,0,0,0,0,0,0,0,water
21003,4,3,7.1,0.422777775934158,0.384263970849332,0.375092023649554,0,0,0,0,0,0,0,0,0,water
21005,8,6,4.1,0.229452774955437,0.33064275568116,0.253082943892656,0,0,0,0,0,0,0,0,0,water
21007,4,3,-1.1,0.421202494334177,0.375013301561478,0.480663360382101,0,0,0,0,0,0,0,0,0,water
21009,4,6,2.5,0.368472239157779,0.489309142951449,0.317648093789601,0,0,0,0,0,0,0,0,0,water
21011,4,8,1.8,0.763577620491304,0.436998188610787,0.443462865922779,0,0,0,0,0,0,0,0,0,water
21013,4,7,-3.9,0.337335682744398,0.548117603534278,0.308904537091554,0,0,0,0,0,0,0,0,0,water
21015,1,1,5.6,0.119169370305102,0.244062580646434,0.149057331597535,0,0,0,0,0,0,0,0,0,water
21017,3,2,0.2,0.300890320452737,0.448174706110739,0.289525721892505,0,0,0,0,0,0,0,0,0,water
21019,10,2,-0.9,0.185998941991098,0.433813950787818,0.189821741646782,0,0,0,0,0,0,0,0,0,water
21021,3,7,2.1,0.259585579483711,0.418716333861007,0.228344438262598,0,0,0,0,0,0,0,0,0,water
21023,4,1,1.1,0.423952382942429,0.422238164836076,0.442558530659517,0,0,0,0,0,0,0,0,0,water
21025,4,9,-6.5,0.810931430256045,0.505959930964608,0.443800398410799,0,0,0,0,0,0,0,0,0,water
21027,4,8,3.8,0.416585571199058,0.42826294272417,0.450619818136591,0,0,0,0,0,0,0,0,0,water
21029,8,1,4.2,0.203021074900012,0.310741387208935,0.208670375023214,0,0,0,0,0,0,0,0,0,water
21031,4,3,1.9,0.408977972916122,0.422767300730058,0.453761604033996,0,0,0,0,0,0,0,0,0,water
21033,8,7,-0.2,0.270299641234679,0.407982028569168,0.282518954742578,0,0,0,0,0,0,0,0,0,water
21035,3,7,3.7,0.302172705125913,0.45280493465001,0.276337107136846,0,0,0,0,0,0,0,0,0,water
21037,1,1,0.9,0.199764306575514,0.358890776055563,0.167851655612517,0,0,0,0,0,0,0,0,0,water
21039,4,3,-0.6,0.43720683249767,0.366238042620695,0.515972576950072,0,0,0,0,0,0,0,0,0,water
21041,4,6,2.5,0.320512683188735,0.402934693394995,0.275109297368846,0,0,0,0,0,0,0,0,0,water
21043,4,2,-1.9,0.376525116188136,0.444253265772253,0.375252714823226,0,0,0,0,0,0,0,0,0,water
21045,4,9,0.2,0.443288004445433,0.498231247459863,0.443527723707696,0,0,0,0,0,0,0,0,0,water
21047,3,2,-2.4,0.256390520619165,0.443009964569888,0.211271998622448,0,0,0,0,0,0,0,0,0,water
21049,3,2,1.7,0.224089594646553,0.364697110433671,0.208373798241634,0,0,0,0,0,0,0,0,0,water
21051,4,9,-3.5,0.483253698686765,0.537619540545707,0.443694587964987,0,0,0,0,0,0,0,0,0,water
21053,4,9,-0.5,0.442264535009532,0.477293428357258,0.45862566801872,0,0,0,0,0,0,0,0,0,water
21055,4,8,-0.2,0.452473520445605,0.41784918945483,0.448384686498016,0,0,0,0,0,0,0,0,0,water
21057,4,9,3.2,0.795735451287351,0.610184154613426,0.447087603691895,0,0,0,0,0,0,0,0,0,water
21059,3,3,1,0.221053667480143,0.389479454347067,0.200252093024967,0,0,0,0,0,0,0,0,0,water
21061,4,3,4,0.72478238508589,0.391899530257733,0.448223174146338,0,0,0,0,0,0,0,0,0,water
21063,4,8,-1,0.436588834263054,0.51203419014156,0.44400864365327,0,0,0,0,0,0,0,0,0,water
21065,4,8,-1.1,0.374535350154187,0.488584137569747,0.348165505408681,0,0,0,0,0,0,0,0,0,water
21067,5,2,2.1,0.168398982060017,0.408210386671619,0.127745305116432,0,0,0,0,0,0,0,0,0,water
21069,4,9,3.3,0.444393098106658,0.456509230138516,0.44757866964796,0,0,0,0,0,0,0,0,0,water
21071,4,7,-3.5,0.735263685785204,0.533734102130201,0.371582642857425,0,0,0,0,0,0,0,0,0,water
21073,3,4,1.6,0.212003921697432,0.392898274727966,0.19993175592581,0,0,0,0,0,0,0,0,0,water
21075,2,9,-3.5,0.695813276536145,0.53075864652283,0.335632022882516,0,0,0,0,0,0,0,0,0,water
21077,4,1,1.5,0.454155734193078,0.353747399224045,0.443248191701752,0,0,0,0,0,0,0,0,0,water
21081,4,1,2.8,0.763859332909577,0.334463311097878,0.441964830789538,0,0,0,0,0,0,0,0,0,water
21083,3,6,0.8,0.334646032715183,0.461109608859139,0.348790852751803,0,0,0,0,0,0,0,0,0,water
21085,4,6,2.3,0.376422656724937,0.441660929162994,0.364388242277337,0,0,0,0,0,0,0,0,0,water
21087,4,8,3.8,0.437945666845181,0.483854934771555,0.440998741897093,0,0,0,0,0,0,0,0,0,water
21089,10,2,-1.7,0.234283745340839,0.407319994328873,0.252613732401328,0,0,0,0,0,0,0,0,0,water
21091,4,8,-1,0.384358155722139,0.389242340685514,0.420060471369856,0,0,0,0,0,0,0,0,0,water
21093,3,3,1.8,0.218527646288077,0.342945744977063,0.222027142687764,0,0,0,0,0,0,0,0,0,water
21095,4,7,-6.4,0.738021035291579,0.521637280737752,0.36879276997614,0,0,0,0,0,0,0,0,0,water
21097,4,6,4.3,0.349302268691557,0.424948945447383,0.330134097809539,0,0,0,0,0,0,0,0,0,water
21099,4,8,3.2,0.422415119491837,0.459493117149209,0.40761742905039,0,0,0,0,0,0,0,0,0,water
21101,3,4,-1.1,0.247168220525256,0.435864545888717,0.240900466760925,0,0,0,0,0,0,0,0,0,water
21103,8,1,3.2,0.496470944700133,0.433243969429597,0.44329138468575,0,0,0,0,0,0,0,0,0,water
21105,4,8,-3,0.373348988648709,0.385230981227835,0.579399671851956,0,0,0,0,0,0,0,0,0,water
21107,3,5,-0.3,0.6180555071441,0.420124595656313,0.294458609372818,0,0,0,0,0,0,0,0,0,water
21109,4,9,3,0.770902842851841,0.475634900164603,0.442896544279751,0,0,0,0,0,0,0,0,0,water
21111,5,1,1.4,0.143787885839098,0.401174513974132,0.116454580963888,0,0,0,0,0,0,0,0,0,water
21113,1,2,6.6,0.559834261476286,0.350253855054613,0.202250353859326,0,0,0,0,0,0,0,0,0,water
21115,4,7,-2.4,0.363691378534839,0.513553688246893,0.356112159469904,0,0,0,0,0,0,0,0,0,water
21117,1,1,3.3,0.134202759478493,0.324813783715503,0.133183333088844,0,0,0,0,0,0,0,0,0,water
21119,4,9,-5.1,0.496161736251206,0.524624243793361,0.443917800410953,0,0,0,0,0,0,0,0,0,water
21121,4,7,-1.7,0.351047313239881,0.606694023061289,0.317075766248557,0,0,0,0,0,0,0,0,0,water
21123,4,3,1.7,0.447601041221492,0.433977764514696,0.442221710979403,0,0,0,0,0,0,0,0,0,water
21125,4,5,1,0.320806751549475,0.433456804811642,0.314383012445595,0,0,0,0,0,0,0,0,0,water
21127,4,2,-3.1,0.386664564396824,0.455919651154002,0.363769191901257,0,0,0,0,0,0,0,0,0,water
21129,4,9,-0.7,0.465656379531459,0.515240096800765,0.442829144063191,0,0,0,0,0,0,0,0,0,water
21131,4,9,-7.1,0.492397278918234,0.512227301631995,0.444043453305093,0,0,0,0,0,0,0,0,0,water
21133,4,9,-6.2,0.793869686387434,0.492612033272669,0.444001799357947,0,0,0,0,0,0,0,0,0,water
21135,4,8,-1.6,0.426265318888099,0.457565872287534,0.443431514676916,0,0,0,0,0,0,0,0,0,water
21137,4,9,2.7,0.437737603202706,0.436183514349258,0.445566803436032,0,0,0,0,0,0,0,0,0,water
21139,4,3,-0.6,0.745660569033216,0.41012290048708,0.433600286379579,0,0,0,0,0,0,0,0,0,water
21141,8,6,3.5,0.689079843559704,0.377166425739395,0.362705050473018,0,0,0,0,0,0,0,0,0,water
21143,4,8,4.6,0.413255995766378,0.403752455262117,0.443953370937358,0,0,0,0,0,0,0,0,0,water
21145,3,3,-0.6,0.224701593964118,0.413532018025788,0.200595364117493,0,0,0,0,0,0,0,0,0,water
21147,4,9,-0.2,0.450233054046728,0.550404969741068,0.44249600693216,0,0,0,0,0,0,0,0,0,water
21149,4,3,-0.1,0.73253346831313,0.326482440591664,0.480781730736294,0,0,0,0,0,0,0,0,0,water
21151,3,4,7.1,0.241768857591134,0.386510628872131,0.231568298138346,0,0,0,0,0,0,0,0,0,water
21153,4,9,-4.2,0.492480523142648,0.614160371692322,0.442440493973505,0,0,0,0,0,0,0,0,0,water
21155,4,6,1.3,0.345630790907459,0.433067466742357,0.342113721244145,0,0,0,0,0,0,0,0,0,water
21157,8,8,0.1,0.367525156231971,0.391007082868021,0.396423316571808,0,0,0,0,0,0,0,0,0,water
21159,4,8,-4.9,0.802317030914813,0.530463024736999,0.443936855976311,0,0,0,0,0,0,0,0,0,water
21161,3,6,-1.1,0.287591307889927,0.462708587733069,0.290880489608219,0,0,0,0,0,0,0,0,0,water
21163,8,1,1.4,0.404626547460345,0.345300288144571,0.413809421614033,0,0,0,0,0,0,0,0,0,water
21165,4,9,3.2,0.424208481373929,0.501553438298605,0.442747222899717,0,0,0,0,0,0,0,0,0,water
21167,8,6,3.8,0.277406778224379,0.358828445312138,0.300623226535808,0,0,0,0,0,0,0,0,0,water
21169,4,9,2.7,0.41312579422716,0.44412018029536,0.441566026648733,0,0,0,0,0,0,0,0,0,water
21171,4,8,-1.4,0.445904669607209,0.455076899164534,0.473857013690894,0,0,0,0,0,0,0,0,0,water
21173,4,6,2.4,0.622298985095915,0.393650813694015,0.27879448065514,0,0,0,0,0,0,0,0,0,water
21175,4,9,4.1,0.461862709134542,0.439876579266928,0.443358181378218,0,0,0,0,0,0,0,0,0,water
21177,4,6,-1.2,0.315655383255739,0.424868438125399,0.335051601368502,0,0,0,0,0,0,0,0,0,water
21179,8,1,4.1,0.63933038968912,0.343501789674574,0.317376762630476,0,0,0,0,0,0,0,0,0,water
21181,4,8,3.7,0.442365921797086,0.438456630854676,0.449194263489325,0,0,0,0,0,0,0,0,0,water
21183,4,6,0.8,0.350649723747748,0.39935499954872,0.382111662008175,0,0,0,0,0,0,0,0,0,water
21185,1,1,4.2,0.14911292505423,0.155897317621802,0.194763076203849,0,0,0,0,0,0,0,0,0,water
21187,4,8,1.2,0.439104590884758,0.407603252847914,0.448654587324652,0,0,0,0,0,0,0,0,0,water
21189,4,9,-2.6,0.423837422066796,0.5202453722411,0.44371699835098,0,0,0,0,0,0,0,0,0,water
21191,4,1,1.3,0.52416544228965,0.400384920888649,0.440668327880055,0,0,0,0,0,0,0,0,0,water
21193,4,7,-5.7,0.321354618783101,0.46805967406122,0.352863827498012,0,0,0,0,0,0,0,0,0,water
21195,4,7,-5.2,0.756254126326093,0.529845404898688,0.39341598559228,0,0,0,0,0,0,0,0,0,water
21197,4,8,-1.3,0.49077474151876,0.484666534823861,0.443516287502206,0,0,0,0,0,0,0,0,0,water
21199,4,5,2.7,0.317865145352199,0.47520143205107,0.286278758937084,0,0,0,0,0,0,0,0,0,water
21201,4,8,9.1,0.546706155465717,0.53016086594446,0.44555731557898,0,0,0,0,0,0,0,0,0,water
21203,4,9,1,0.4463669359226,0.479426336211788,0.442891279613963,0,0,0,0,0,0,0,0,0,water
21205,5,6,-0.2,0.641072253089211,0.459878758588559,0.316436732151709,0,0,0,0,0,0,0,0,0,water
21207,4,9,2.6,0.772302609763271,0.478142860062039,0.446550825499855,0,0,0,0,0,0,0,0,0,water
21209,1,2,7.2,0.189493994928182,0.27500781538363,0.218002429120434,0,0,0,0,0,0,0,0,0,water
21211,1,1,3.9,0.274775305845792,0.303073590356499,0.289603441042974,0,0,0,0,0,0,0,0,0,water
21213,3,6,3.7,0.248760234386062,0.428448549143478,0.251779103303844,0,0,0,0,0,0,0,0,0,water
21215,1,1,6.8,0.410791693706191,0.235759667553124,0.443724822930183,0,0,0,0,0,0,0,0,0,water
21217,3,7,3.1,0.238884815675778,0.38561881139673,0.279369928782194,0,0,0,0,0,0,0,0,0,water
21219,1,8,3.9,0.460546383558081,0.425011337092408,0.45720548836226,0,0,0,0,0,0,0,0,0,water
21221,4,2,3.4,0.478184172583801,0.489494979333142,0.441888347629955,0,0,0,0,0,0,0,0,0,water
21223,4,8,1.5,0.468943615847867,0.369195054233287,0.441717166564277,0,0,0,0,0,0,0,0,0,water
21225,8,8,-3.5,0.725664242180204,0.398599965703953,0.450640182290678,0,0,0,0,0,0,0,0,0,water
21227,3,3,9.6,0.247300517115912,0.40734830910643,0.203344539187716,0,0,0,0,0,0,0,0,0,water
21229,4,8,1.9,0.438548207689014,0.379157856738613,0.446101622333254,0,0,0,0,0,0,0,0,0,water
21231,4,7,0.4,0.308855851296887,0.539701297933657,0.33402083836595,0,0,0,0,0,0,0,0,0,water
21233,4,9,-1.3,0.755751857435537,0.369251699962132,0.490117435902732,0,0,0,0,0,0,0,0,0,water
21235,4,7,1.5,0.693929734497268,0.495761584456111,0.322899720363704,0,0,0,0,0,0,0,0,0,water
21237,4,9,-2.9,0.465522390826073,0.605591082479213,0.44309060398925,0,0,0,0,0,0,0,0,0,water
21239,1,2,3.1,0.203372362680232,0.319420865686591,0.287884947966134,0,0,0,0,0,0,0,0,0,water
22001,2,2,-1.5,0.327181541289847,0.484363900169434,0.324463726402413,0,0,0,0,0,0,0,0,0,water
22003,2,6,-0.8,0.681263313437878,0.433437606622041,0.355665974588067,0,0,0,0,0,0,0,0,0,water
22005,1,2,5.2,0.477395454591773,0.270874182460083,0.147613860641125,0,0,0,0,0,0,0,0,0,water
22007,2,2,-4.4,0.312470011897726,0.412039449822588,0.332863749928708,0,0,0,0,0,0,0,0,0,water
22009,2,6,-3.2,0.758054720663088,0.545080521368362,0.390369730815481,0,0,0,0,0,0,0,0,0,water
22011,3,6,0.2,0.662739968315487,0.342965733305534,0.377042762827563,0,0,0,0,0,0,0,0,0,water
22013,2,8,-3.9,0.81087682926879,0.567665612798048,0.46509634476986,0,0,0,0,0,0,0,0,0,water
22015,3,2,1.8,0.578446946080088,0.409608044661518,0.203553867407326,0,0,0,0,0,0,0,0,0,water
22017,3,2,-5.1,0.58113029086869,0.52542926031373,0.164596856380869,0,0,0,0,0,0,0,0,0,water
22019,3,2,-4.4,0.546529380481954,0.411235149519141,0.194523284011073,0,0,0,0,0,0,0,0,0,water
22021,2,8,-2.3,0.850058846354164,0.53771085604846,0.44464591489071,0,0,0,0,0,0,0,0,0,water
22023,4,2,-16.8,0.760771393616452,0.289068426901847,0.452659286075304,0,0,0,0,0,0,0,0,0,water
22025,2,9,-6.4,0.826551833565669,0.498430773975606,0.438507648128105,0,0,0,0,0,0,0,0,0,water
22027,2,9,-4,0.764812006927123,0.581630858964785,0.465286568641733,0,0,0,0,0,0,0,0,0,water
22029,2,6,-4.2,0.618417441248482,0.617945993854382,0.234081734182343,0,0,0,0,0,0,0,0,0,water
22031,2,2,1.6,0.705039342018341,0.463810816315371,0.376742963565869,0,0,0,0,0,0,0,0,0,water
22033,5,2,-0.6,0.53071863607312,0.457194861746252,0.133735031304125,0,0,0,0,0,0,0,0,0,water
22035,2,8,-6.8,0.87206679771084,0.726317908514455,0.516731966688742,0,0,0,0,0,0,0,0,0,water
22037,2,2,-1.7,0.418977590227921,0.328559120836206,0.447898039575975,0,0,0,0,0,0,0,0,0,water
22039,2,6,-1.7,0.77817426959082,0.514178033812108,0.370980404534861,0,0,0,0,0,0,0,0,0,water
22041,2,6,-3.1,0.729846957687879,0.538129188010756,0.375640095181444,0,0,0,0,0,0,0,0,0,water
22043,2,3,-0.2,0.733960014775659,0.357317593138417,0.452830515788658,0,0,0,0,0,0,0,0,0,water
22045,2,4,-3.6,0.598183947143139,0.470076856591474,0.227870118330441,0,0,0,0,0,0,0,0,0,water
22047,2,2,-1,0.658208562572719,0.403620562029562,0.309577849126396,0,0,0,0,0,0,0,0,0,water
22049,2,6,-1.3,0.656605123264921,0.478491045180737,0.338676743421028,0,0,0,0,0,0,0,0,0,water
22051,3,1,-2.8,0.174009626347822,0.454520478042552,0.116191479596252,0,0,0,0,0,0,0,0,0,water
22053,3,2,-2.4,0.33768794083262,0.421318769006522,0.361405826386391,0,0,0,0,0,0,0,0,0,water
22055,3,2,5,0.505481088670108,0.405385762563084,0.141343107656957,0,0,0,0,0,0,0,0,0,water
22057,3,3,-2.2,0.197456929253908,0.411091331114796,0.191863276877519,0,0,0,0,0,0,0,0,0,water
22059,2,8,-0.9,0.768768246010776,0.349003234499024,0.465986604824797,0,0,0,0,0,0,0,0,0,water
22061,3,4,-0.1,0.636334207932369,0.604114223500712,0.254999833752072,0,0,0,0,0,0,0,0,0,water
22063,1,2,7,0.561936491473281,0.313782703161409,0.242055911152801,0,0,0,0,0,0,0,0,0,water
22065,2,6,-8.3,0.272647577342985,0.5662211852345,0.21957981298006,0,0,0,0,0,0,0,0,0,water
22067,2,3,-6.6,0.686219937188371,0.613330699698418,0.286717016441981,0,0,0,0,0,0,0,0,0,water
22069,3,6,-3.8,0.661711860549909,0.515359672357869,0.285043252865177,0,0,0,0,0,0,0,0,0,water
22071,5,1,-5.4,0.255068271423716,0.57252370147522,0.112401598776023,0,0,0,0,0,0,0,0,0,water
22073,3,3,-1.4,0.591315539251626,0.53771539122651,0.195879143841585,0,0,0,0,0,0,0,0,0,water
22075,3,1,-5,0.605445566397186,0.343984185738716,0.22477279165,0,0,0,0,0,0,0,0,0,water
22077,2,2,-4,0.362289519121474,0.442646641244956,0.340477369007033,0,0,0,0,0,0,0,0,0,water
22079,3,3,-2.9,0.61324008081877,0.451169638045109,0.252787420000094,0,0,0,0,0,0,0,0,0,water
22081,2,8,-4.6,0.737129577349992,0.521348293420823,0.443132084337808,0,0,0,0,0,0,0,0,0,water
22083,2,3,-1.9,0.835058773666631,0.475588580021937,0.450095984851923,0,0,0,0,0,0,0,0,0,water
22085,2,8,-1.6,0.787079846084406,0.476717672629988,0.48580679949051,0,0,0,0,0,0,0,0,0,water
22087,2,1,2.1,0.186175074983662,0.4649257171817,0.128762986055441,0,0,0,0,0,0,0,0,0,water
22089,3,1,-4,0.179180347131486,0.3362628067854,0.170329901280973,0,0,0,0,0,0,0,0,0,water
22091,2,2,-0.4,0.445500640281693,0.48759960326978,0.44272433755779,0,0,0,0,0,0,0,0,0,water
22093,3,1,-5,0.564393535204713,0.33550216914445,0.276396839382866,0,0,0,0,0,0,0,0,0,water
22095,3,1,-6.3,0.165777067097197,0.364980178803104,0.149317807509838,0,0,0,0,0,0,0,0,0,water
22097,2,4,-1.8,0.68438817088017,0.502702391049541,0.312058783176183,0,0,0,0,0,0,0,0,0,water
22099,3,2,-0.8,0.632867468557209,0.414531114427139,0.288315184973318,0,0,0,0,0,0,0,0,0,water
22101,2,4,-4.8,0.549345912097258,0.473996384775463,0.18055610566638,0,0,0,0,0,0,0,0,0,water
22103,1,2,4.8,0.538937754291607,0.364204682223333,0.18804645533802,0,0,0,0,0,0,0,0,0,water
22105,3,3,4.6,0.638474586288392,0.445180867496791,0.2659005683552,0,0,0,0,0,0,0,0,0,water
22107,2,9,-6.4,0.813932708986586,0.614354024386084,0.566632150144172,0,0,0,0,0,0,0,0,0,water
22109,3,3,-5.1,0.189924523780406,0.395792543930693,0.181256135814268,0,0,0,0,0,0,0,0,0,water
22111,2,3,-2.3,0.795400506745912,0.564310366663492,0.46905312440642,0,0,0,0,0,0,0,0,0,water
22113,3,2,1.2,0.605698305685269,0.400639785382677,0.31918402595113,0,0,0,0,0,0,0,0,0,water
22115,3,4,-5.8,0.291439184022621,0.392186885912969,0.310019967507839,0,0,0,0,0,0,0,0,0,water
22117,2,6,-0.6,0.378377981157835,0.497130497092344,0.367982466002534,0,0,0,0,0,0,0,0,0,water
22119,2,6,-4.6,0.676757676078469,0.585278119596448,0.276907846798162,0,0,0,0,0,0,0,0,0,water
22121,3,2,4.3,0.190856563008103,0.331068581950797,0.204087106723354,0,0,0,0,0,0,0,0,0,water
22123,2,8,-4.5,0.76715215944495,0.43315030315372,0.44621748448707,0,0,0,0,0,0,0,0,0,water
22125,2,2,-0.7,0.454033325706529,0.33181321644197,0.442970190486508,0,0,0,0,0,0,0,0,0,water
22127,2,8,-2.3,0.60998909154318,0.450290875581259,0.380731732804418,0,0,0,0,0,0,0,0,0,water
23001,10,3,3.7,0.274224735818371,0.392092724036035,0.270372526460487,0,0,0,0,0,0,0,0,0,water
23003,10,7,-0.4,0.72612852315861,0.442976341851837,0.433531505041516,0,0,0,0,0,0,0,0,0,water
23005,9,2,3.4,0.59144858606626,0.317603880956945,0.236261847202732,0,0,0,0,0,0,0,0,0,water
23007,10,8,4.9,0.766979972728262,0.38610563359879,0.444502616294099,0,0,0,0,0,0,0,0,0,water
23009,9,8,2.6,0.780608260650138,0.400457186583598,0.444223066865903,0,0,0,0,0,0,0,0,0,water
23011,10,4,3,0.317173070519322,0.397217869393156,0.318368809961131,0,0,0,0,0,0,0,0,0,water
23013,9,7,0.8,0.658800893607131,0.418431658867606,0.331165623803735,0,0,0,0,0,0,0,0,0,water
23015,9,8,3.5,0.410942821314741,0.397479524718144,0.431417045466376,0,0,0,0,0,0,0,0,0,water
23017,10,6,3.7,0.403939283043759,0.44026162576337,0.397409499692765,0,0,0,0,0,0,0,0,0,water
23019,10,3,3.1,0.643140534759842,0.396978292267171,0.300899265836494,0,0,0,0,0,0,0,0,0,water
23021,10,8,3.8,0.799129487850681,0.470129991259026,0.445150236325544,0,0,0,0,0,0,0,0,0,water
23023,9,2,2.3,0.316411872569352,0.375609862526579,0.315497242628723,0,0,0,0,0,0,0,0,0,water
23025,10,6,1.7,0.742189505618887,0.435117649233623,0.395109930637063,0,0,0,0,0,0,0,0,0,water
23027,9,8,2.4,0.76087415586954,0.407363307890086,0.412640457263919,0,0,0,0,0,0,0,0,0,water
23029,10,9,0.9,0.791069487801624,0.48426767624876,0.442786475079626,0,0,0,0,0,0,0,0,0,water
23031,9,2,3.7,0.631701767760561,0.343787678016013,0.29140863209565,0,0,0,0,0,0,0,0,0,water
24001,10,4,-1.3,0.562214445273887,0.433811553093626,0.227568800507725,0,0,0,0,0,0,0,0,0,water
24003,1,1,1.5,0.141400712237095,0.214593123158459,0.136279126867963,0,0,0,0,0,0,0,0,0,water
24005,9,1,-0.1,0.17622953261999,0.347296545388829,0.136120716270357,0,0,0,0,0,0,0,0,0,water
24009,1,3,2.1,0.294070442276422,0.172983394371481,0.317718291995732,0,0,0,0,0,0,0,0,0,water
24011,1,6,2.9,0.434854307541853,0.40612972516311,0.432773569091527,0,0,0,0,0,0,0,0,0,water
24013,1,1,2.4,0.2290155118898,0.217482609931782,0.252998694378252,0,0,0,0,0,0,0,0,0,water
24015,1,1,2.4,0.621264708156052,0.319745869169034,0.287538437109887,0,0,0,0,0,0,0,0,0,water
24017,1,1,4.7,0.231228656519479,0.228728470675183,0.205373594071624,0,0,0,0,0,0,0,0,0,water
24019,1,6,1.9,0.324427777646575,0.459781781358917,0.301968102690068,0,0,0,0,0,0,0,0,0,water
24021,1,1,9.7,0.203206176490188,0.212585445555721,0.204985030404377,0,0,0,0,0,0,0,0,0,water
24023,1,8,-1.4,0.383648519198233,0.357504329765446,0.400985930485775,0,0,0,0,0,0,0,0,0,water
24025,1,1,1.6,0.517046467819783,0.24819820933767,0.181244459089443,0,0,0,0,0,0,0,0,0,water
24029,1,6,2.3,0.367524680444161,0.41842822603469,0.345058332804694,0,0,0,0,0,0,0,0,0,water
24033,9,1,0.1,0.203500672132246,0.331678792739187,0.119164692751152,0,0,0,0,0,0,0,0,0,water
24035,1,1,7.3,0.315335387506773,0.272394559502384,0.309476985804922,0,0,0,0,0,0,0,0,0,water
24037,1,3,2.2,0.649664975554888,0.228061011658129,0.299827536624188,0,0,0,0,0,0,0,0,0,water
24039,2,3,2.7,0.397129342166741,0.504927064883079,0.338679034965296,0,0,0,0,0,0,0,0,0,water
24041,1,6,1.9,0.316059640993748,0.436507940538775,0.284715336258992,0,0,0,0,0,0,0,0,0,water
24043,1,2,1.6,0.239132600293451,0.375672755141838,0.219474230837811,0,0,0,0,0,0,0,0,0,water
24045,1,3,2.7,0.58086864717659,0.396819388891189,0.205140345001378,0,0,0,0,0,0,0,0,0,water
24047,1,4,3.5,0.299768886508708,0.392292969229681,0.251541798194499,0,0,0,0,0,0,0,0,0,water
24510,9,1,-2.6,0.215249090223963,0.511343621186885,0.110817900070975,0,0,0,0,0,0,0,0,0,water
25001,9,3,2,0.172022046086985,0.411776388702086,0.120139768476009,0,0,0,0,0,0,0,0,0,water
25003,9,3,-0.8,0.263384667284253,0.425113809572247,0.231570087315103,0,0,0,0,0,0,0,0,0,water
25005,9,1,2,0.529998855796973,0.381142926941639,0.151130309856097,0,0,0,0,0,0,0,0,0,water
25007,9,7,2.3,0.302392131078891,0.356199888910086,0.228054712130197,0,0,0,0,0,0,0,0,0,water
25009,9,1,2,0.548419935181208,0.35915295452108,0.128892217897199,0,0,0,0,0,0,0,0,0,water
25011,9,4,-0.1,0.337828424428258,0.443536766712978,0.315818726996056,0,0,0,0,0,0,0,0,0,water
25013,9,2,0.1,0.204052030187197,0.436565938529308,0.144211200909429,0,0,0,0,0,0,0,0,0,water
25015,9,3,11.3,0.242151300357114,0.359933181424546,0.210505105185378,0,0,0,0,0,0,0,0,0,water
25017,9,1,2.5,0.503052402701512,0.252155620935781,0.125159234623065,0,0,0,0,0,0,0,0,0,water
25023,9,1,2.6,0.522653289069359,0.305434939269796,0.155158351763158,0,0,0,0,0,0,0,0,0,water
25025,9,1,-0.5,0.241524328219803,0.413292472214071,0.110864994419653,0,0,0,0,0,0,0,0,0,water
25027,9,2,2.8,0.554653017584644,0.337047326482359,0.184604070524146,0,0,0,0,0,0,0,0,0,water
26001,10,9,4.3,0.400243806208448,0.490848567935216,0.421029818230366,0,0,0,0,0,0,0,0,0,water
26003,10,9,-1.6,0.456945039562189,0.411832737011921,0.444063314623444,0,0,0,0,0,0,0,0,0,water
26005,10,4,1.5,0.315831115435159,0.295070901879155,0.366829562359864,0,0,0,0,0,0,0,0,0,water
26007,10,7,0.1,0.241235217024931,0.445464302114894,0.270228731951191,0,0,0,0,0,0,0,0,0,water
26009,8,8,4.6,0.439977150424236,0.379132735929842,0.444598150362324,0,0,0,0,0,0,0,0,0,water
26011,10,8,0.5,0.390956825185434,0.424735672454362,0.403674045407705,0,0,0,0,0,0,0,0,0,water
26013,10,9,0.3,0.760984624750923,0.409711803380005,0.444296359113311,0,0,0,0,0,0,0,0,0,water
26015,10,1,2.3,0.72239336487757,0.323188266316596,0.408864319741478,0,0,0,0,0,0,0,0,0,water
26017,10,3,-1.1,0.207466868180548,0.407644589307338,0.210812862436454,0,0,0,0,0,0,0,0,0,water
26019,8,3,2.9,0.380403026661517,0.390843960473374,0.395862483013664,0,0,0,0,0,0,0,0,0,water
26021,1,3,-1.1,0.576276726127294,0.433030240868402,0.224769938936401,0,0,0,0,0,0,0,0,0,water
26023,10,6,2.9,0.338029808155819,0.396587672853545,0.352378008881132,0,0,0,0,0,0,0,0,0,water
26025,10,3,-0.3,0.231227144932782,0.407337564916816,0.227535726638317,0,0,0,0,0,0,0,0,0,water
26027,10,2,0,0.678426369135157,0.393581714648423,0.356490703464617,0,0,0,0,0,0,0,0,0,water
26029,8,7,0.3,0.323296786882147,0.355573081919119,0.346968341711565,0,0,0,0,0,0,0,0,0,water
26031,10,7,1.5,0.376622662477215,0.431282232321328,0.373293934276129,0,0,0,0,0,0,0,0,0,water
26033,10,7,-1.5,0.307535584231258,0.404498068059279,0.282303791097867,0,0,0,0,0,0,0,0,0,water
26035,10,8,1.8,0.425878585374477,0.493244048376276,0.404367826060147,0,0,0,0,0,0,0,0,0,water
26037,1,2,1.1,0.254023625272644,0.297146109845138,0.310920905137372,0,0,0,0,0,0,0,0,0,water
26039,10,9,4.7,0.470728658015917,0.460179231512448,0.443612274370975,0,0,0,0,0,0,0,0,0,water
26041,10,5,-0.5,0.237727579850635,0.44407174132002,0.253599492039466,0,0,0,0,0,0,0,0,0,water
26043,8,7,0.3,0.199929037013879,0.370326802685088,0.228314438839926,0,0,0,0,0,0,0,0,0,water
26045,1,2,0.3,0.222961887627601,0.32513342538457,0.243237487420873,0,0,0,0,0,0,0,0,0,water
26047,1,7,-0.5,0.304294390266621,0.365632553293796,0.325416285680648,0,0,0,0,0,0,0,0,0,water
26049,10,2,-0.9,0.531970909019914,0.430903915476475,0.172314101118468,0,0,0,0,0,0,0,0,0,water
26051,10,8,2.5,0.470588910861957,0.439087251834547,0.443887082483001,0,0,0,0,0,0,0,0,0,water
26053,10,7,-0.9,0.307337327405212,0.47714967652684,0.324423929698611,0,0,0,0,0,0,0,0,0,water
26055,1,3,1.3,0.273292524241358,0.343610766227915,0.259102815901948,0,0,0,0,0,0,0,0,0,water
26057,10,6,-0.8,0.285173968432538,0.382648659341296,0.309927182910131,0,0,0,0,0,0,0,0,0,water
26059,10,6,-0.3,0.373530296185362,0.411320194479317,0.380236359189051,0,0,0,0,0,0,0,0,0,water
26061,8,5,2.1,0.301158869939626,0.416204935875342,0.261680510681704,0,0,0,0,0,0,0,0,0,water
26063,10,9,-1.9,0.416276448769639,0.416545561138767,0.460202497888715,0,0,0,0,0,0,0,0,0,water
26065,5,2,1.9,0.2093156374461,0.425613144773419,0.162761446541138,0,0,0,0,0,0,0,0,0,water
26067,10,1,-1,0.285864744877262,0.322756149005693,0.335171861375784,0,0,0,0,0,0,0,0,0,water
26069,10,7,0.7,0.260656282276564,0.493994937415563,0.277014493689851,0,0,0,0,0,0,0,0,0,water
26071,10,9,0.8,0.459402396491267,0.492052418128839,0.444097123538229,0,0,0,0,0,0,0,0,0,water
26073,5,4,0.9,0.348286781261331,0.499118088197033,0.291333760093837,0,0,0,0,0,0,0,0,0,water
26075,10,3,0,0.612083799997653,0.386407250019676,0.27152020206818,0,0,0,0,0,0,0,0,0,water
26077,5,2,1.1,0.198823141795091,0.381299005498473,0.19162707572257,0,0,0,0,0,0,0,0,0,water
26079,10,3,3.8,0.461117605643368,0.414226732672155,0.464721503011365,0,0,0,0,0,0,0,0,0,water
26081,1,1,2.2,0.504945257272277,0.320499466228384,0.169209009875718,0,0,0,0,0,0,0,0,0,water
26085,4,9,7.5,0.472761881949412,0.51840788391616,0.460874539351104,0,0,0,0,0,0,0,0,0,water
26087,10,1,0.7,0.722753340275063,0.336627774301895,0.406792761300435,0,0,0,0,0,0,0,0,0,water
26089,8,3,2.5,0.389523782853121,0.361498682440175,0.40189231406355,0,0,0,0,0,0,0,0,0,water
26091,10,4,-1.6,0.63175281838007,0.387890195591467,0.303297108252118,0,0,0,0,0,0,0,0,0,water
26093,1,1,1.5,0.547973606406629,0.241970147771849,0.246562444121258,0,0,0,0,0,0,0,0,0,water
26095,10,9,-1.3,0.424208481373929,0.439284475418467,0.465171610810112,0,0,0,0,0,0,0,0,0,water
26097,10,9,3.1,0.387941130441016,0.489043869935333,0.361506292175232,0,0,0,0,0,0,0,0,0,water
26099,1,1,0.7,0.145417554647584,0.355414519740037,0.124421813522311,0,0,0,0,0,0,0,0,0,water
26101,10,6,1.8,0.323847563118476,0.410377783076358,0.335997455076943,0,0,0,0,0,0,0,0,0,water
26103,8,5,2.2,0.604907733458216,0.399413733851825,0.26662056668644,0,0,0,0,0,0,0,0,0,water
26105,10,7,0.2,0.291504164534584,0.416370339822395,0.309882941102525,0,0,0,0,0,0,0,0,0,water
26107,10,6,3.8,0.731513499194912,0.449846179954355,0.358604638859606,0,0,0,0,0,0,0,0,0,water
26109,8,7,-1.7,0.287850178261626,0.423577021850569,0.325786320579066,0,0,0,0,0,0,0,0,0,water
26111,1,3,0.6,0.580541939003665,0.351102237470916,0.254828932054054,0,0,0,0,0,0,0,0,0,water
26113,10,8,1.1,0.438109195593542,0.373959969291196,0.606343131471952,0,0,0,0,0,0,0,0,0,water
26115,10,3,0.7,0.227245094459195,0.351624727185218,0.236356737992333,0,0,0,0,0,0,0,0,0,water
26117,10,1,4,0.396337094154838,0.364692308098541,0.393416031834679,0,0,0,0,0,0,0,0,0,water
26119,10,9,7.2,0.471888015123223,0.541590332945829,0.446154720106481,0,0,0,0,0,0,0,0,0,water
26121,10,3,1.5,0.198153744541886,0.390413929300987,0.200907589181268,0,0,0,0,0,0,0,0,0,water
26123,10,6,2.8,0.422910324231233,0.391734643074452,0.440081322034906,0,0,0,0,0,0,0,0,0,water
26125,9,1,1.9,0.46986590010517,0.299891741094255,0.130172764028812,0,0,0,0,0,0,0,0,0,water
26127,10,8,1.1,0.791055750381383,0.398238798920387,0.444690416852058,0,0,0,0,0,0,0,0,0,water
26129,10,9,1,0.788290037435717,0.486993599662581,0.469210646881464,0,0,0,0,0,0,0,0,0,water
26131,10,9,0.4,0.43163228135569,0.476365915211811,0.444657257495685,0,0,0,0,0,0,0,0,0,water
26133,10,9,2.5,0.439333955082753,0.423932573968366,0.455905637091358,0,0,0,0,0,0,0,0,0,water
26135,10,9,4.4,0.447598341362878,0.479658240088225,0.450456053927636,0,0,0,0,0,0,0,0,0,water
26137,8,7,3.8,0.335621906591865,0.371452740049005,0.336764452865858,0,0,0,0,0,0,0,0,0,water
26139,1,1,3.1,0.503683626229284,0.287455176808508,0.199958157506825,0,0,0,0,0,0,0,0,0,water
26141,10,9,1.8,0.427340828972087,0.439781454977544,0.445346484291866,0,0,0,0,0,0,0,0,0,water
26143,10,7,2,0.260436494823371,0.491086146763577,0.257077529492034,0,0,0,0,0,0,0,0,0,water
26145,10,3,-1.1,0.230639994204382,0.442323148166766,0.222157098934104,0,0,0,0,0,0,0,0,0,water
26147,10,1,-0.1,0.237159083353366,0.372789922481816,0.244030167369796,0,0,0,0,0,0,0,0,0,water
26149,10,4,0.4,0.316653149602469,0.365200819379897,0.352033985972822,0,0,0,0,0,0,0,0,0,water
26151,10,8,-0.5,0.415344815006753,0.407757769546441,0.446841649564543,0,0,0,0,0,0,0,0,0,water
26153,10,9,1.5,0.422183164659244,0.43566023159978,0.448539375066986,0,0,0,0,0,0,0,0,0,water
26155,10,4,0,0.636684619915022,0.385194900150788,0.311914372452725,0,0,0,0,0,0,0,0,0,water
26157,10,6,-1,0.39730147070191,0.384793591433903,0.423656254478006,0,0,0,0,0,0,0,0,0,water
26159,10,6,0.7,0.716570784303371,0.395977738335865,0.406595850917764,0,0,0,0,0,0,0,0,0,water
26161,5,2,0.5,0.552898535902662,0.375194766391827,0.168643697802608,0,0,0,0,0,0,0,0,0,water
26163,5,1,-1,0.513958798881925,0.477116198408884,0.11434899617914,0,0,0,0,0,0,0,0,0,water
26165,10,6,2.3,0.327473333663526,0.380722255691631,0.326370285617563,0,0,0,0,0,0,0,0,0,water
27001,8,8,4,0.468788971550901,0.480138662241222,0.443850440034322,0,0,0,0,0,0,0,0,0,water
27003,1,1,3.4,0.154264955893845,0.254733396325946,0.163941348011751,0,0,0,0,0,0,0,0,0,water
27005,8,6,0.7,0.68598965890411,0.376715098615408,0.361377658341425,0,0,0,0,0,0,0,0,0,water
27007,8,7,1.1,0.381700271962202,0.391304275507499,0.339572922522219,0,0,0,0,0,0,0,0,0,water
27009,8,3,1.3,0.25840515742698,0.329048122675024,0.27437667621854,0,0,0,0,0,0,0,0,0,water
27011,8,9,-1.8,0.438523363576833,0.408674651401027,0.480133279993064,0,0,0,0,0,0,0,0,0,water
27013,8,3,2.2,0.26707434545393,0.394295922433046,0.227469486227997,0,0,0,0,0,0,0,0,0,water
27015,8,6,-0.8,0.570398861697918,0.346648609582906,0.282406633319277,0,0,0,0,0,0,0,0,0,water
27017,8,2,1.5,0.313184744458449,0.325788851212589,0.322290576562906,0,0,0,0,0,0,0,0,0,water
27019,1,1,5,0.161158880349068,0.167104932630592,0.195224616729095,0,0,0,0,0,0,0,0,0,water
27021,8,9,4.2,0.462918816364704,0.424788783660676,0.448414759406745,0,0,0,0,0,0,0,0,0,water
27023,8,7,-2.5,0.309730283467063,0.397537429552904,0.308128941479123,0,0,0,0,0,0,0,0,0,water
27025,8,1,4.2,0.314101547431312,0.252372580172145,0.330285302233769,0,0,0,0,0,0,0,0,0,water
27027,8,3,2.3,0.227995209668917,0.36750138897463,0.198110340279554,0,0,0,0,0,0,0,0,0,water
27029,8,8,0.7,0.499442551945696,0.367675616135649,0.449161061193379,0,0,0,0,0,0,0,0,0,water
27031,8,9,-0.5,0.459619007982577,0.407688443644163,0.444151233404308,0,0,0,0,0,0,0,0,0,water
27033,8,9,-1.6,0.426686801676579,0.373370332181578,0.466686895998816,0,0,0,0,0,0,0,0,0,water
27035,8,4,3.6,0.337613757922182,0.377818346718521,0.341245044703534,0,0,0,0,0,0,0,0,0,water
27037,1,1,2.9,0.116865487358972,0.238915989650736,0.13147557039033,0,0,0,0,0,0,0,0,0,water
27039,8,3,1.7,0.285307661946843,0.252301498384584,0.343600681523154,0,0,0,0,0,0,0,0,0,water
27041,8,6,2.1,0.613771868507579,0.344058217763656,0.283204179691236,0,0,0,0,0,0,0,0,0,water
27043,8,8,-0.1,0.416219819295535,0.380070098265957,0.48199407514427,0,0,0,0,0,0,0,0,0,water
27045,8,3,1.2,0.446660545573066,0.337990587604619,0.449755938352528,0,0,0,0,0,0,0,0,0,water
27047,8,7,-1.9,0.241419492238875,0.361836533938681,0.25419693526095,0,0,0,0,0,0,0,0,0,water
27049,8,6,0.8,0.321176360844891,0.333204814522299,0.336891682008175,0,0,0,0,0,0,0,0,0,water
27051,8,9,0.3,0.421461486692691,0.371498402718442,0.50455138206044,0,0,0,0,0,0,0,0,0,water
27053,5,1,-0.7,0.152131584123991,0.31013973518419,0.119362260295643,0,0,0,0,0,0,0,0,0,water
27055,8,3,-2.5,0.315947034204309,0.326596421311416,0.372258866421782,0,0,0,0,0,0,0,0,0,water
27057,8,9,3.1,0.440683130879698,0.398635059553409,0.445583603142297,0,0,0,0,0,0,0,0,0,water
27059,8,1,5.5,0.308879810662888,0.301447152005662,0.311418364124032,0,0,0,0,0,0,0,0,0,water
27061,8,6,0.9,0.39207557582016,0.431020776895779,0.367401838382974,0,0,0,0,0,0,0,0,0,water
27063,8,9,-1.3,0.4119636014463,0.334511702921606,0.493771899296593,0,0,0,0,0,0,0,0,0,water
27065,8,8,3.4,0.451333870545299,0.358766732553754,0.44488000377057,0,0,0,0,0,0,0,0,0,water
27067,8,4,2.2,0.602809098465368,0.353334747750725,0.2547638075284,0,0,0,0,0,0,0,0,0,water
27069,8,9,-4.7,0.386062090169091,0.341444755216112,0.442038021031404,0,0,0,0,0,0,0,0,0,water
27071,8,7,-3.6,0.265614000635786,0.371460496755039,0.262903220707403,0,0,0,0,0,0,0,0,0,water
27073,8,9,-1,0.421130375788935,0.382975575219117,0.478201470417351,0,0,0,0,0,0,0,0,0,water
27075,8,8,-2,0.442121464742195,0.377688970284257,0.446297478037595,0,0,0,0,0,0,0,0,0,water
27077,8,9,0.7,0.43150830185921,0.382892499166255,0.458399955238486,0,0,0,0,0,0,0,0,0,water
27079,8,1,2.8,0.36940731894658,0.288435700847128,0.399650627737814,0,0,0,0,0,0,0,0,0,water
27081,8,9,-1.3,0.441476149019853,0.385317764242646,0.537301925456967,0,0,0,0,0,0,0,0,0,water
27083,8,7,0.6,0.278181429203978,0.356877152684952,0.287137084960816,0,0,0,0,0,0,0,0,0,water
27085,8,4,0.1,0.24016885680403,0.315406156106053,0.260137713342884,0,0,0,0,0,0,0,0,0,water
27087,6,8,-1.8,0.491989521591186,0.459396456894867,0.455249309154846,0,0,0,0,0,0,0,0,0,water
27089,8,8,-3,0.413972532388932,0.324679335795166,0.442204885810067,0,0,0,0,0,0,0,0,0,water
27091,8,6,-2.2,0.277257285472624,0.376080678179927,0.353954962912883,0,0,0,0,0,0,0,0,0,water
27093,8,6,0.2,0.332642249225972,0.327859595727306,0.361485432386769,0,0,0,0,0,0,0,0,0,water
27095,8,1,4.2,0.391972125119419,0.358728390326329,0.383800438982324,0,0,0,0,0,0,0,0,0,water
27097,8,6,1.5,0.339942583412339,0.356500873961675,0.369762538717462,0,0,0,0,0,0,0,0,0,water
27099,8,4,2.1,0.566160829095972,0.353241089143634,0.239135639818948,0,0,0,0,0,0,0,0,0,water
27101,8,9,-1.5,0.38423605904339,0.333049606006832,0.495493554952743,0,0,0,0,0,0,0,0,0,water
27103,8,3,0,0.181444619860002,0.318624333868076,0.208487435019088,0,0,0,0,0,0,0,0,0,water
27105,8,7,-1.1,0.601251476352741,0.365862207851209,0.277882126641584,0,0,0,0,0,0,0,0,0,water
27107,8,8,-2.4,0.450936121692845,0.351075343023612,0.535145913710377,0,0,0,0,0,0,0,0,0,water
27109,5,3,2.1,0.178590398056795,0.279179908622739,0.170781285991373,0,0,0,0,0,0,0,0,0,water
27111,8,6,1.4,0.698692290183393,0.367149698655407,0.386807331369152,0,0,0,0,0,0,0,0,0,water
27113,8,6,-2.1,0.22621613595307,0.339153162803825,0.242046997700324,0,0,0,0,0,0,0,0,0,water
27115,8,8,4.9,0.453472903894911,0.383628665998056,0.445279954553024,0,0,0,0,0,0,0,0,0,water
27117,8,8,-3.3,0.42138487394289,0.377818232280911,0.473699023353153,0,0,0,0,0,0,0,0,0,water
27119,8,3,-2.1,0.27482955267867,0.371124199899315,0.29537627536585,0,0,0,0,0,0,0,0,0,water
27121,8,8,1.5,0.309860949084591,0.381633100859196,0.324907047554541,0,0,0,0,0,0,0,0,0,water
27123,5,1,-1.8,0.168115009572132,0.363725309967492,0.110882866456101,0,0,0,0,0,0,0,0,0,water
27125,8,8,-1.5,0.434506143690821,0.306553372184885,0.474166014542958,0,0,0,0,0,0,0,0,0,water
27127,8,9,-1.1,0.324469452707236,0.390881158622154,0.362536058553277,0,0,0,0,0,0,0,0,0,water
27129,8,9,-1.6,0.414543439873606,0.366152546974765,0.468302123350041,0,0,0,0,0,0,0,0,0,water
27131,8,4,2.9,0.228787524167778,0.322445108250076,0.231705581528605,0,0,0,0,0,0,0,0,0,water
27133,8,2,-1.7,0.235697307494377,0.332241464012747,0.318579049057558,0,0,0,0,0,0,0,0,0,water
27135,8,9,-0.3,0.785633179659085,0.351412044566817,0.45270331927686,0,0,0,0,0,0,0,0,0,water
27137,8,2,0.4,0.590652566640358,0.397702800345628,0.242779273203842,0,0,0,0,0,0,0,0,0,water
27139,1,1,3.9,0.488769240493013,0.169226964239269,0.172720950229322,0,0,0,0,0,0,0,0,0,water
27141,8,1,5.6,0.266205512490031,0.214858467000117,0.281019633282279,0,0,0,0,0,0,0,0,0,water
27143,8,8,2.7,0.771945144580469,0.337223008749273,0.586303656013373,0,0,0,0,0,0,0,0,0,water
27145,8,3,3.5,0.259756704089222,0.355020288807904,0.247179588174539,0,0,0,0,0,0,0,0,0,water
27147,8,5,0.1,0.21536768666608,0.30401357726542,0.214285551457887,0,0,0,0,0,0,0,0,0,water
27149,8,7,1.6,0.264111793792779,0.320547454893629,0.286889804050114,0,0,0,0,0,0,0,0,0,water
27151,8,9,-1.5,0.455151658084657,0.416337487044052,0.455076656193241,0,0,0,0,0,0,0,0,0,water
27153,8,8,2.6,0.46406977495146,0.379540680838985,0.446344617697099,0,0,0,0,0,0,0,0,0,water
27155,8,9,-6.7,0.404223475845487,0.373331159911038,0.548175618273064,0,0,0,0,0,0,0,0,0,water
27157,8,3,0.8,0.385189843224566,0.356302653267884,0.388217582102746,0,0,0,0,0,0,0,0,0,water
27159,8,9,2.2,0.365693827286028,0.381729326040385,0.358655859714653,0,0,0,0,0,0,0,0,0,water
27161,8,6,-1.4,0.275537435493994,0.326955051846958,0.291878115357737,0,0,0,0,0,0,0,0,0,water
27163,1,1,5.8,0.139374846402711,0.219287250368293,0.157049411536669,0,0,0,0,0,0,0,0,0,water
27165,8,8,-0.3,0.441169059378257,0.343864815561918,0.455009660331946,0,0,0,0,0,0,0,0,0,water
27167,8,8,-3.3,0.224136434997683,0.360684319783515,0.277829763101695,0,0,0,0,0,0,0,0,0,water
27169,8,4,0.6,0.267835820809312,0.380122346009779,0.247360237905564,0,0,0,0,0,0,0,0,0,water
27171,8,1,9,0.21945135033956,0.203740973286242,0.243765543094559,0,0,0,0,0,0,0,0,0,water
27173,8,9,-1.2,0.416433530355917,0.321578132373963,0.449860661761112,0,0,0,0,0,0,0,0,0,water
28001,2,7,-2.6,0.249621891652109,0.554075476368983,0.234346335063878,0,0,0,0,0,0,0,0,0,water
28003,4,7,-1.5,0.306872370957363,0.441407055809152,0.328037276401322,0,0,0,0,0,0,0,0,0,water
28005,2,8,-2,0.439105669065852,0.547091903330862,0.502005688972543,0,0,0,0,0,0,0,0,0,water
28007,2,6,-3.3,0.370319079527673,0.476782197262578,0.322105895351967,0,0,0,0,0,0,0,0,0,water
28009,2,1,-1.3,0.436654010929143,0.474336420745682,0.444212900447168,0,0,0,0,0,0,0,0,0,water
28011,2,7,-7.9,0.351174002953471,0.592519572766416,0.313700226552168,0,0,0,0,0,0,0,0,0,water
28013,2,9,-3.5,0.435178914741904,0.440822647902725,0.512039329977311,0,0,0,0,0,0,0,0,0,water
28015,2,8,-5.7,0.400951683597329,0.42957869626488,0.445447650416914,0,0,0,0,0,0,0,0,0,water
28017,2,9,-1.8,0.481882459620472,0.511759185053499,0.47432244796821,0,0,0,0,0,0,0,0,0,water
28019,2,9,-1.4,0.411917226441601,0.426296551386521,0.445883777378097,0,0,0,0,0,0,0,0,0,water
28021,2,8,-10.7,0.447499280983393,0.508498875897216,0.440762669152298,0,0,0,0,0,0,0,0,0,water
28023,2,9,-2.5,0.470958312929847,0.478421758845484,0.468735832347987,0,0,0,0,0,0,0,0,0,water
28025,2,7,-2.2,0.298905918425102,0.532183736512398,0.299438809983286,0,0,0,0,0,0,0,0,0,water
28027,2,6,-5.3,0.616577480863725,0.59329751245431,0.25068993228518,0,0,0,0,0,0,0,0,0,water
28029,2,2,-2.6,0.397788417094328,0.473462463062984,0.405511647581753,0,0,0,0,0,0,0,0,0,water
28031,2,8,-1.6,0.484515915790102,0.444183643072379,0.480592432306088,0,0,0,0,0,0,0,0,0,water
28033,1,1,5.2,0.194152202828542,0.313781644783713,0.183825729110948,0,0,0,0,0,0,0,0,0,water
28035,3,3,0.3,0.265141038449089,0.462381721778436,0.22705771602024,0,0,0,0,0,0,0,0,0,water
28037,2,9,-1.9,0.432590553879447,0.473704800017622,0.489454414997025,0,0,0,0,0,0,0,0,0,water
28039,2,8,6.2,0.493291580622534,0.426016044829145,0.459924337150838,0,0,0,0,0,0,0,0,0,water
28041,2,8,1.1,0.438245959581964,0.406850659797182,0.447463608553229,0,0,0,0,0,0,0,0,0,water
28043,2,7,-3,0.327762497765967,0.482163829172604,0.291714695121411,0,0,0,0,0,0,0,0,0,water
28045,3,2,0.8,0.593967813826331,0.39849717585389,0.237876742284179,0,0,0,0,0,0,0,0,0,water
28047,3,2,2.3,0.224117212145775,0.448740353738475,0.174681345182403,0,0,0,0,0,0,0,0,0,water
28049,3,2,-6.5,0.568216824504561,0.502304092015552,0.171671441773916,0,0,0,0,0,0,0,0,0,water
28051,2,2,-7.8,0.552459445493209,0.696334922682182,0.434942235400746,0,0,0,0,0,0,0,0,0,water
28053,2,8,-7.9,0.499867060208095,0.586513551802301,0.501026441216715,0,0,0,0,0,0,0,0,0,water
28057,1,9,1.4,0.405144723789907,0.342697623452462,0.445274985632228,0,0,0,0,0,0,0,0,0,water
28059,3,2,2.5,0.242638078837773,0.394857015025898,0.214407896424735,0,0,0,0,0,0,0,0,0,water
28061,2,8,-3.4,0.761979741527757,0.448290154818459,0.496871611625486,0,0,0,0,0,0,0,0,0,water
28063,2,9,-4.8,0.399420152214191,0.512506361562664,0.454284200770706,0,0,0,0,0,0,0,0,0,water
28065,2,8,-1.9,0.514531038839844,0.57548989810923,0.458507370676891,0,0,0,0,0,0,0,0,0,water
28067,3,4,-2,0.347938052421146,0.46256228496082,0.332700354840215,0,0,0,0,0,0,0,0,0,water
28069,2,9,-4.5,0.528453657192717,0.510465390220837,0.47420344674749,0,0,0,0,0,0,0,0,0,water
28071,5,4,7,0.311358694408255,0.43836786493182,0.245071075532711,0,0,0,0,0,0,0,0,0,water
28073,1,3,3.6,0.299521786018826,0.369306846386397,0.295779822488262,0,0,0,0,0,0,0,0,0,water
28075,3,5,-2.9,0.345452339670095,0.531642165968432,0.292016170996277,0,0,0,0,0,0,0,0,0,water
28077,2,8,-2.6,0.511077612520338,0.490052221572832,0.475581126958231,0,0,0,0,0,0,0,0,0,water
28079,2,8,1,0.434152938781478,0.445317528053611,0.496637722165128,0,0,0,0,0,0,0,0,0,water
28081,3,5,-0.4,0.312689825798929,0.375454047283579,0.284713942500845,0,0,0,0,0,0,0,0,0,water
28083,2,6,-7.7,0.294406925722451,0.596408369741027,0.239136017335264,0,0,0,0,0,0,0,0,0,water
28085,2,6,0.3,0.38993397841454,0.478092569410833,0.368171445714394,0,0,0,0,0,0,0,0,0,water
28087,3,5,-2.7,0.326351804160509,0.457838419143915,0.294788417964145,0,0,0,0,0,0,0,0,0,water
28089,1,2,4.6,0.200735344075977,0.336088440262679,0.198285778900138,0,0,0,0,0,0,0,0,0,water
28091,2,6,-1.5,0.430280110613098,0.4854574083642,0.379751854378785,0,0,0,0,0,0,0,0,0,water
28093,2,1,1.7,0.424778733737013,0.508180332134646,0.390302764530177,0,0,0,0,0,0,0,0,0,water
28095,2,7,-1.9,0.363120048888663,0.431755543989861,0.390255552148789,0,0,0,0,0,0,0,0,0,water
28097,2,9,-3.9,0.544092593615024,0.609830039324808,0.453787006469599,0,0,0,0,0,0,0,0,0,water
28099,2,7,-0.1,0.394495826892327,0.47833466266245,0.38669913186497,0,0,0,0,0,0,0,0,0,water
28101,2,8,-0.9,0.431837771259,0.419059971573874,0.462944197707694,0,0,0,0,0,0,0,0,0,water
28103,2,9,-3.9,0.495452098288248,0.596002035496785,0.484682276715383,0,0,0,0,0,0,0,0,0,water
28105,5,5,0.5,0.336734923488208,0.56642968451891,0.232321916199932,0,0,0,0,0,0,0,0,0,water
28107,2,6,-1.2,0.380204787739198,0.503299212067,0.387664900505936,0,0,0,0,0,0,0,0,0,water
28109,2,6,5,0.352052348146183,0.424694884462506,0.349023779147136,0,0,0,0,0,0,0,0,0,water
28111,2,3,-0.5,0.409664608528475,0.416002907832864,0.472025743364399,0,0,0,0,0,0,0,0,0,water
28113,2,6,-3,0.366200446704026,0.535791331016248,0.334306096512822,0,0,0,0,0,0,0,0,0,water
28115,2,9,2.6,0.419909128203468,0.366530739813126,0.444070199106332,0,0,0,0,0,0,0,0,0,water
28117,1,7,2.1,0.319370607549964,0.375540861228847,0.364348019419299,0,0,0,0,0,0,0,0,0,water
28119,2,8,-9.9,0.501114860441984,0.63070663384614,0.442098544471446,0,0,0,0,0,0,0,0,0,water
28121,1,2,2.2,0.536353220573122,0.326129483227345,0.223218023511635,0,0,0,0,0,0,0,0,0,water
28123,2,2,-1.1,0.454172697659554,0.455527136219343,0.464231587265235,0,0,0,0,0,0,0,0,0,water
28125,2,8,-14.3,0.771856696910167,0.60412913291467,0.558329795530677,0,0,0,0,0,0,0,0,0,water
28127,2,2,-1.1,0.440381234088905,0.416860270919318,0.466454564378237,0,0,0,0,0,0,0,0,0,water
28129,2,8,-1.1,0.752300437153885,0.439109106670176,0.490022641288234,0,0,0,0,0,0,0,0,0,water
28131,2,2,6.8,0.484759557443003,0.413294601689571,0.477926519991305,0,0,0,0,0,0,0,0,0,water
28133,2,7,-10.4,0.376135982770272,0.535325373766523,0.356652584720929,0,0,0,0,0,0,0,0,0,water
28135,2,9,-13.6,0.784509022606382,0.492012690784885,0.495453979105988,0,0,0,0,0,0,0,0,0,water
28137,1,1,1.5,0.393942238301859,0.392146556696082,0.363283667551821,0,0,0,0,0,0,0,0,0,water
28139,1,8,-1.4,0.465475081355797,0.438459987743614,0.447847483720159,0,0,0,0,0,0,0,0,0,water
28141,4,8,-1.6,0.502873053646859,0.506797076553989,0.455731816848513,0,0,0,0,0,0,0,0,0,water
28143,2,1,-5.9,0.666666666666667,0.677236906583973,0.476229310622369,0,0,0,0,0,0,0,0,0,water
28145,1,7,2,0.356758371430034,0.385751957536293,0.363330421334076,0,0,0,0,0,0,0,0,0,water
28147,2,9,-0.2,0.527957021678223,0.50674505606916,0.458799345291152,0,0,0,0,0,0,0,0,0,water
28149,3,4,-5.5,0.288090263120379,0.452114689724465,0.252730224905492,0,0,0,0,0,0,0,0,0,water
28151,2,5,-7.8,0.659176510482819,0.608686002541634,0.233913243283926,0,0,0,0,0,0,0,0,0,water
28153,2,9,-0.3,0.427171976560331,0.486117759155047,0.506717903753942,0,0,0,0,0,0,0,0,0,water
28155,1,9,1.4,0.419096013598533,0.364871264323013,0.448379813302221,0,0,0,0,0,0,0,0,0,water
28157,2,8,-8.3,0.438749396407148,0.531034237133585,0.45995265547838,0,0,0,0,0,0,0,0,0,water
28159,2,9,-1.5,0.467409963244656,0.550585634991756,0.482673930736431,0,0,0,0,0,0,0,0,0,water
28161,2,9,0.2,0.445632096237094,0.481197800679907,0.450784850796338,0,0,0,0,0,0,0,0,0,water
28163,2,2,-13.7,0.288427313345062,0.587886241636747,0.280926439449057,0,0,0,0,0,0,0,0,0,water
29001,3,7,1.5,0.236623612558742,0.434065421796238,0.225670826813239,0,0,0,0,0,0,0,0,0,water
29003,8,3,-0.1,0.612297489192977,0.325850052905756,0.314897723468563,0,0,0,0,0,0,0,0,0,water
29005,8,9,-3.1,0.424835766883,0.395202960256145,0.531031936387357,0,0,0,0,0,0,0,0,0,water
29007,3,6,-1.9,0.603747696710472,0.411753948740711,0.305233579099673,0,0,0,0,0,0,0,0,0,water
29009,3,6,3.1,0.753294201855997,0.422500322273805,0.40399079909671,0,0,0,0,0,0,0,0,0,water
29011,3,8,0.8,0.443930148985202,0.488545977149661,0.496329226426458,0,0,0,0,0,0,0,0,0,water
29013,8,1,2.1,0.798552364302673,0.436687169431079,0.45658887991745,0,0,0,0,0,0,0,0,0,water
29015,4,9,6.1,0.471491928335496,0.515794584217874,0.452133773715531,0,0,0,0,0,0,0,0,0,water
29017,4,3,0.5,0.448295167139808,0.381066990198324,0.44770871532436,0,0,0,0,0,0,0,0,0,water
29019,5,3,4.4,0.237213417909867,0.408815636218427,0.186927405907713,0,0,0,0,0,0,0,0,0,water
29021,3,3,-1.1,0.193990633479561,0.439851554804471,0.157399015378811,0,0,0,0,0,0,0,0,0,water
29023,4,5,-0.6,0.292335649114064,0.458641584339555,0.282231014720894,0,0,0,0,0,0,0,0,0,water
29025,8,1,2,0.783265529432173,0.369816413647718,0.451416286636599,0,0,0,0,0,0,0,0,0,water
29027,8,3,1.8,0.276852585881656,0.33942306963847,0.318662266176429,0,0,0,0,0,0,0,0,0,water
29029,4,7,3.1,0.634643549913962,0.447671903214582,0.298683969496343,0,0,0,0,0,0,0,0,0,water
29031,3,3,2.2,0.239085362070291,0.387762684452726,0.218895879888069,0,0,0,0,0,0,0,0,0,water
29033,8,8,-0.6,0.719395423502425,0.362910659718572,0.511610803520498,0,0,0,0,0,0,0,0,0,water
29035,4,9,3,0.392810171358112,0.461127242720589,0.444078104580264,0,0,0,0,0,0,0,0,0,water
29037,1,1,5.3,0.518689053562702,0.276257072130757,0.219125370665578,0,0,0,0,0,0,0,0,0,water
29039,4,8,5.7,0.453778424205005,0.457711341574018,0.447724454632464,0,0,0,0,0,0,0,0,0,water
29041,8,8,0.1,0.409131164112822,0.375007167782992,0.489158500081224,0,0,0,0,0,0,0,0,0,water
29043,1,2,7.6,0.239889315104188,0.307483267873128,0.251880100237521,0,0,0,0,0,0,0,0,0,water
29045,8,9,-0.5,0.431918712783161,0.378573061378733,0.454366768037275,0,0,0,0,0,0,0,0,0,water
29047,1,1,3.6,0.463751874209497,0.292299595359173,0.138913042387654,0,0,0,0,0,0,0,0,0,water
29049,8,1,2.4,0.364626259649116,0.355836919903994,0.373752686440854,0,0,0,0,0,0,0,0,0,water
29051,3,3,1.3,0.183793887991559,0.312547989869087,0.225484920193356,0,0,0,0,0,0,0,0,0,water
29053,8,3,2.9,0.294132831272218,0.360881949001846,0.297331750293072,0,0,0,0,0,0,0,0,0,water
29055,3,8,-1,0.442045028946653,0.394741357284668,0.421667128795906,0,0,0,0,0,0,0,0,0,water
29057,8,8,0.5,0.430253510127599,0.434369200157565,0.464180106796444,0,0,0,0,0,0,0,0,0,water
29059,4,2,4.3,0.451352549786243,0.457220514704703,0.446909064556248,0,0,0,0,0,0,0,0,0,water
29061,4,8,1.3,0.445428459844366,0.392614130469965,0.45011058844857,0,0,0,0,0,0,0,0,0,water
29063,8,3,-14.8,0.29670290745058,0.296676368969931,0.34557243319409,0,0,0,0,0,0,0,0,0,water
29065,4,9,2.3,0.353077205711028,0.40069786747157,0.341304369404853,0,0,0,0,0,0,0,0,0,water
29067,4,8,5.9,0.439032311629899,0.461965686450192,0.451752040761732,0,0,0,0,0,0,0,0,0,water
29069,2,7,-4.3,0.34489176125907,0.455479342718452,0.353446834238579,0,0,0,0,0,0,0,0,0,water
29071,8,1,2.3,0.613487135489972,0.32839971523281,0.295194465631845,0,0,0,0,0,0,0,0,0,water
29073,8,8,-0.7,0.743253531729195,0.370120807529419,0.446697673229224,0,0,0,0,0,0,0,0,0,water
29075,8,8,2.6,0.446392254400894,0.381616645301479,0.48206920363425,0,0,0,0,0,0,0,0,0,water
29077,3,2,2.9,0.545052339408009,0.422971171113716,0.15793587680501,0,0,0,0,0,0,0,0,0,water
29079,8,7,0.1,0.257623132191592,0.428322739307732,0.270272226225285,0,0,0,0,0,0,0,0,0,water
29081,8,9,0.4,0.42831792634054,0.443074685450589,0.444550650778792,0,0,0,0,0,0,0,0,0,water
29083,3,6,2.7,0.297593905725673,0.413268067673187,0.315827708167196,0,0,0,0,0,0,0,0,0,water
29085,4,8,5.6,0.859615767627732,0.625060863132169,0.451393028620523,0,0,0,0,0,0,0,0,0,water
29087,8,8,1.2,0.717943143779733,0.359437221802851,0.45883260800885,0,0,0,0,0,0,0,0,0,water
29089,8,3,-0.1,0.748801347798457,0.386186384815339,0.446262316969653,0,0,0,0,0,0,0,0,0,water
29091,4,7,2.4,0.718475734900833,0.482536332027611,0.35095397986261,0,0,0,0,0,0,0,0,0,water
29093,4,9,-1,0.79165903099298,0.474209338477838,0.445320384566903,0,0,0,0,0,0,0,0,0,water
29095,5,1,1.4,0.16144961360132,0.39938024858567,0.126235911943884,0,0,0,0,0,0,0,0,0,water
29097,3,3,2.9,0.537871526153372,0.427331892952375,0.194072967753591,0,0,0,0,0,0,0,0,0,water
29099,8,1,2.2,0.536302869240691,0.295795501981142,0.227601430348573,0,0,0,0,0,0,0,0,0,water
29101,3,4,3.4,0.284835889167934,0.333801848960136,0.289628816998859,0,0,0,0,0,0,0,0,0,water
29103,8,9,0,0.432976574601471,0.432959322763534,0.45748480953204,0,0,0,0,0,0,0,0,0,water
29105,3,6,1.9,0.281660323104487,0.426611537735382,0.315529030890983,0,0,0,0,0,0,0,0,0,water
29107,8,1,1.4,0.312976245759064,0.303700158914733,0.358454640843821,0,0,0,0,0,0,0,0,0,water
29109,3,6,3,0.359563524780714,0.408659234358442,0.360438326541652,0,0,0,0,0,0,0,0,0,water
29111,8,9,-1.9,0.445736788691378,0.411487029615153,0.442307572463236,0,0,0,0,0,0,0,0,0,water
29113,8,1,10.1,0.683382040174963,0.293373996378317,0.361088528964414,0,0,0,0,0,0,0,0,0,water
29115,8,9,0.4,0.318213509298242,0.408899054868693,0.355941643378935,0,0,0,0,0,0,0,0,0,water
29117,3,7,4.8,0.211816378553255,0.368972666119,0.239649792498693,0,0,0,0,0,0,0,0,0,water
29119,6,8,3.3,0.478936068060469,0.406695512926224,0.492849189927338,0,0,0,0,0,0,0,0,0,water
29121,8,7,-0.1,0.322761163706178,0.369819345790861,0.359647208750631,0,0,0,0,0,0,0,0,0,water
29123,4,9,1.8,0.326015401122508,0.376158699890528,0.321963494956169,0,0,0,0,0,0,0,0,0,water
29125,4,8,0.7,0.437238987218966,0.410565316724554,0.450197074811359,0,0,0,0,0,0,0,0,0,water
29127,3,7,-0.2,0.567249217205774,0.381960004585815,0.241985835483426,0,0,0,0,0,0,0,0,0,water
29129,8,9,-1.7,0.425589875043077,0.377213706942061,0.455623775301225,0,0,0,0,0,0,0,0,0,water
29131,3,6,3.6,0.3519257045057,0.394124818502629,0.37311165650209,0,0,0,0,0,0,0,0,0,water
29133,2,8,-3.1,0.421200560573689,0.500438194738941,0.535816150498172,0,0,0,0,0,0,0,0,0,water
29135,8,3,0.5,0.437581046832494,0.322524891713604,0.458858832985648,0,0,0,0,0,0,0,0,0,water
29137,8,9,2.3,0.776296742747797,0.472543188784759,0.458284409156202,0,0,0,0,0,0,0,0,0,water
29139,8,8,2,0.442067470612075,0.402595740334619,0.456736164333013,0,0,0,0,0,0,0,0,0,water
29141,4,8,6.7,0.816047385807763,0.468511685010889,0.458871860414901,0,0,0,0,0,0,0,0,0,water
29143,2,9,-6.8,0.73858688717224,0.449428181853824,0.425415897080016,0,0,0,0,0,0,0,0,0,water
29145,3,3,4.8,0.326479196962055,0.353220702887186,0.331777528149323,0,0,0,0,0,0,0,0,0,water
29147,3,6,-2.4,0.28156190333899,0.43086729475833,0.268946085725141,0,0,0,0,0,0,0,0,0,water
29149,4,9,1,0.487107883912075,0.486120441979402,0.450417033987369,0,0,0,0,0,0,0,0,0,water
29151,8,3,1.7,0.405957682930318,0.312552367695456,0.45598763944288,0,0,0,0,0,0,0,0,0,water
29153,4,9,6.7,0.447434031200723,0.538470782282543,0.45617136266694,0,0,0,0,0,0,0,0,0,water
29155,2,7,-7.6,0.388845408409581,0.559695712136326,0.372710925622587,0,0,0,0,0,0,0,0,0,water
29157,8,6,0.7,0.601692740842568,0.34713502593065,0.310468108831043,0,0,0,0,0,0,0,0,0,water
29159,8,5,1.8,0.243791269833273,0.374847179389163,0.250461256172563,0,0,0,0,0,0,0,0,0,water
29161,3,5,2.5,0.315430003917846,0.432144833137291,0.28979849743726,0,0,0,0,0,0,0,0,0,water
29163,8,8,3.1,0.774128379263788,0.394353222518645,0.46701926191467,0,0,0,0,0,0,0,0,0,water
29165,1,1,5.6,0.4907783868308,0.27729646625182,0.156549138761762,0,0,0,0,0,0,0,0,0,water
29167,3,2,4.6,0.362828759219206,0.428434351465963,0.342754245703089,0,0,0,0,0,0,0,0,0,water
29169,3,5,-0.1,0.607387651018,0.333056061467603,0.249388910879527,0,0,0,0,0,0,0,0,0,water
29171,8,9,-3.1,0.418611925707629,0.419664539427733,0.552930840799097,0,0,0,0,0,0,0,0,0,water
29173,8,9,1.4,0.775151073115478,0.413608294973415,0.442020224498377,0,0,0,0,0,0,0,0,0,water
29175,3,6,-1.6,0.255759796671089,0.383892488785073,0.285271699148093,0,0,0,0,0,0,0,0,0,water
29177,8,1,0.3,0.339823669259337,0.347067804921994,0.36254388887206,0,0,0,0,0,0,0,0,0,water
29179,4,9,-2.5,0.432567824378524,0.430734008066332,0.438892300345382,0,0,0,0,0,0,0,0,0,water
29181,3,9,0.4,0.460190716392788,0.459710545001934,0.447774275442859,0,0,0,0,0,0,0,0,0,water
29183,1,1,4.3,0.0950718410837766,0.222305122700131,0.129675428402384,0,0,0,0,0,0,0,0,0,water
29185,4,8,5.4,0.429342029908054,0.440454490498552,0.452993909315643,0,0,0,0,0,0,0,0,0,water
29186,8,8,0.4,0.656857992613174,0.334078469677701,0.361263170600658,0,0,0,0,0,0,0,0,0,water
29187,3,4,1.6,0.583682159486267,0.416316420248404,0.247466058540816,0,0,0,0,0,0,0,0,0,water
29189,5,1,-1,0.130809179447598,0.346709287187845,0.116310842661359,0,0,0,0,0,0,0,0,0,water
29195,8,7,-0.1,0.214749345911791,0.385283231225162,0.288820232499287,0,0,0,0,0,0,0,0,0,water
29197,8,9,1.5,0.398775941737618,0.329566678103253,0.463490338314768,0,0,0,0,0,0,0,0,0,water
29199,8,9,-0.1,0.810094836836355,0.302754194868257,0.470620536084403,0,0,0,0,0,0,0,0,0,water
29201,3,4,-0.2,0.611893338432377,0.407742459526689,0.283091257387891,0,0,0,0,0,0,0,0,0,water
29203,4,9,3.4,0.505768131749386,0.397204493879989,0.44808864391013,0,0,0,0,0,0,0,0,0,water
29205,8,9,-2.8,0.402035552469601,0.412403960874987,0.444679772141914,0,0,0,0,0,0,0,0,0,water
29207,3,6,-0.7,0.643012962603079,0.403288054409125,0.342227823732662,0,0,0,0,0,0,0,0,0,water
29209,4,6,4.6,0.719747389310937,0.458503013074832,0.389120695088749,0,0,0,0,0,0,0,0,0,water
29211,8,9,-3.8,0.424513244292749,0.421818918816929,0.470424659825211,0,0,0,0,0,0,0,0,0,water
29213,3,4,1.2,0.606851777790091,0.434292990322978,0.235436814368044,0,0,0,0,0,0,0,0,0,water
29215,4,9,5.7,0.797087665002351,0.459624941841575,0.453964582967044,0,0,0,0,0,0,0,0,0,water
29217,3,6,0.6,0.629547833301507,0.431131460630461,0.318135268328751,0,0,0,0,0,0,0,0,0,water
29219,8,1,7.7,0.68520134521434,0.309059677149346,0.356329997025606,0,0,0,0,0,0,0,0,0,water
29221,4,8,0.6,0.786515183091463,0.415680578550426,0.444171065706878,0,0,0,0,0,0,0,0,0,water
29223,4,9,-1.1,0.496040534135799,0.539648307169385,0.444622208680416,0,0,0,0,0,0,0,0,0,water
29225,4,2,7.8,0.363486894255745,0.345119851928387,0.382707024958818,0,0,0,0,0,0,0,0,0,water
29227,8,9,-4.9,0.417296542149676,0.4244219961957,0.462686481366842,0,0,0,0,0,0,0,0,0,water
29229,4,8,7.1,0.404015373190336,0.439620786030615,0.369723302014208,0,0,0,0,0,0,0,0,0,water
29510,5,1,-6.9,0.193645496325753,0.48619325569684,0.110817900070975,0,0,0,0,0,0,0,0,0,water
30001,7,9,6.7,0.344708235967945,0.459529568405776,0.298504309575318,0,0,0,0,0,0,0,0,0,water
30003,6,8,-2.2,0.538391831189953,0.391185601325,0.479559320723617,0,0,0,0,0,0,0,0,0,water
30005,6,9,-1.4,0.847734412432697,0.414522627961878,0.485127058537845,0,0,0,0,0,0,0,0,0,water
30007,7,3,21,0.424150382749579,0.420441176796886,0.452466997597925,0,0,0,0,0,0,0,0,0,water
30009,7,3,9.4,0.474435520391206,0.410051418403879,0.501943180411826,0,0,0,0,0,0,0,0,0,water
30013,7,3,0.1,0.520626894070363,0.38235595354755,0.182385076067701,0,0,0,0,0,0,0,0,0,water
30015,7,8,-0.6,0.406691262220236,0.377845616637755,0.459422475250157,0,0,0,0,0,0,0,0,0,water
30017,7,7,0.9,0.543876684604746,0.404088019754493,0.198855835568197,0,0,0,0,0,0,0,0,0,water
30021,7,7,-2.1,0.508695154857856,0.350052994426932,0.197992171403684,0,0,0,0,0,0,0,0,0,water
30023,7,7,4.1,0.247681155062018,0.516493182279094,0.207724768778235,0,0,0,0,0,0,0,0,0,water
30025,7,9,-2.7,0.398492662505488,0.344602809776802,0.456474848156831,0,0,0,0,0,0,0,0,0,water
30027,7,7,3.4,0.599942274115043,0.457286707943098,0.260453707290962,0,0,0,0,0,0,0,0,0,water
30029,7,5,9.2,0.654514232927958,0.39453696376417,0.28681474751167,0,0,0,0,0,0,0,0,0,water
30031,7,3,6.2,0.261039263787692,0.331809972128062,0.235655432041274,0,0,0,0,0,0,0,0,0,water
30035,6,9,-1.8,0.48433183803043,0.494572066100408,0.466473354372174,0,0,0,0,0,0,0,0,0,water
30041,7,7,-1.2,0.251759349327313,0.430263167460909,0.245669843135683,0,0,0,0,0,0,0,0,0,water
30043,7,3,9.6,0.762506889210563,0.317533854365281,0.454911714592486,0,0,0,0,0,0,0,0,0,water
30047,7,6,6.9,0.763888639923239,0.460212208147256,0.394472719190401,0,0,0,0,0,0,0,0,0,water
30049,7,3,5.5,0.527847036295312,0.342221173755581,0.201286322122144,0,0,0,0,0,0,0,0,0,water
30053,7,9,12.4,0.762218626509458,0.507711474530866,0.375212041810793,0,0,0,0,0,0,0,0,0,water
30057,7,8,12.6,0.774142356489632,0.401932284374682,0.488028135102698,0,0,0,0,0,0,0,0,0,water
30059,7,8,7.3,0.443499944972587,0.554691134981381,0.552206868915868,0,0,0,0,0,0,0,0,0,water
30061,7,3,13.7,0.43980421628195,0.48922692672391,0.456783753977387,0,0,0,0,0,0,0,0,0,water
30063,7,3,3.5,0.5756895700719,0.384664099024748,0.200732292415634,0,0,0,0,0,0,0,0,0,water
30065,7,8,14.8,0.43151686415706,0.442649225506024,0.465584213449084,0,0,0,0,0,0,0,0,0,water
30067,7,6,4.9,0.286984942000201,0.442426967629047,0.276670027375388,0,0,0,0,0,0,0,0,0,water
30071,7,9,0.1,0.408138279227501,0.367866094150708,0.437769984178918,0,0,0,0,0,0,0,0,0,water
30073,7,9,3.4,0.788306004229827,0.467574905975833,0.469521720162484,0,0,0,0,0,0,0,0,0,water
30077,7,8,2.6,0.457794628221615,0.343181482744867,0.483362370347513,0,0,0,0,0,0,0,0,0,water
30081,7,6,8.5,0.420506648534487,0.385266436264368,0.4078426079894,0,0,0,0,0,0,0,0,0,water
30083,7,7,-4.4,0.626820719695816,0.342197913066153,0.271183430697482,0,0,0,0,0,0,0,0,0,water
30085,6,9,-5.6,0.44260608165307,0.472104360058142,0.444899867530467,0,0,0,0,0,0,0,0,0,water
30087,6,8,-1.3,0.854272719842034,0.452601448061623,0.454682034335168,0,0,0,0,0,0,0,0,0,water
30089,7,8,11.5,0.489649348722402,0.511513290223902,0.456423196748811,0,0,0,0,0,0,0,0,0,water
30091,8,9,-2.5,0.443030724189822,0.396370595162267,0.451128067173091,0,0,0,0,0,0,0,0,0,water
30093,7,5,2.6,0.176105008262245,0.457062543664925,0.158265206658347,0,0,0,0,0,0,0,0,0,water
30095,7,3,5,0.424356823797857,0.323907316976711,0.456299624682449,0,0,0,0,0,0,0,0,0,water
30097,7,8,2.4,0.436450040843667,0.38056158063722,0.440074958903369,0,0,0,0,0,0,0,0,0,water
30099,7,8,3.1,0.441962690354952,0.366080066812231,0.449244427029582,0,0,0,0,0,0,0,0,0,water
30101,7,9,3.7,0.448198946348186,0.394675681661752,0.47217181392317,0,0,0,0,0,0,0,0,0,water
30105,7,9,-1.7,0.406732510252487,0.371478553408102,0.439943508476005,0,0,0,0,0,0,0,0,0,water
30107,7,9,-0.7,0.473106387244398,0.547627631320104,0.553198957092502,0,0,0,0,0,0,0,0,0,water
30111,7,3,3.9,0.519185988328236,0.350796513568166,0.171065523215142,0,0,0,0,0,0,0,0,0,water
31001,8,4,0.1,0.535353944309263,0.398219194801748,0.186244701775637,0,0,0,0,0,0,0,0,0,water
31003,8,9,1.3,0.421906696388773,0.366907442007451,0.548056748398504,0,0,0,0,0,0,0,0,0,water
31011,8,9,-0.1,0.417966110967242,0.354212218607769,0.582842186178203,0,0,0,0,0,0,0,0,0,water
31013,8,7,-1.1,0.200888893884725,0.382068187563019,0.251183408626536,0,0,0,0,0,0,0,0,0,water
31015,8,9,-5.7,0.453559460814479,0.466172588407287,0.507718520171176,0,0,0,0,0,0,0,0,0,water
31017,8,9,-0.9,0.43628739222173,0.503789351876439,0.623795000974432,0,0,0,0,0,0,0,0,0,water
31019,8,4,1.9,0.237709580885382,0.356441874374368,0.227333399405216,0,0,0,0,0,0,0,0,0,water
31021,8,8,0,0.413484758667036,0.406493595858321,0.524803665108072,0,0,0,0,0,0,0,0,0,water
31023,8,8,1,0.759485122311777,0.304553066462546,0.49565736786369,0,0,0,0,0,0,0,0,0,water
31025,8,2,3.3,0.675216203401685,0.275469482788966,0.370962937318965,0,0,0,0,0,0,0,0,0,water
31027,8,9,-1.3,0.40271770782934,0.30319553930307,0.467283188475089,0,0,0,0,0,0,0,0,0,water
31029,6,9,-3.2,0.447882465684218,0.400325087214808,0.608808767105735,0,0,0,0,0,0,0,0,0,water
31031,8,9,1.9,0.403752680066522,0.330788071082111,0.576681184151758,0,0,0,0,0,0,0,0,0,water
31033,8,7,1.2,0.236039250006061,0.404979133112264,0.231263651326674,0,0,0,0,0,0,0,0,0,water
31035,8,9,-0.1,0.74723586115887,0.300676997891575,0.480253605391853,0,0,0,0,0,0,0,0,0,water
31037,6,7,2.6,0.207175090589069,0.250145132038068,0.265353095196974,0,0,0,0,0,0,0,0,0,water
31039,8,9,-0.7,0.727363917992591,0.30801740546953,0.512147144705486,0,0,0,0,0,0,0,0,0,water
31041,8,9,0,0.777531073270935,0.367499624521496,0.55873321812931,0,0,0,0,0,0,0,0,0,water
31043,8,3,-1,0.274357770840238,0.340524975827493,0.189384280698356,0,0,0,0,0,0,0,0,0,water
31045,8,9,-1.9,0.592505899398701,0.437541730587333,0.263234797970859,0,0,0,0,0,0,0,0,0,water
31047,8,7,2,0.332122331007959,0.385114436633297,0.318593468791907,0,0,0,0,0,0,0,0,0,water
31049,8,9,3.2,0.397693084014166,0.375215028744175,0.443173053208339,0,0,0,0,0,0,0,0,0,water
31051,8,8,-1.1,0.75045184258687,0.310448385157632,0.480351316042331,0,0,0,0,0,0,0,0,0,water
31053,8,4,2.1,0.185947157934075,0.338916963733871,0.21096586630065,0,0,0,0,0,0,0,0,0,water
31055,5,2,2.7,0.145806547647837,0.3429118456059,0.119778423697854,0,0,0,0,0,0,0,0,0,water
31059,8,8,-1,0.387699018841965,0.313423042945466,0.509964853328004,0,0,0,0,0,0,0,0,0,water
31061,8,9,-2.5,0.431616285818476,0.445834848447229,0.458295991679262,0,0,0,0,0,0,0,0,0,water
31063,8,9,1.3,0.432302984686638,0.401774880785583,0.509775523397657,0,0,0,0,0,0,0,0,0,water
31065,8,9,-3.5,0.447125673505705,0.421876311589217,0.428078120710813,0,0,0,0,0,0,0,0,0,water
31067,8,6,0.2,0.257118637833449,0.387882085514347,0.268757665749549,0,0,0,0,0,0,0,0,0,water
31071,8,9,-5.4,0.455198616028872,0.407838581793806,0.463018760407198,0,0,0,0,0,0,0,0,0,water
31073,8,9,-4.6,0.412965295673301,0.328660963222104,0.528402377434517,0,0,0,0,0,0,0,0,0,water
31077,8,8,0.8,0.799888473841339,0.426220116983446,0.600200540946587,0,0,0,0,0,0,0,0,0,water
31079,8,3,0.1,0.149507923644729,0.353225129517942,0.154052581164305,0,0,0,0,0,0,0,0,0,water
31081,8,8,1.7,0.703660720408554,0.29065472124202,0.486913636906676,0,0,0,0,0,0,0,0,0,water
31083,8,9,-1.2,0.439326521213978,0.379652712898263,0.496577864711254,0,0,0,0,0,0,0,0,0,water
31087,8,9,-6.1,0.423837422066796,0.418312098584244,0.48407545191415,0,0,0,0,0,0,0,0,0,water
31089,8,9,0.1,0.420618374043355,0.36489308216132,0.531755160344108,0,0,0,0,0,0,0,0,0,water
31093,8,3,1.3,0.46779639539169,0.320189198821092,0.496914765196469,0,0,0,0,0,0,0,0,0,water
31095,8,9,-1.7,0.584186573669234,0.383588444600063,0.268088396207016,0,0,0,0,0,0,0,0,0,water
31097,8,8,-1.4,0.389373851486288,0.333148324242532,0.473013257267252,0,0,0,0,0,0,0,0,0,water
31099,8,9,0.9,0.419663748956517,0.296034615781195,0.47055545068684,0,0,0,0,0,0,0,0,0,water
31101,8,9,-2.1,0.23654883451884,0.409557310037968,0.269486553183738,0,0,0,0,0,0,0,0,0,water
31105,8,8,-3,0.44374197302541,0.445746039415385,0.471679294585584,0,0,0,0,0,0,0,0,0,water
31107,8,9,-1,0.403697652023882,0.370580078765983,0.528500950585427,0,0,0,0,0,0,0,0,0,water
31109,5,2,3,0.167410937776978,0.359312461776809,0.143742443432467,0,0,0,0,0,0,0,0,0,water
31111,8,5,-3.5,0.229137881798601,0.394308067173216,0.256329507335858,0,0,0,0,0,0,0,0,0,water
31119,8,5,0.1,0.210926909225916,0.363673487168871,0.207787187920817,0,0,0,0,0,0,0,0,0,water
31121,8,3,2.3,0.485534948612554,0.382657097249319,0.460556226521334,0,0,0,0,0,0,0,0,0,water
31123,8,9,-1.6,0.436348330643746,0.404828291822467,0.50014625978256,0,0,0,0,0,0,0,0,0,water
31125,8,8,-3.9,0.39587096772017,0.375449790955759,0.458468278932686,0,0,0,0,0,0,0,0,0,water
31127,8,9,-0.6,0.413323330892693,0.382748850591938,0.458685883759245,0,0,0,0,0,0,0,0,0,water
31129,8,9,0.1,0.368988698839564,0.340812428181323,0.513727422677591,0,0,0,0,0,0,0,0,0,water
31131,8,6,4.3,0.624231537514275,0.313555819035251,0.317496437383233,0,0,0,0,0,0,0,0,0,water
31133,8,9,-0.8,0.450697449764536,0.442282301314427,0.45673169536552,0,0,0,0,0,0,0,0,0,water
31135,8,9,-2.9,0.434156050694512,0.33614258460744,0.552417131841082,0,0,0,0,0,0,0,0,0,water
31137,8,7,0.7,0.249401275263638,0.405518289530732,0.327112789992653,0,0,0,0,0,0,0,0,0,water
31139,8,9,-0.1,0.744609466141782,0.30320099587558,0.478696759850823,0,0,0,0,0,0,0,0,0,water
31141,8,5,3.5,0.512149842535232,0.329079994138143,0.206923263228868,0,0,0,0,0,0,0,0,0,water
31143,8,8,1,0.376767964260383,0.289327301095184,0.511876869332816,0,0,0,0,0,0,0,0,0,water
31145,8,7,-2.6,0.529212870265038,0.41381009477357,0.248944595940991,0,0,0,0,0,0,0,0,0,water
31147,8,9,-2.5,0.229020631957177,0.394070919423178,0.28179436426172,0,0,0,0,0,0,0,0,0,water
31151,8,6,0.2,0.309629210877837,0.280176474513121,0.30714423722259,0,0,0,0,0,0,0,0,0,water
31153,1,2,7.1,0.108920324890623,0.22373417680542,0.129038011021283,0,0,0,0,0,0,0,0,0,water
31155,8,2,4.6,0.340678149846873,0.281403604124821,0.380772958627995,0,0,0,0,0,0,0,0,0,water
31157,7,5,-0.9,0.237767290462117,0.42871656146934,0.216478270132409,0,0,0,0,0,0,0,0,0,water
31159,8,2,0.9,0.603936689074891,0.279149582793558,0.342928129983468,0,0,0,0,0,0,0,0,0,water
31161,8,9,-3.5,0.436450040843667,0.435020343805937,0.479189517162993,0,0,0,0,0,0,0,0,0,water
31163,8,8,-0.1,0.418611925707629,0.404279562521551,0.493419434696788,0,0,0,0,0,0,0,0,0,water
31167,8,9,-1.1,0.348013512965661,0.313183234321904,0.382471918268765,0,0,0,0,0,0,0,0,0,water
31169,8,9,-3.1,0.399817303021265,0.356485417974197,0.510529533420205,0,0,0,0,0,0,0,0,0,water
31173,6,8,-1.8,0.520099450601735,0.366828758234523,0.500546406949354,0,0,0,0,0,0,0,0,0,water
31175,8,9,-0.6,0.432709405983872,0.374175325250596,0.475904007094734,0,0,0,0,0,0,0,0,0,water
31177,8,2,1.6,0.600253462017387,0.269248360008134,0.322425571401892,0,0,0,0,0,0,0,0,0,water
31179,8,7,1.7,0.281461520190114,0.362579029059464,0.281385010753176,0,0,0,0,0,0,0,0,0,water
31181,8,9,-1.9,0.400004060813104,0.333675829205617,0.536154348231326,0,0,0,0,0,0,0,0,0,water
31185,8,6,1.9,0.248643949427024,0.334233492298724,0.266676076589107,0,0,0,0,0,0,0,0,0,water
32001,7,6,1.8,0.5866618367133,0.359261102353572,0.252304803219451,0,0,0,0,0,0,0,0,0,water
32003,7,1,5.4,0.544092344693032,0.422203710143157,0.116196708982366,0,0,0,0,0,0,0,0,0,water
32005,7,4,0.1,0.580378112869672,0.411332611319263,0.209665190031184,0,0,0,0,0,0,0,0,0,water
32007,7,5,1.3,0.275846320805791,0.305197339152735,0.288445629712428,0,0,0,0,0,0,0,0,0,water
32013,7,7,-0.9,0.250132004362214,0.315933977742121,0.258901670669985,0,0,0,0,0,0,0,0,0,water
32015,6,9,1,0.469197001937434,0.307332778255303,0.456656133636293,0,0,0,0,0,0,0,0,0,water
32017,7,8,-2.1,0.447552264699007,0.339044045634954,0.455814747880112,0,0,0,0,0,0,0,0,0,water
32019,7,2,7.2,0.610991351533368,0.394594010031566,0.271936386548824,0,0,0,0,0,0,0,0,0,water
32021,7,8,-1.8,0.43812471204406,0.506794978272877,0.448988105148121,0,0,0,0,0,0,0,0,0,water
32023,6,4,7.7,0.579176295686294,0.492799789869704,0.224321677135476,0,0,0,0,0,0,0,0,0,water
32027,6,8,-1.3,0.388280102853978,0.302949832828203,0.47639728834782,0,0,0,0,0,0,0,0,0,water
32029,7,2,0.1,0.440139386946117,0.384238178029288,0.407926412104308,0,0,0,0,0,0,0,0,0,water
32031,7,2,4,0.517514809739741,0.357343396854954,0.125724583126688,0,0,0,0,0,0,0,0,0,water
32033,7,9,-5.8,0.277262767656299,0.319122908224584,0.295442939771791,0,0,0,0,0,0,0,0,0,water
32510,7,3,-0.9,0.285161748361745,0.400538405111015,0.130737828641929,0,0,0,0,0,0,0,0,0,water
33001,9,4,2.3,0.65347728620959,0.354295960356265,0.293773546560415,0,0,0,0,0,0,0,0,0,water
33003,9,6,4.7,0.787245443308077,0.399699827231937,0.411301793886629,0,0,0,0,0,0,0,0,0,water
33005,9,4,2,0.361624843485726,0.3551959953372,0.345077435213534,0,0,0,0,0,0,0,0,0,water
33007,10,7,-0.4,0.339160568066535,0.432110934143713,0.340279216593964,0,0,0,0,0,0,0,0,0,water
33009,9,5,2,0.684913766564298,0.377308448623062,0.334969887393496,0,0,0,0,0,0,0,0,0,water
33011,9,2,1.8,0.551513251817382,0.280692576555502,0.192975507935548,0,0,0,0,0,0,0,0,0,water
33013,9,4,2.5,0.638989022645387,0.296503252097212,0.294883840349255,0,0,0,0,0,0,0,0,0,water
33015,9,1,2.5,0.550482685502664,0.254294669760962,0.208618074093454,0,0,0,0,0,0,0,0,0,water
33017,9,1,2.4,0.599645954629149,0.337042868007964,0.23312167006402,0,0,0,0,0,0,0,0,0,water
33019,9,7,2.2,0.390603375971211,0.411433056635539,0.371043410323024,0,0,0,0,0,0,0,0,0,water
34001,9,2,1.8,0.598079816656215,0.433639859900308,0.163061121081958,0,0,0,0,0,0,0,0,0,water
34003,9,1,2.6,0.201188539311855,0.287658480478059,0.111701819211429,0,0,0,0,0,0,0,0,0,water
34005,9,1,3,0.502029627570681,0.287435230235838,0.144275474687601,0,0,0,0,0,0,0,0,0,water
34007,9,1,2.1,0.525302204826101,0.378679807381982,0.116188314877546,0,0,0,0,0,0,0,0,0,water
34009,9,2,-1.2,0.237858516861093,0.406669513859639,0.177398209693466,0,0,0,0,0,0,0,0,0,water
34011,9,3,1.3,0.638548177945298,0.47098737501746,0.223811081395051,0,0,0,0,0,0,0,0,0,water
34013,9,1,2.5,0.59973769455954,0.461528310104177,0.110936158508495,0,0,0,0,0,0,0,0,0,water
34015,9,1,3,0.172429083696876,0.291777344359328,0.148788373221047,0,0,0,0,0,0,0,0,0,water
34017,9,1,2,0.599178176486405,0.404029743152395,0.111380801885531,0,0,0,0,0,0,0,0,0,water
34021,9,2,1.5,0.202696391972342,0.345798975261944,0.128216664256648,0,0,0,0,0,0,0,0,0,water
34023,9,1,3.3,0.528910353982247,0.297577132011152,0.114596848454019,0,0,0,0,0,0,0,0,0,water
34025,9,1,0.7,0.514994047253355,0.274608529741066,0.129808063403498,0,0,0,0,0,0,0,0,0,water
34029,9,1,4.4,0.524837670007099,0.390407870616201,0.123822444615634,0,0,0,0,0,0,0,0,0,water
34031,9,1,0.6,0.618685269934115,0.435025715955576,0.120253191434272,0,0,0,0,0,0,0,0,0,water
34033,9,1,1.6,0.680325888115249,0.405508351295343,0.289589470378084,0,0,0,0,0,0,0,0,0,water
34037,9,1,2.4,0.623028170550403,0.257123032998497,0.27524445209428,0,0,0,0,0,0,0,0,0,water
34039,9,1,3.6,0.219264675634432,0.334029228879315,0.110870503251279,0,0,0,0,0,0,0,0,0,water
34041,9,2,2.3,0.616557201919217,0.313701020943089,0.261581819118672,0,0,0,0,0,0,0,0,0,water
35001,7,2,-0.8,0.522628965469918,0.44155201641175,0.124639067513848,0,0,0,0,0,0,0,0,0,water
35003,6,9,5.2,0.748755993069037,0.545591616577059,0.47149204261061,0,0,0,0,0,0,0,0,0,water
35005,6,5,-2.2,0.237477723995937,0.484394607282274,0.230310792770093,0,0,0,0,0,0,0,0,0,water
35006,6,6,-1,0.739160362967188,0.474191134911844,0.326799412027562,0,0,0,0,0,0,0,0,0,water
35007,6,7,-0.4,0.61763162282056,0.475676062363842,0.308310917328798,0,0,0,0,0,0,0,0,0,water
35009,6,5,-2.5,0.230218256230383,0.466951065780439,0.216021689434003,0,0,0,0,0,0,0,0,0,water
35013,6,3,4.2,0.587768136454557,0.481948617211663,0.206652971861787,0,0,0,0,0,0,0,0,0,water
35015,6,5,-1.5,0.510887649571183,0.310078023538575,0.193616562432138,0,0,0,0,0,0,0,0,0,water
35017,6,7,-2.4,0.620352210559474,0.506831245676304,0.251190067156479,0,0,0,0,0,0,0,0,0,water
35019,6,9,-1.3,0.761939876416441,0.464229168208844,0.462796459285585,0,0,0,0,0,0,0,0,0,water
35023,6,9,-4.7,0.796449069226056,0.462020419642451,0.467586347643589,0,0,0,0,0,0,0,0,0,water
35025,6,5,0.7,0.227268939778083,0.377056726256952,0.207505025395019,0,0,0,0,0,0,0,0,0,water
35027,6,7,-1.4,0.270303209598265,0.49056534772531,0.266062121754892,0,0,0,0,0,0,0,0,0,water
35028,7,6,1.3,0.068564917105321,0.109895385445932,0.127416763737641,0,0,0,0,0,0,0,0,0,water
35029,6,6,1.7,0.602571911622226,0.526244536321103,0.257404273702785,0,0,0,0,0,0,0,0,0,water
35031,6,5,-5,0.500611113214921,0.508605920068744,0.333112433249016,0,0,0,0,0,0,0,0,0,water
35033,6,8,-2.3,0.779211678034011,0.450820237388955,0.502154024193761,0,0,0,0,0,0,0,0,0,water
35035,6,4,2.7,0.639532027155304,0.434216474102626,0.295801039012509,0,0,0,0,0,0,0,0,0,water
35037,6,7,-3.5,0.246173927960948,0.583953099465164,0.256647055590732,0,0,0,0,0,0,0,0,0,water
35039,6,6,-0.8,0.648951476713038,0.442941565011235,0.306359088817166,0,0,0,0,0,0,0,0,0,water
35041,6,7,-2.3,0.620364218694655,0.449691970100617,0.262285919150311,0,0,0,0,0,0,0,0,0,water
35043,6,2,5.7,0.515469570367341,0.316935854908991,0.176104471528652,0,0,0,0,0,0,0,0,0,water
35045,6,3,-0.5,0.646446179827413,0.481923876243456,0.232640219091592,0,0,0,0,0,0,0,0,0,water
35047,6,6,-2.6,0.679164716241228,0.53617539397425,0.268913706602331,0,0,0,0,0,0,0,0,0,water
35049,7,3,1.7,0.62752705189454,0.449010845621141,0.230073783242887,0,0,0,0,0,0,0,0,0,water
35051,6,6,-1.5,0.564623886890085,0.614237003502154,0.229031107649687,0,0,0,0,0,0,0,0,0,water
35053,6,6,-3.6,0.62361652570411,0.504159112367783,0.290793450980526,0,0,0,0,0,0,0,0,0,water
35055,6,7,0,0.666126546290153,0.517740819361592,0.295326700564409,0,0,0,0,0,0,0,0,0,water
35057,6,2,6.2,0.796319680571183,0.44910411751685,0.460233401919772,0,0,0,0,0,0,0,0,0,water
35059,6,9,-3.6,0.42609155769972,0.483422880310554,0.406046957554322,0,0,0,0,0,0,0,0,0,water
35061,6,2,5.6,0.569727744957264,0.442442553558128,0.216065459969399,0,0,0,0,0,0,0,0,0,water
36001,9,2,1.9,0.504043081214257,0.377138793355794,0.143557019775505,0,0,0,0,0,0,0,0,0,water
36003,10,7,-0.1,0.742240480059345,0.416008741363336,0.414372111472047,0,0,0,0,0,0,0,0,0,water
36007,10,3,-0.9,0.22868239136291,0.462799114590033,0.195417876967938,0,0,0,0,0,0,0,0,0,water
36009,10,4,-2,0.668041454364439,0.43628829984701,0.325528086068274,0,0,0,0,0,0,0,0,0,water
36011,10,4,-2.1,0.648556398355776,0.409926553138369,0.308421861499288,0,0,0,0,0,0,0,0,0,water
36013,10,4,-2.6,0.294607200798695,0.45817901811681,0.26790679177226,0,0,0,0,0,0,0,0,0,water
36015,10,3,-3.1,0.21710879223248,0.446886431347332,0.19796066116647,0,0,0,0,0,0,0,0,0,water
36017,10,6,-2.8,0.388050469350587,0.401197257054505,0.399391086030565,0,0,0,0,0,0,0,0,0,water
36019,10,4,-2.3,0.659603301787586,0.392600956307544,0.332116328100835,0,0,0,0,0,0,0,0,0,water
36021,9,6,-1.8,0.761087152848273,0.409985953060155,0.386629358376523,0,0,0,0,0,0,0,0,0,water
36023,10,4,-1.7,0.610202172724636,0.395049173806228,0.278804429733049,0,0,0,0,0,0,0,0,0,water
36025,9,8,-0.1,0.439005389110409,0.47210044601548,0.42037172505131,0,0,0,0,0,0,0,0,0,water
36027,9,2,1.4,0.602637748880326,0.336967648265123,0.221547319874447,0,0,0,0,0,0,0,0,0,water
36029,9,1,-0.2,0.51169562880475,0.408980775074943,0.14645691098109,0,0,0,0,0,0,0,0,0,water
36031,9,6,-1.5,0.727065968745943,0.411811677582017,0.40403663855725,0,0,0,0,0,0,0,0,0,water
36033,10,7,-0.3,0.703637154240648,0.408691303723224,0.359182178337629,0,0,0,0,0,0,0,0,0,water
36035,10,4,-2,0.288185276420756,0.426462159460927,0.281808278738559,0,0,0,0,0,0,0,0,0,water
36037,10,4,-1.2,0.660048889543609,0.352380062566185,0.345236444244216,0,0,0,0,0,0,0,0,0,water
36039,9,6,-1.8,0.715763665412784,0.40891108161896,0.354772363694368,0,0,0,0,0,0,0,0,0,water
36041,1,8,0.2,0.753911554100021,0.412116654918287,0.451868794487799,0,0,0,0,0,0,0,0,0,water
36043,10,2,-0.7,0.602885789973965,0.386028421844111,0.293065613406791,0,0,0,0,0,0,0,0,0,water
36045,10,3,-2.5,0.625787893498177,0.387067455166547,0.288157270857675,0,0,0,0,0,0,0,0,0,water
36049,10,8,0,0.77046190895469,0.372278309859,0.453554326950836,0,0,0,0,0,0,0,0,0,water
36051,10,1,-0.1,0.686785294507505,0.359677767398136,0.350240924920767,0,0,0,0,0,0,0,0,0,water
36053,10,2,-1.3,0.352950405980744,0.369945249153091,0.342699895192705,0,0,0,0,0,0,0,0,0,water
36055,9,1,-0.7,0.511438716480206,0.393347662854159,0.138875560206975,0,0,0,0,0,0,0,0,0,water
36057,10,4,0.3,0.631426864869043,0.428303328429571,0.273450627613455,0,0,0,0,0,0,0,0,0,water
36063,10,1,-1.2,0.218807387282335,0.396274965610134,0.217074494453265,0,0,0,0,0,0,0,0,0,water
36065,10,2,-1.2,0.574520729129295,0.396804756599229,0.228146121581324,0,0,0,0,0,0,0,0,0,water
36067,9,2,-0.9,0.528304790860694,0.395791655043222,0.162641351940578,0,0,0,0,0,0,0,0,0,water
36069,9,1,0.6,0.592666836426302,0.346397112854811,0.267779046509021,0,0,0,0,0,0,0,0,0,water
36071,9,2,2.7,0.63465369860636,0.379685155994383,0.208740633599323,0,0,0,0,0,0,0,0,0,water
36073,10,1,-1,0.386203197040774,0.424068834508336,0.38108323363444,0,0,0,0,0,0,0,0,0,water
36075,10,2,0.7,0.344629147397495,0.408680303813808,0.325647029570393,0,0,0,0,0,0,0,0,0,water
36077,10,7,3.7,0.702068293117442,0.397559767717669,0.354214747582715,0,0,0,0,0,0,0,0,0,water
36079,9,1,0.8,0.618757747099827,0.274094748774963,0.227489698779383,0,0,0,0,0,0,0,0,0,water
36083,9,2,-0.1,0.567698520581172,0.335943897382599,0.226451793988107,0,0,0,0,0,0,0,0,0,water
36087,9,1,3.2,0.596093627995213,0.394255340318494,0.112110099282165,0,0,0,0,0,0,0,0,0,water
36089,10,4,-2,0.37537706758478,0.438094842957024,0.348229572305051,0,0,0,0,0,0,0,0,0,water
36091,9,2,1.9,0.532394139428313,0.279490340197985,0.207045797430702,0,0,0,0,0,0,0,0,0,water
36093,9,2,1.9,0.176571940865062,0.393531842022976,0.140596596572094,0,0,0,0,0,0,0,0,0,water
36095,10,2,1.3,0.727378437893874,0.380770478899192,0.402754806770866,0,0,0,0,0,0,0,0,0,water
36097,10,8,-4.1,0.446374107431877,0.413652058098974,0.446780151847217,0,0,0,0,0,0,0,0,0,water
36099,10,6,-2.6,0.640442373663359,0.405448369346051,0.3074399744931,0,0,0,0,0,0,0,0,0,water
36101,10,4,-1.4,0.637041391377369,0.395539648131094,0.321234196653125,0,0,0,0,0,0,0,0,0,water
36103,9,1,0.9,0.532463948970334,0.274363882317975,0.119907822785571,0,0,0,0,0,0,0,0,0,water
36105,9,6,2.5,0.740897486388315,0.426590386112616,0.371395478526599,0,0,0,0,0,0,0,0,0,water
36107,10,3,-1.6,0.306028354263004,0.367068457447455,0.332475692935838,0,0,0,0,0,0,0,0,0,water
36109,9,3,5.8,0.356447919067052,0.44123083536028,0.258004282374914,0,0,0,0,0,0,0,0,0,water
36111,9,3,0.9,0.700177930156246,0.432525225630785,0.309109968559087,0,0,0,0,0,0,0,0,0,water
36113,9,3,-0.5,0.549817201227126,0.373428777621404,0.221590431273658,0,0,0,0,0,0,0,0,0,water
36115,10,3,-2.1,0.707151647188246,0.37041670158253,0.381475457513992,0,0,0,0,0,0,0,0,0,water
36117,10,1,-0.5,0.699438226970598,0.368754053640377,0.379662286416308,0,0,0,0,0,0,0,0,0,water
36121,10,8,-1.5,0.717664552276744,0.335457231321445,0.415879978257571,0,0,0,0,0,0,0,0,0,water
36123,10,6,-1.3,0.349636010319998,0.413106997619326,0.340534675392302,0,0,0,0,0,0,0,0,0,water
37001,1,3,6.7,0.216090664598477,0.384228139413469,0.198959074634998,0,0,0,0,0,0,0,0,0,water
37003,1,2,0.8,0.387916040543832,0.354937242487907,0.421134219844691,0,0,0,0,0,0,0,0,0,water
37005,1,9,4.5,0.458497415989627,0.505287045427629,0.444464549764169,0,0,0,0,0,0,0,0,0,water
37007,2,1,1.8,0.446304372234958,0.533107239928423,0.405703316472761,0,0,0,0,0,0,0,0,0,water
37009,1,9,2.5,0.417635905471252,0.444107671139099,0.43807468721905,0,0,0,0,0,0,0,0,0,water
37011,1,9,0,0.435876334892651,0.382130971903314,0.441378752004576,0,0,0,0,0,0,0,0,0,water
37013,1,6,-0.3,0.35526841236976,0.460826331776978,0.323241222380073,0,0,0,0,0,0,0,0,0,water
37015,2,9,-4.4,0.545743563189158,0.546256077076276,0.504073714983152,0,0,0,0,0,0,0,0,0,water
37017,2,8,0.5,0.856066911266661,0.568530462996159,0.489742538711462,0,0,0,0,0,0,0,0,0,water
37019,1,2,20.9,0.259256134870195,0.430722917830079,0.233795101182486,0,0,0,0,0,0,0,0,0,water
37021,5,2,3.5,0.205950180691501,0.391164781808727,0.186788871746403,0,0,0,0,0,0,0,0,0,water
37023,1,2,1.5,0.262159311125957,0.436653245222691,0.265024141307699,0,0,0,0,0,0,0,0,0,water
37025,1,1,7.8,0.502842962686829,0.297565449394589,0.169507105139636,0,0,0,0,0,0,0,0,0,water
37027,1,2,0.2,0.253234380292074,0.381701591419962,0.255591212322961,0,0,0,0,0,0,0,0,0,water
37029,1,1,7.5,0.431704702766946,0.273707776644331,0.439905972082835,0,0,0,0,0,0,0,0,0,water
37031,1,4,3.8,0.209294832107346,0.405429599814962,0.212660494023311,0,0,0,0,0,0,0,0,0,water
37033,2,8,-0.5,0.423976205774751,0.424080775446547,0.445211267718833,0,0,0,0,0,0,0,0,0,water
37035,1,2,3.8,0.227835857790558,0.359689629365696,0.228797511905512,0,0,0,0,0,0,0,0,0,water
37037,1,2,9.4,0.342110605784014,0.348360531173004,0.32558634122027,0,0,0,0,0,0,0,0,0,water
37039,1,9,5.2,0.425434746833931,0.457581677986263,0.444881551154901,0,0,0,0,0,0,0,0,0,water
37041,2,8,1.3,0.370229497804903,0.503218338518428,0.358302292398384,0,0,0,0,0,0,0,0,0,water
37043,1,9,8,0.515736399146794,0.52049048435276,0.436153211246634,0,0,0,0,0,0,0,0,0,water
37045,1,4,2.3,0.356470195391107,0.429537963338482,0.321370794863141,0,0,0,0,0,0,0,0,0,water
37047,2,6,-0.8,0.438916857796807,0.487987194127622,0.413840200609822,0,0,0,0,0,0,0,0,0,water
37049,1,4,2.6,0.262903151469726,0.410700828319023,0.229542760526076,0,0,0,0,0,0,0,0,0,water
37051,2,2,0.4,0.227944824003586,0.447722940186714,0.157381103398524,0,0,0,0,0,0,0,0,0,water
37053,1,1,13.6,0.426678551744473,0.299655440706549,0.430471168740876,0,0,0,0,0,0,0,0,0,water
37055,1,4,3.1,0.207315805681269,0.376570859509688,0.184419417070975,0,0,0,0,0,0,0,0,0,water
37057,1,2,5.2,0.268451002441394,0.388120467371972,0.270896497050125,0,0,0,0,0,0,0,0,0,water
37059,1,2,5.8,0.691428856039245,0.353482272075091,0.346284445529219,0,0,0,0,0,0,0,0,0,water
37061,1,8,3.8,0.467437039038546,0.440022627766582,0.534204428657183,0,0,0,0,0,0,0,0,0,water
37063,5,2,6.5,0.171824107614528,0.350303550894558,0.127911089124679,0,0,0,0,0,0,0,0,0,water
37065,2,3,0.7,0.655843608096121,0.518729338616304,0.264730396696951,0,0,0,0,0,0,0,0,0,water
37067,5,2,4.1,0.174504783022125,0.401105033829949,0.136105058626836,0,0,0,0,0,0,0,0,0,water
37069,1,1,15.6,0.718198442996236,0.351887441781697,0.378336195996901,0,0,0,0,0,0,0,0,0,water
37071,1,1,5.9,0.542506598292761,0.401510119132182,0.17441894305739,0,0,0,0,0,0,0,0,0,water
37073,1,1,-1.4,0.461342033370654,0.415602061887596,0.529523821516244,0,0,0,0,0,0,0,0,0,water
37075,4,9,1.7,0.429813565035176,0.385909552083545,0.445374128172663,0,0,0,0,0,0,0,0,0,water
37077,1,6,2.3,0.372247890448456,0.390520528208642,0.354318815521247,0,0,0,0,0,0,0,0,0,water
37079,1,8,1.1,0.491894116411357,0.479280885516835,0.479284657570139,0,0,0,0,0,0,0,0,0,water
37081,5,2,3.7,0.196807279396138,0.404507267383187,0.158699067512348,0,0,0,0,0,0,0,0,0,water
37083,2,4,-2.9,0.374285018978722,0.552159304237627,0.310189041720613,0,0,0,0,0,0,0,0,0,water
37085,1,4,9.3,0.342150421548133,0.374401522495131,0.326645963643125,0,0,0,0,0,0,0,0,0,water
37087,1,4,1.3,0.293613193513758,0.418576224933005,0.267178359131072,0,0,0,0,0,0,0,0,0,water
37089,1,2,3.6,0.560421627481913,0.414252426494074,0.225270133791558,0,0,0,0,0,0,0,0,0,water
37091,2,8,-12,0.417281148390769,0.523578999407456,0.386171233854578,0,0,0,0,0,0,0,0,0,water
37093,1,2,6,0.31206522866061,0.413791473712883,0.255751056238328,0,0,0,0,0,0,0,0,0,water
37095,2,9,1.5,0.522560110994604,0.577145788351043,0.480485114039135,0,0,0,0,0,0,0,0,0,water
37097,1,1,9.9,0.211099427376702,0.312368341003604,0.221839377017562,0,0,0,0,0,0,0,0,0,water
37099,2,7,7.4,0.714302357794187,0.469835757808096,0.332896958521215,0,0,0,0,0,0,0,0,0,water
37101,1,1,14.9,0.6361527584864,0.315804036139779,0.287744755942828,0,0,0,0,0,0,0,0,0,water
37103,2,8,3.5,0.796726587354125,0.472084229081991,0.508490747833703,0,0,0,0,0,0,0,0,0,water
37105,1,4,8.1,0.282884580239581,0.408561020640832,0.252054103120718,0,0,0,0,0,0,0,0,0,water
37107,2,4,0.5,0.37359283687646,0.527050350320518,0.3209606156702,0,0,0,0,0,0,0,0,0,water
37109,1,1,12,0.356363996680198,0.333369129529997,0.357155008602323,0,0,0,0,0,0,0,0,0,water
37111,1,6,1.6,0.330927845995936,0.380318499401425,0.356262261566205,0,0,0,0,0,0,0,0,0,water
37113,1,7,4.4,0.70740638519404,0.467824743563671,0.363020239321847,0,0,0,0,0,0,0,0,0,water
37115,1,2,5,0.456907776855679,0.405227580709306,0.445942101014103,0,0,0,0,0,0,0,0,0,water
37117,2,6,-2,0.376772435831473,0.494406217793214,0.384886058284543,0,0,0,0,0,0,0,0,0,water
37119,5,1,8.1,0.153551226418453,0.329255365068872,0.114425703971638,0,0,0,0,0,0,0,0,0,water
37121,1,8,0.9,0.416908973810831,0.408665029580197,0.443668746089243,0,0,0,0,0,0,0,0,0,water
37123,1,8,2.5,0.447608841407486,0.418828662437761,0.456635922552503,0,0,0,0,0,0,0,0,0,water
37125,1,3,8.1,0.623151994013979,0.35336318423676,0.278634748579337,0,0,0,0,0,0,0,0,0,water
37127,1,3,3,0.657892812861894,0.403089853215125,0.276985103083662,0,0,0,0,0,0,0,0,0,water
37129,5,2,7.5,0.176473338840073,0.416526790983666,0.116732592112495,0,0,0,0,0,0,0,0,0,water
37131,2,9,-4.9,0.470959814847317,0.541511168386412,0.410681246698417,0,0,0,0,0,0,0,0,0,water
37133,1,3,3.8,0.599719744618471,0.363714824039906,0.233506446288326,0,0,0,0,0,0,0,0,0,water
37135,5,2,6.4,0.268920649930569,0.36227322242854,0.207804854716456,0,0,0,0,0,0,0,0,0,water
37137,1,9,1.9,0.45027618800423,0.451492789339509,0.457641942810413,0,0,0,0,0,0,0,0,0,water
37139,1,4,2.9,0.297163255098043,0.390157303967315,0.267547611289744,0,0,0,0,0,0,0,0,0,water
37141,1,2,15.6,0.665520744146835,0.353824049846794,0.341623961358189,0,0,0,0,0,0,0,0,0,water
37143,2,8,3.4,0.480553646843878,0.446568970193389,0.47489123834277,0,0,0,0,0,0,0,0,0,water
37145,2,2,2.4,0.397710411660603,0.44828175048863,0.368865758560988,0,0,0,0,0,0,0,0,0,water
37147,5,3,4.1,0.27783777344826,0.454025256877559,0.201018126808193,0,0,0,0,0,0,0,0,0,water
37149,1,8,4.9,0.400208389511747,0.457072542151028,0.42876872561945,0,0,0,0,0,0,0,0,0,water
37151,1,2,2.8,0.331543727681671,0.401154576609718,0.320336192425832,0,0,0,0,0,0,0,0,0,water
37153,2,4,-1.7,0.661243291417844,0.555891457758864,0.280913322064546,0,0,0,0,0,0,0,0,0,water
37155,2,4,2.3,0.74240087806669,0.529904449299063,0.370107986783319,0,0,0,0,0,0,0,0,0,water
37157,1,2,2.5,0.660871019271356,0.434527645621183,0.314170223453419,0,0,0,0,0,0,0,0,0,water
37159,1,1,4.4,0.604411802720937,0.41526282566434,0.255705990964596,0,0,0,0,0,0,0,0,0,water
37161,1,4,1.9,0.365581823466981,0.457642475870223,0.33922098806552,0,0,0,0,0,0,0,0,0,water
37163,1,6,2.3,0.415581762727144,0.450685541799177,0.409286555029752,0,0,0,0,0,0,0,0,0,water
37165,2,6,1.4,0.700567514825672,0.554308327372758,0.303072871615435,0,0,0,0,0,0,0,0,0,water
37167,1,6,7.4,0.37001856274024,0.388993612516217,0.356308026478635,0,0,0,0,0,0,0,0,0,water
37169,1,2,2.9,0.385994632524259,0.392109873143148,0.384787490356516,0,0,0,0,0,0,0,0,0,water
37171,1,6,0.2,0.366685646196736,0.422724534544896,0.368443047659211,0,0,0,0,0,0,0,0,0,water
37173,2,9,-1.1,0.467117440901745,0.474528809211021,0.445230402157198,0,0,0,0,0,0,0,0,0,water
37175,1,6,2.5,0.309449393890858,0.459327068873448,0.312426892071087,0,0,0,0,0,0,0,0,0,water
37177,2,9,8.8,0.460397431549569,0.525224998042458,0.526197773164559,0,0,0,0,0,0,0,0,0,water
37179,1,1,9.9,0.188495362248317,0.244525016128371,0.208691706539894,0,0,0,0,0,0,0,0,0,water
37181,2,6,-0.5,0.337929841417744,0.497130767457447,0.286568412608951,0,0,0,0,0,0,0,0,0,water
37183,1,1,9,0.47323478331633,0.262041167381301,0.129133107428067,0,0,0,0,0,0,0,0,0,water
37185,2,8,2.6,0.44733864406401,0.538264519020907,0.471287255371338,0,0,0,0,0,0,0,0,0,water
37187,2,9,-3,0.538783796069745,0.585430954991471,0.477243518400277,0,0,0,0,0,0,0,0,0,water
37189,5,5,1,0.373771253515024,0.581282741945016,0.273742933169482,0,0,0,0,0,0,0,0,0,water
37191,1,3,2.2,0.33085232620018,0.424067344751291,0.295374653344585,0,0,0,0,0,0,0,0,0,water
37193,1,6,0.5,0.325472873311683,0.430088864443804,0.357122732422408,0,0,0,0,0,0,0,0,0,water
37195,2,4,0.8,0.614887171313326,0.491107978885248,0.236531986178324,0,0,0,0,0,0,0,0,0,water
37197,1,2,2,0.436778277332151,0.375489068501358,0.45611750817821,0,0,0,0,0,0,0,0,0,water
37199,1,8,2.7,0.44783475947519,0.462912026299084,0.444640340128763,0,0,0,0,0,0,0,0,0,water
38003,8,6,-0.4,0.224138335357753,0.38086598411691,0.261843638731778,0,0,0,0,0,0,0,0,0,water
38005,6,9,-3.1,0.497162823830876,0.41196350738747,0.477300988155687,0,0,0,0,0,0,0,0,0,water
38009,8,8,0.3,0.743829062657493,0.313992933812433,0.480555687012097,0,0,0,0,0,0,0,0,0,water
38011,8,9,-3.2,0.398176502631341,0.321735144773767,0.467502970980259,0,0,0,0,0,0,0,0,0,water
38015,8,3,4.6,0.177775193836081,0.299492856425494,0.194189728654593,0,0,0,0,0,0,0,0,0,water
38017,5,3,8.7,0.146016993282639,0.318522100592535,0.145185412470892,0,0,0,0,0,0,0,0,0,water
38019,8,9,-3.6,0.407572854752113,0.346989633681916,0.548852376084104,0,0,0,0,0,0,0,0,0,water
38021,8,9,-0.6,0.750964638963876,0.358525630250604,0.526348491946493,0,0,0,0,0,0,0,0,0,water
38025,7,9,-1.6,0.440594437319487,0.270127729789548,0.435302653288376,0,0,0,0,0,0,0,0,0,water
38027,8,9,-0.5,0.437594593541193,0.395104247717976,0.524552714501261,0,0,0,0,0,0,0,0,0,water
38029,8,8,-2.5,0.417344612682789,0.372636259188582,0.459037309100246,0,0,0,0,0,0,0,0,0,water
38031,8,9,-1.9,0.40255384989901,0.315918567874577,0.471049693138871,0,0,0,0,0,0,0,0,0,water
38035,5,3,0.9,0.22957894520028,0.380793446999586,0.180290414136862,0,0,0,0,0,0,0,0,0,water
38041,8,9,-2,0.424601051327525,0.360813037671814,0.379371819101724,0,0,0,0,0,0,0,0,0,water
38043,8,8,-0.9,0.403940339909269,0.38992426262824,0.48626360184854,0,0,0,0,0,0,0,0,0,water
38045,8,9,-1.1,0.414201969283901,0.366614222274997,0.526012751704292,0,0,0,0,0,0,0,0,0,water
38049,8,3,-3.4,0.411040002127174,0.321827482114599,0.496334122099845,0,0,0,0,0,0,0,0,0,water
38053,7,7,0,0.34613697395023,0.263747016600872,0.291627371940082,0,0,0,0,0,0,0,0,0,water
38055,8,8,0.8,0.40895909583031,0.315482587792383,0.441991073473869,0,0,0,0,0,0,0,0,0,water
38057,8,8,0,0.424716390688991,0.333487768132223,0.441930009106871,0,0,0,0,0,0,0,0,0,water
38059,8,3,2.6,0.183706530335625,0.302665656835266,0.206932765408945,0,0,0,0,0,0,0,0,0,water
38061,7,8,-3.4,0.433590050412935,0.286728516683984,0.431771067837497,0,0,0,0,0,0,0,0,0,water
38067,8,9,-3.5,0.398176502631341,0.368550511444362,0.548632270017421,0,0,0,0,0,0,0,0,0,water
38069,8,9,-3.1,0.442596015062858,0.438778604755142,0.456861930106803,0,0,0,0,0,0,0,0,0,water
38071,8,7,-0.6,0.211537825070201,0.405489739304347,0.238446457437259,0,0,0,0,0,0,0,0,0,water
38073,8,8,-1.8,0.38241034472124,0.339544981014829,0.464777513858055,0,0,0,0,0,0,0,0,0,water
38077,8,6,0.8,0.307755822324625,0.357159221114938,0.305231202012013,0,0,0,0,0,0,0,0,0,water
38079,6,9,-4.2,0.835438295614867,0.425501166534728,0.458446485902322,0,0,0,0,0,0,0,0,0,water
38081,8,9,-3.5,0.373481301232522,0.308264858363955,0.505530254286698,0,0,0,0,0,0,0,0,0,water
38085,6,9,-4.3,0.545915614582475,0.568778046588555,0.441428914445518,0,0,0,0,0,0,0,0,0,water
38089,8,5,-0.2,0.216754098995043,0.319211003924337,0.188661429664419,0,0,0,0,0,0,0,0,0,water
38093,8,7,0,0.582014327904957,0.42877667470105,0.235613379761797,0,0,0,0,0,0,0,0,0,water
38095,8,9,-4.1,0.414232906514461,0.389666741370338,0.577484144456549,0,0,0,0,0,0,0,0,0,water
38097,8,8,0.1,0.396918138152919,0.284293249074802,0.456094510550271,0,0,0,0,0,0,0,0,0,water
38099,8,8,-2.9,0.420614070340534,0.338614891584333,0.48515308270787,0,0,0,0,0,0,0,0,0,water
38101,8,3,-2.1,0.222483177363787,0.292796471164573,0.204017675143534,0,0,0,0,0,0,0,0,0,water
38103,8,9,-4.1,0.386648828075486,0.385121628310157,0.502058861075908,0,0,0,0,0,0,0,0,0,water
38105,7,5,-1,0.228531803113841,0.23170352665092,0.203027225397961,0,0,0,0,0,0,0,0,0,water
39001,4,8,0.8,0.461017355152527,0.456220180969154,0.444461311236913,0,0,0,0,0,0,0,0,0,water
39003,10,3,-1.2,0.219940198332129,0.385586690128626,0.214995986389095,0,0,0,0,0,0,0,0,0,water
39005,8,6,-0.1,0.323812978560623,0.385805801584234,0.325047661931058,0,0,0,0,0,0,0,0,0,water
39007,10,1,-0.6,0.312770523458195,0.44388220969464,0.286234211752521,0,0,0,0,0,0,0,0,0,water
39009,5,4,1.3,0.354259243564979,0.498397250087051,0.273248610220254,0,0,0,0,0,0,0,0,0,water
39011,8,4,-1.2,0.199540767464968,0.302493794741713,0.245665113987579,0,0,0,0,0,0,0,0,0,water
39013,10,3,-2.4,0.265595797097138,0.394648093508826,0.317199150778206,0,0,0,0,0,0,0,0,0,water
39015,4,1,1.4,0.424521280807098,0.38432594141203,0.42768492432021,0,0,0,0,0,0,0,0,0,water
39017,1,1,2.2,0.14683555413858,0.330873718703596,0.14264378665678,0,0,0,0,0,0,0,0,0,water
39019,10,2,-0.9,0.414223433668654,0.371640012814834,0.446429858989556,0,0,0,0,0,0,0,0,0,water
39021,8,6,0.4,0.311230277319587,0.310147955971059,0.347495793575494,0,0,0,0,0,0,0,0,0,water
39023,10,3,-0.7,0.531842867774091,0.411009307558898,0.201177666101884,0,0,0,0,0,0,0,0,0,water
39025,1,1,2.6,0.197149178622113,0.310033626330464,0.197890099303932,0,0,0,0,0,0,0,0,0,water
39027,3,6,0,0.345099730234858,0.387652999536166,0.34342828225769,0,0,0,0,0,0,0,0,0,water
39029,10,4,-1.8,0.278371597640074,0.410161495991225,0.302973595079749,0,0,0,0,0,0,0,0,0,water
39031,4,7,1.1,0.338872181835296,0.446314489564428,0.342638951819201,0,0,0,0,0,0,0,0,0,water
39033,10,4,-0.9,0.545079732548192,0.394344054195809,0.223000658275851,0,0,0,0,0,0,0,0,0,water
39035,5,1,-1.7,0.156696754431108,0.445736094540475,0.112793877008961,0,0,0,0,0,0,0,0,0,water
39037,8,6,-0.8,0.323964899082759,0.359204646282144,0.374912941995524,0,0,0,0,0,0,0,0,0,water
39039,8,6,1,0.266259519482428,0.325058361251057,0.287370173946209,0,0,0,0,0,0,0,0,0,water
39041,1,1,10.6,0.477687005814706,0.163816581892794,0.178516569708977,0,0,0,0,0,0,0,0,0,water
39043,1,3,-2.2,0.217524823465454,0.405288425161855,0.204840664482549,0,0,0,0,0,0,0,0,0,water
39045,1,1,5.2,0.223802366144029,0.288305486749696,0.230197799193978,0,0,0,0,0,0,0,0,0,water
39047,10,6,-0.7,0.272302976980987,0.416801910805427,0.285232297191493,0,0,0,0,0,0,0,0,0,water
39049,5,1,2.4,0.487105434802969,0.375735809881011,0.115727942533239,0,0,0,0,0,0,0,0,0,water
39051,8,2,-1.4,0.684377706891704,0.317726997191499,0.384779109598764,0,0,0,0,0,0,0,0,0,water
39053,4,6,-1.2,0.399961615319783,0.401670259319095,0.377019604969622,0,0,0,0,0,0,0,0,0,water
39055,1,1,0,0.705320650451256,0.260826039810368,0.372299232753576,0,0,0,0,0,0,0,0,0,water
39057,1,2,2.5,0.169358625995128,0.307545685094464,0.186209554712966,0,0,0,0,0,0,0,0,0,water
39059,10,6,-0.5,0.330766822211185,0.422455101718752,0.320620669403087,0,0,0,0,0,0,0,0,0,water
39061,5,1,0.8,0.160371137644762,0.406824780311452,0.119398705208573,0,0,0,0,0,0,0,0,0,water
39063,1,4,0.1,0.522513869445594,0.344382295770532,0.217389199543725,0,0,0,0,0,0,0,0,0,water
39065,4,6,-1,0.62163111818597,0.397454704293294,0.308655655266019,0,0,0,0,0,0,0,0,0,water
39067,10,8,-3.1,0.471933571578878,0.453226618659246,0.446592294224007,0,0,0,0,0,0,0,0,0,water
39069,8,6,-0.5,0.625734378033548,0.298656286781915,0.33572070937153,0,0,0,0,0,0,0,0,0,water
39071,4,6,1,0.351814028726869,0.379397707497734,0.361776861473136,0,0,0,0,0,0,0,0,0,water
39073,4,1,-2.2,0.315341225023962,0.386981921756497,0.345156926710767,0,0,0,0,0,0,0,0,0,water
39075,8,9,1,0.786912538457122,0.294937434602872,0.463648933286608,0,0,0,0,0,0,0,0,0,water
39077,10,4,-0.6,0.606146593712416,0.36158174702519,0.294797205907816,0,0,0,0,0,0,0,0,0,water
39079,4,7,0.2,0.3466287092975,0.433706615198754,0.332424082495334,0,0,0,0,0,0,0,0,0,water
39081,10,3,-2,0.234446339887859,0.440804159807937,0.241277050598747,0,0,0,0,0,0,0,0,0,water
39083,8,6,1.7,0.3335740019739,0.335956103452582,0.349975886368347,0,0,0,0,0,0,0,0,0,water
39085,1,1,-0.1,0.11449275441728,0.337040528604321,0.139919631434136,0,0,0,0,0,0,0,0,0,water
39087,4,2,-4,0.284668743965143,0.451673473254481,0.261064683825413,0,0,0,0,0,0,0,0,0,water
39089,1,1,3.4,0.220557918708048,0.323248895943988,0.231898643473506,0,0,0,0,0,0,0,0,0,water
39091,8,4,-0.1,0.27926365075445,0.354435763688659,0.297964893227632,0,0,0,0,0,0,0,0,0,water
39093,1,1,2.7,0.172599438166104,0.388784196856456,0.158168771476502,0,0,0,0,0,0,0,0,0,water
39095,1,2,-1.1,0.488478694955202,0.43636996365098,0.128078268032422,0,0,0,0,0,0,0,0,0,water
39097,8,1,3.8,0.302356977416739,0.286617462623231,0.339138377974983,0,0,0,0,0,0,0,0,0,water
39099,10,2,-1,0.169930480167467,0.459656673245883,0.164924802155992,0,0,0,0,0,0,0,0,0,water
39101,10,4,-0.6,0.233148774411094,0.412367304775063,0.227448834403173,0,0,0,0,0,0,0,0,0,water
39103,1,1,1.1,0.202230760751048,0.274165123494366,0.223955688460242,0,0,0,0,0,0,0,0,0,water
39105,4,8,-3,0.409654956259438,0.47633690647074,0.404207035965452,0,0,0,0,0,0,0,0,0,water
39107,8,7,0.3,0.317821036445299,0.282356070470421,0.395761739203289,0,0,0,0,0,0,0,0,0,water
39109,8,2,2.7,0.192685401221123,0.330298366263421,0.215012216744898,0,0,0,0,0,0,0,0,0,water
39111,10,8,-2.3,0.432833118618247,0.424224197306621,0.439437796533474,0,0,0,0,0,0,0,0,0,water
39113,1,2,0.1,0.148055399580588,0.408716963479013,0.129638103925017,0,0,0,0,0,0,0,0,0,water
39115,10,8,-1.6,0.778623830895578,0.420683021996703,0.444893231472139,0,0,0,0,0,0,0,0,0,water
39117,8,1,2.7,0.429717997700228,0.341646492878418,0.459127862440978,0,0,0,0,0,0,0,0,0,water
39119,10,4,0.1,0.640084000939698,0.41525443002927,0.284985431513029,0,0,0,0,0,0,0,0,0,water
39121,10,9,1.1,0.42905866769857,0.404322073722826,0.442467805192104,0,0,0,0,0,0,0,0,0,water
39123,10,3,-1.5,0.621275672823901,0.346169982610617,0.321984087023512,0,0,0,0,0,0,0,0,0,water
39125,8,8,-0.3,0.736518518162179,0.325414373771627,0.449641641362441,0,0,0,0,0,0,0,0,0,water
39127,10,1,0.6,0.374891225864884,0.38126845130084,0.380492004552476,0,0,0,0,0,0,0,0,0,water
39129,8,1,6,0.313787284546097,0.348141960386075,0.323716764318919,0,0,0,0,0,0,0,0,0,water
39131,4,9,0,0.421254737735726,0.485051753632787,0.384248933077523,0,0,0,0,0,0,0,0,0,water
39133,1,2,1.2,0.259095166875895,0.368745652235392,0.239504491963413,0,0,0,0,0,0,0,0,0,water
39135,8,6,-0.5,0.341762842531774,0.335725166201797,0.366313793537588,0,0,0,0,0,0,0,0,0,water
39137,8,6,-0.6,0.673362536383821,0.273961323741971,0.400046818780255,0,0,0,0,0,0,0,0,0,water
39139,10,3,-0.1,0.569984174456672,0.405407234236396,0.224646372143789,0,0,0,0,0,0,0,0,0,water
39141,10,4,-1.3,0.329591499942987,0.420944221608949,0.309105004337838,0,0,0,0,0,0,0,0,0,water
39143,10,4,0,0.253984355756049,0.391592745952406,0.254019914513278,0,0,0,0,0,0,0,0,0,water
39145,4,4,-2.8,0.313561245447925,0.471296762434298,0.29458721933689,0,0,0,0,0,0,0,0,0,water
39147,10,4,-0.6,0.577938198387192,0.352474571571586,0.263620541041486,0,0,0,0,0,0,0,0,0,water
39149,8,4,-0.4,0.263618177064848,0.319285983769302,0.308240768801258,0,0,0,0,0,0,0,0,0,water
39151,1,2,-0.1,0.484424617426141,0.380205218923679,0.1607816788218,0,0,0,0,0,0,0,0,0,water
39153,1,2,-0.3,0.137389484701277,0.385283825291578,0.124548822194007,0,0,0,0,0,0,0,0,0,water
39155,10,2,-0.7,0.539551316200935,0.442453085847066,0.202577125373372,0,0,0,0,0,0,0,0,0,water
39157,10,4,-1.2,0.282385805481628,0.38878424965755,0.284017096483653,0,0,0,0,0,0,0,0,0,water
39159,1,1,13.7,0.220349830380542,0.183047482587218,0.265325586728067,0,0,0,0,0,0,0,0,0,water
39161,8,6,-0.1,0.590280122720534,0.341419045343869,0.291037588836079,0,0,0,0,0,0,0,0,0,water
39163,4,8,-2.1,0.452838711435278,0.418206159894558,0.424170084959733,0,0,0,0,0,0,0,0,0,water
39165,1,1,5.3,0.468955451492155,0.214482589151745,0.171115015367209,0,0,0,0,0,0,0,0,0,water
39167,10,4,-2.2,0.293846123237468,0.390213866139131,0.306272077756837,0,0,0,0,0,0,0,0,0,water
39169,8,4,-0.2,0.300598532303083,0.328840124482444,0.313012873506856,0,0,0,0,0,0,0,0,0,water
39171,10,7,-1.4,0.319304659197935,0.378747823328204,0.364488877945792,0,0,0,0,0,0,0,0,0,water
39173,1,2,0.6,0.216403445688528,0.356726865424361,0.215092791241897,0,0,0,0,0,0,0,0,0,water
39175,8,7,-2.1,0.296671705253352,0.311669063484713,0.361906318540606,0,0,0,0,0,0,0,0,0,water
40001,3,8,1.9,0.482846165430044,0.446318294263541,0.464813990529405,0,0,0,0,0,0,0,0,0,water
40003,8,8,0,0.413079684099603,0.353636155848582,0.476335837210528,0,0,0,0,0,0,0,0,0,water
40005,3,9,3.1,0.786499321408995,0.417130034403278,0.441130664807215,0,0,0,0,0,0,0,0,0,water
40007,6,9,-0.1,0.402807001113361,0.358307038123765,0.574502049764142,0,0,0,0,0,0,0,0,0,water
40009,3,7,-0.4,0.30309471758979,0.465254034194822,0.280008379691022,0,0,0,0,0,0,0,0,0,water
40011,6,8,-1.5,0.760296458306043,0.403288132348799,0.460614617273112,0,0,0,0,0,0,0,0,0,water
40013,3,6,8.6,0.663191200940587,0.417073309038713,0.310460771937216,0,0,0,0,0,0,0,0,0,water
40015,3,6,-2.1,0.703083414279677,0.402549228478016,0.393024649578164,0,0,0,0,0,0,0,0,0,water
40017,1,1,16.9,0.49776773641217,0.28062252012798,0.178237163283692,0,0,0,0,0,0,0,0,0,water
40019,3,5,2.3,0.634817978984671,0.394636386472419,0.29669120652797,0,0,0,0,0,0,0,0,0,water
40021,3,6,3.5,0.678397298274074,0.448136594524108,0.335796765324138,0,0,0,0,0,0,0,0,0,water
40023,3,9,-0.2,0.662468499048311,0.496111773939696,0.325820567964191,0,0,0,0,0,0,0,0,0,water
40027,5,1,2.6,0.518471974809023,0.35538608141288,0.165062701456774,0,0,0,0,0,0,0,0,0,water
40029,3,9,2.5,0.774531779283176,0.453712578936828,0.475481513352636,0,0,0,0,0,0,0,0,0,water
40031,3,3,0.2,0.568694456234345,0.418317800993952,0.203724745041368,0,0,0,0,0,0,0,0,0,water
40033,3,3,-0.6,0.758859243851063,0.424311509867247,0.447509930026605,0,0,0,0,0,0,0,0,0,water
40035,3,6,2.6,0.699380943340615,0.449026822563572,0.335434734059459,0,0,0,0,0,0,0,0,0,water
40037,3,1,2.9,0.324486471026961,0.377147371404282,0.318877816322596,0,0,0,0,0,0,0,0,0,water
40039,3,5,-0.6,0.580711063345388,0.399452152202347,0.214072305138668,0,0,0,0,0,0,0,0,0,water
40041,3,6,3.4,0.738461532888064,0.466031479137842,0.395380222804268,0,0,0,0,0,0,0,0,0,water
40043,6,9,-4.6,0.750677946016122,0.355505112815338,0.443372567284168,0,0,0,0,0,0,0,0,0,water
40045,6,9,-3.9,0.405312682123294,0.396562780892128,0.519325937699114,0,0,0,0,0,0,0,0,0,water
40047,3,3,-1.1,0.524802558454508,0.361808117930255,0.185120094578206,0,0,0,0,0,0,0,0,0,water
40049,3,6,1.9,0.695620868058209,0.397843005740407,0.37463613919383,0,0,0,0,0,0,0,0,0,water
40051,3,1,6.3,0.66415750445584,0.321670060233376,0.371109812665563,0,0,0,0,0,0,0,0,0,water
40053,8,8,-1.3,0.726051367623488,0.381230131455227,0.501191637276435,0,0,0,0,0,0,0,0,0,water
40055,3,9,-1.1,0.757447103767799,0.386831775847478,0.464208636736894,0,0,0,0,0,0,0,0,0,water
40057,6,9,-6.5,0.427599232201877,0.417506386749793,0.578018294359181,0,0,0,0,0,0,0,0,0,water
40059,6,9,-1.2,0.432976574601471,0.374364754137014,0.533195818351058,0,0,0,0,0,0,0,0,0,water
40061,3,8,2.2,0.805620814657006,0.429915997682864,0.481545900158247,0,0,0,0,0,0,0,0,0,water
40063,3,9,0.2,0.63643223379102,0.431380004199238,0.457296524597599,0,0,0,0,0,0,0,0,0,water
40065,3,7,-0.8,0.489582810223214,0.359883686197118,0.205457383487984,0,0,0,0,0,0,0,0,0,water
40067,3,8,0.8,0.766331266473602,0.451013260288391,0.484602542748919,0,0,0,0,0,0,0,0,0,water
40069,3,9,0.5,0.452191259390718,0.432495280788528,0.452501883468803,0,0,0,0,0,0,0,0,0,water
40071,3,4,-0.4,0.550586191424891,0.399934615423879,0.219255055446058,0,0,0,0,0,0,0,0,0,water
40073,6,8,4.2,0.759015743022334,0.349253270390962,0.481375811760057,0,0,0,0,0,0,0,0,0,water
40075,3,8,-2.8,0.7415921446682,0.497078788649755,0.480064841384254,0,0,0,0,0,0,0,0,0,water
40077,3,9,0.3,0.795540828270378,0.476946436972273,0.449216661500645,0,0,0,0,0,0,0,0,0,water
40079,3,6,3.4,0.714229952192672,0.442403610155837,0.400290162296915,0,0,0,0,0,0,0,0,0,water
40081,3,1,4.4,0.761899725447615,0.397681919935758,0.445812212557398,0,0,0,0,0,0,0,0,0,water
40083,1,1,8.3,0.294726083876875,0.314748269991397,0.32973078937469,0,0,0,0,0,0,0,0,0,water
40085,6,9,2.6,0.447355835377279,0.368335321990363,0.444692552774021,0,0,0,0,0,0,0,0,0,water
40087,1,1,15.6,0.722216194903903,0.282199758500142,0.409218027459396,0,0,0,0,0,0,0,0,0,water
40089,3,7,-0.1,0.720083537081057,0.430138243058891,0.411901423912762,0,0,0,0,0,0,0,0,0,water
40091,3,8,4,0.789247791219883,0.495404988464735,0.441935585431462,0,0,0,0,0,0,0,0,0,water
40093,8,8,-2.3,0.737655504709711,0.337835254026671,0.51455961971779,0,0,0,0,0,0,0,0,0,water
40095,6,9,5.3,0.769608646423082,0.434162518622648,0.447314335925811,0,0,0,0,0,0,0,0,0,water
40097,3,6,2.8,0.370077834378698,0.416998734875253,0.376888471946248,0,0,0,0,0,0,0,0,0,water
40099,3,9,-0.9,0.670175785216044,0.377368406333663,0.328644887023365,0,0,0,0,0,0,0,0,0,water
40101,3,4,0.8,0.632688372065224,0.447987713962931,0.26522240173077,0,0,0,0,0,0,0,0,0,water
40103,8,8,-0.2,0.649575508693656,0.333089178742213,0.313192721133006,0,0,0,0,0,0,0,0,0,water
40105,3,8,2.5,0.758657110003433,0.409808533517075,0.427232327572258,0,0,0,0,0,0,0,0,0,water
40107,3,8,0.8,0.824478396489499,0.495719248890276,0.453224591406145,0,0,0,0,0,0,0,0,0,water
40109,5,1,2.3,0.181920052640306,0.412350553210882,0.136876817784058,0,0,0,0,0,0,0,0,0,water
40111,3,1,1.1,0.641446820710535,0.43648046588931,0.288827819842365,0,0,0,0,0,0,0,0,0,water
40113,1,1,1.5,0.695228418990252,0.389279407020844,0.362410047135174,0,0,0,0,0,0,0,0,0,water
40115,3,6,0.6,0.633422962022653,0.455337884905306,0.293500293828441,0,0,0,0,0,0,0,0,0,water
40117,3,1,3.5,0.770371776141257,0.397130771657703,0.439096661037319,0,0,0,0,0,0,0,0,0,water
40119,5,4,3.1,0.658697854968814,0.556014975284777,0.221415991563169,0,0,0,0,0,0,0,0,0,water
40121,3,7,-0.9,0.631000359306071,0.438394677011038,0.29450659597225,0,0,0,0,0,0,0,0,0,water
40123,3,7,0.6,0.276214284563622,0.357651790588757,0.293411899465918,0,0,0,0,0,0,0,0,0,water
40125,3,4,2.6,0.625585675581861,0.396373920768168,0.28677252998816,0,0,0,0,0,0,0,0,0,water
40127,3,9,0.1,0.78802020242319,0.510641068614546,0.448738143362225,0,0,0,0,0,0,0,0,0,water
40129,6,9,-3.6,0.416575655772395,0.386844162846307,0.447690833580488,0,0,0,0,0,0,0,0,0,water
40131,1,1,6.3,0.610893644845535,0.304135680592255,0.297075530671991,0,0,0,0,0,0,0,0,0,water
40133,3,7,-0.7,0.726613430930592,0.466529835646649,0.355884068200193,0,0,0,0,0,0,0,0,0,water
40135,3,3,3.3,0.393623198548623,0.44815446804583,0.39536601453837,0,0,0,0,0,0,0,0,0,water
40137,3,4,2.9,0.612385325182634,0.422988688330589,0.284753893490301,0,0,0,0,0,0,0,0,0,water
40139,6,7,-3.4,0.643422316781216,0.426085418607491,0.41726766733431,0,0,0,0,0,0,0,0,0,water
40141,3,8,-3,0.824422892821924,0.480119471141488,0.425622617549121,0,0,0,0,0,0,0,0,0,water
40143,5,1,3.4,0.158173812552607,0.389074071252665,0.128916207044221,0,0,0,0,0,0,0,0,0,water
40145,1,1,12.1,0.555806381424533,0.305918252716886,0.23660858722845,0,0,0,0,0,0,0,0,0,water
40147,6,4,2.8,0.525887540517661,0.399752079985231,0.195397426458899,0,0,0,0,0,0,0,0,0,water
40149,3,9,-0.6,0.768561055019255,0.368383298421144,0.458781923878565,0,0,0,0,0,0,0,0,0,water
40151,8,7,-0.2,0.214163834416423,0.457434379860195,0.264941553137003,0,0,0,0,0,0,0,0,0,water
40153,3,7,-2.1,0.233649346712713,0.337471535943777,0.245391755766035,0,0,0,0,0,0,0,0,0,water
41001,7,7,0.1,0.608624541822194,0.473677186904402,0.262122069456694,0,0,0,0,0,0,0,0,0,water
41003,7,3,5.6,0.600570720880802,0.476211385861351,0.178575608975082,0,0,0,0,0,0,0,0,0,water
41005,7,1,0.8,0.561114363902116,0.322308510136188,0.173949468367481,0,0,0,0,0,0,0,0,0,water
41007,7,4,-0.3,0.633496022844941,0.450492991517626,0.242058462838292,0,0,0,0,0,0,0,0,0,water
41009,7,1,2.6,0.595107175334161,0.320651252612622,0.257485393401088,0,0,0,0,0,0,0,0,0,water
41011,7,5,-1,0.59733786653555,0.479389268519132,0.242460467498346,0,0,0,0,0,0,0,0,0,water
41013,7,3,9.7,0.299451335951968,0.368040057921854,0.292922512237411,0,0,0,0,0,0,0,0,0,water
41015,7,7,-3.2,0.685107934971951,0.50077878889239,0.28462823311338,0,0,0,0,0,0,0,0,0,water
41017,7,3,6,0.607235165671391,0.367926992391861,0.210890864918728,0,0,0,0,0,0,0,0,0,water
41019,7,4,0.9,0.602567605507126,0.46764500892368,0.252193653882324,0,0,0,0,0,0,0,0,0,water
41023,7,9,-1.9,0.829547868148409,0.494251513105207,0.507825631734898,0,0,0,0,0,0,0,0,0,water
41025,7,9,-1.4,0.279408959650015,0.460551192845507,0.310613008685736,0,0,0,0,0,0,0,0,0,water
41027,7,6,-0.6,0.636548696523898,0.326192108771841,0.316403563772032,0,0,0,0,0,0,0,0,0,water
41029,7,3,-1.1,0.587419890884286,0.425060017508807,0.18779060098366,0,0,0,0,0,0,0,0,0,water
41031,7,3,3.9,0.412344673396334,0.386812120851874,0.34644550629389,0,0,0,0,0,0,0,0,0,water
41033,7,3,0.1,0.703990051874634,0.507956220740765,0.259417694145677,0,0,0,0,0,0,0,0,0,water
41035,7,5,1.2,0.321066159711517,0.487291209722949,0.250728005526226,0,0,0,0,0,0,0,0,0,water
41037,7,9,0.2,0.517736157892287,0.481801157547452,0.519722586014724,0,0,0,0,0,0,0,0,0,water
41039,7,2,-0.5,0.592505835299198,0.460050152030583,0.174532115421771,0,0,0,0,0,0,0,0,0,water
41041,7,5,1.4,0.606588824557568,0.508751731733164,0.238127983356869,0,0,0,0,0,0,0,0,0,water
41043,7,3,2.7,0.287746934282822,0.403152842893678,0.236382321686869,0,0,0,0,0,0,0,0,0,water
41045,7,6,2.1,0.723710483399962,0.473915667469547,0.309032369342058,0,0,0,0,0,0,0,0,0,water
41047,7,2,1.9,0.577161051585424,0.40338160661708,0.176358473809252,0,0,0,0,0,0,0,0,0,water
41049,7,8,1.1,0.820930444801882,0.346036651643916,0.471782698595761,0,0,0,0,0,0,0,0,0,water
41051,7,1,-2.5,0.539592274834797,0.380302525306558,0.11602151328729,0,0,0,0,0,0,0,0,0,water
41053,7,2,2.9,0.582460739405406,0.401020612724648,0.177270331707767,0,0,0,0,0,0,0,0,0,water
41057,7,7,-0.7,0.701041769836855,0.44387674362013,0.329216351133972,0,0,0,0,0,0,0,0,0,water
41059,7,4,0.7,0.5882755119921,0.363044142848365,0.252999384790704,0,0,0,0,0,0,0,0,0,water
41061,7,7,-0.4,0.28929523221601,0.414315611478705,0.266203086660429,0,0,0,0,0,0,0,0,0,water
41063,7,9,1.6,0.43071486232837,0.380738446969322,0.474094745314974,0,0,0,0,0,0,0,0,0,water
41065,7,7,-0.4,0.595293399767371,0.410758585719067,0.224029801866341,0,0,0,0,0,0,0,0,0,water
41067,7,1,1.7,0.180634192744871,0.284776882492939,0.132476617080877,0,0,0,0,0,0,0,0,0,water
41071,7,1,2.9,0.601320888250637,0.360688601310497,0.23030091925973,0,0,0,0,0,0,0,0,0,water
42001,1,3,4,0.63543150996723,0.331164397181205,0.320889835854333,0,0,0,0,0,0,0,0,0,water
42003,9,1,-1.4,0.46408414836606,0.365752865924016,0.119266286498407,0,0,0,0,0,0,0,0,0,water
42005,10,1,-2.7,0.645177545953443,0.370960003965722,0.33200895691183,0,0,0,0,0,0,0,0,0,water
42007,1,1,-1.4,0.527529576275967,0.360056792827393,0.207767044583361,0,0,0,0,0,0,0,0,0,water
42009,10,8,0.1,0.730949209882687,0.396254994303942,0.413001138720614,0,0,0,0,0,0,0,0,0,water
42011,9,2,2.4,0.548243476229519,0.360700405777836,0.209389562271908,0,0,0,0,0,0,0,0,0,water
42013,10,3,-2,0.195188896156271,0.395986145941527,0.200488554917176,0,0,0,0,0,0,0,0,0,water
42015,10,6,-0.4,0.673850610290906,0.393219987303841,0.36052314812924,0,0,0,0,0,0,0,0,0,water
42017,9,1,0.6,0.496782551513234,0.27049768186154,0.146481576452117,0,0,0,0,0,0,0,0,0,water
42019,1,1,2.7,0.580388228106841,0.30913353552986,0.257329179244562,0,0,0,0,0,0,0,0,0,water
42021,10,3,-2.3,0.585974655608059,0.420240362093837,0.265543310582517,0,0,0,0,0,0,0,0,0,water
42023,10,9,-4.1,0.44883332605388,0.48944412483348,0.449916793569699,0,0,0,0,0,0,0,0,0,water
42025,10,2,1.5,0.668565989315781,0.395245499998801,0.306893820887718,0,0,0,0,0,0,0,0,0,water
42027,9,3,1.2,0.620850012354031,0.431579773332206,0.227853982683787,0,0,0,0,0,0,0,0,0,water
42029,9,1,4.8,0.514248248184185,0.224837546520195,0.187801573883334,0,0,0,0,0,0,0,0,0,water
42031,10,6,-0.9,0.736042418656752,0.404765188952583,0.398507576912185,0,0,0,0,0,0,0,0,0,water
42033,10,4,-2.9,0.317187136131378,0.403427926347153,0.316007834003632,0,0,0,0,0,0,0,0,0,water
42035,10,6,1.3,0.275159353525509,0.415378162178234,0.271030959487716,0,0,0,0,0,0,0,0,0,water
42037,10,4,2,0.588189359312697,0.421046960411826,0.259616118055188,0,0,0,0,0,0,0,0,0,water
42039,10,4,-2.1,0.66362251456496,0.399813224107432,0.333877122238164,0,0,0,0,0,0,0,0,0,water
42041,1,2,5.9,0.507561516453942,0.306657695158015,0.181930490823478,0,0,0,0,0,0,0,0,0,water
42043,9,2,2.2,0.516595806891121,0.367152351383847,0.161231351137181,0,0,0,0,0,0,0,0,0,water
42045,9,1,1.4,0.161327014087029,0.355442521930283,0.113768782406299,0,0,0,0,0,0,0,0,0,water
42047,10,7,-2.6,0.576854960028658,0.345725639855157,0.299524078361052,0,0,0,0,0,0,0,0,0,water
42049,10,2,-1.1,0.552167212660898,0.42751942376351,0.191631375905534,0,0,0,0,0,0,0,0,0,water
42051,10,1,-3.6,0.63521046564201,0.446690265131728,0.300160975504642,0,0,0,0,0,0,0,0,0,water
42053,4,9,-5.2,0.431968411392804,0.411528910710894,0.445451404286463,0,0,0,0,0,0,0,0,0,water
42055,1,3,2.1,0.585400309638213,0.327701049123492,0.27845863571001,0,0,0,0,0,0,0,0,0,water
42057,10,8,-0.9,0.426572301949427,0.372610408129176,0.448088423011941,0,0,0,0,0,0,0,0,0,water
42059,10,6,-5.3,0.674271224453749,0.35997653931499,0.363439473850121,0,0,0,0,0,0,0,0,0,water
42061,10,6,-1.6,0.670655446493314,0.359420964069894,0.374561013261403,0,0,0,0,0,0,0,0,0,water
42063,10,4,-0.2,0.642907893910328,0.406389009661233,0.316165424352602,0,0,0,0,0,0,0,0,0,water
42065,10,7,-2.5,0.685785973965088,0.418837539221265,0.369919225034599,0,0,0,0,0,0,0,0,0,water
42067,1,8,-0.4,0.772205621404898,0.345426360368823,0.451456594238595,0,0,0,0,0,0,0,0,0,water
42069,10,2,0.6,0.528316942896735,0.422491768968316,0.170479025919388,0,0,0,0,0,0,0,0,0,water
42071,1,2,1.9,0.561303840818804,0.339126424606946,0.215473023771203,0,0,0,0,0,0,0,0,0,water
42073,10,1,-2,0.250711799864834,0.394505659643988,0.256070620432052,0,0,0,0,0,0,0,0,0,water
42075,1,3,1.4,0.209012480582698,0.350863721251778,0.204624016815448,0,0,0,0,0,0,0,0,0,water
42077,9,2,3,0.18333151955663,0.380363985690676,0.1439010427411,0,0,0,0,0,0,0,0,0,water
42079,10,2,1.9,0.536308151296165,0.435707284604267,0.185413710517088,0,0,0,0,0,0,0,0,0,water
42081,10,3,-0.8,0.593707689066037,0.396897135834606,0.24718969092664,0,0,0,0,0,0,0,0,0,water
42083,10,7,-2.3,0.661969611684242,0.37188430733828,0.356228865666359,0,0,0,0,0,0,0,0,0,water
42085,10,4,-2.2,0.597925189460063,0.398977940357475,0.272920856179697,0,0,0,0,0,0,0,0,0,water
42087,10,4,-0.5,0.624193816462015,0.401797458296056,0.297707559157052,0,0,0,0,0,0,0,0,0,water
42089,9,4,-1.1,0.677658004169097,0.377379983158886,0.302120643722188,0,0,0,0,0,0,0,0,0,water
42091,9,1,2.6,0.471659788871693,0.265725662977438,0.122474769558965,0,0,0,0,0,0,0,0,0,water
42093,9,6,-0.1,0.636110965976939,0.364241528383793,0.293302824205885,0,0,0,0,0,0,0,0,0,water
42095,9,2,3.3,0.518695722145468,0.330045380596528,0.168586823331472,0,0,0,0,0,0,0,0,0,water
42097,10,4,-1.7,0.220149569393287,0.405458463703864,0.239614639458646,0,0,0,0,0,0,0,0,0,water
42099,1,2,2.1,0.737958674478433,0.308638385222949,0.426897914129444,0,0,0,0,0,0,0,0,0,water
42101,9,1,-1.7,0.223456597468511,0.50884481144623,0.110820048175317,0,0,0,0,0,0,0,0,0,water
42103,9,6,6.5,0.79125665769383,0.404424141579913,0.40215575746668,0,0,0,0,0,0,0,0,0,water
42105,10,9,-2.4,0.786372359133643,0.404973384066958,0.450349495131911,0,0,0,0,0,0,0,0,0,water
42107,10,4,1.1,0.589162046870815,0.371690047552218,0.278444130315596,0,0,0,0,0,0,0,0,0,water
42109,1,7,-0.3,0.660266058736725,0.332713138256356,0.352784529860115,0,0,0,0,0,0,0,0,0,water
42111,10,6,-2.5,0.347819154054776,0.393740409184995,0.374298196363253,0,0,0,0,0,0,0,0,0,water
42113,10,8,1.6,0.430333911407292,0.410881080125662,0.450693944306123,0,0,0,0,0,0,0,0,0,water
42115,10,8,-0.6,0.451399544446102,0.402895051417441,0.449248235867454,0,0,0,0,0,0,0,0,0,water
42117,10,8,-0.8,0.778879830299742,0.394452374542502,0.449005587816265,0,0,0,0,0,0,0,0,0,water
42119,9,6,-1.2,0.318863789948287,0.34323992920793,0.326394735012999,0,0,0,0,0,0,0,0,0,water
42121,10,4,-1.7,0.61311816420073,0.399235610826825,0.299467011120788,0,0,0,0,0,0,0,0,0,water
42123,10,6,-3,0.622239061962123,0.383270899362728,0.320155437983424,0,0,0,0,0,0,0,0,0,water
42125,1,1,0.5,0.531683629655489,0.341046973408831,0.219279992125614,0,0,0,0,0,0,0,0,0,water
42127,10,6,0.5,0.756782693847889,0.439260679973879,0.398999096774221,0,0,0,0,0,0,0,0,0,water
42129,1,1,-1,0.515328566308739,0.359856133440523,0.200696887712636,0,0,0,0,0,0,0,0,0,water
42131,10,2,-1,0.746884589699987,0.378308120062752,0.435456953297902,0,0,0,0,0,0,0,0,0,water
42133,1,2,3.2,0.543499172631138,0.322391994858555,0.208559470645835,0,0,0,0,0,0,0,0,0,water
44001,9,1,-1.3,0.141985011982727,0.283753900552806,0.114598797465114,0,0,0,0,0,0,0,0,0,water
44003,9,1,1.2,0.167989947536919,0.329111039075562,0.135832287064917,0,0,0,0,0,0,0,0,0,water
44005,9,1,-2.4,0.508511301986121,0.361708005064786,0.141033223098727,0,0,0,0,0,0,0,0,0,water
44007,9,1,2.4,0.527863187791839,0.391916300198328,0.129075025300369,0,0,0,0,0,0,0,0,0,water
44009,9,1,0.4,0.570812502517573,0.322018023553085,0.224207190507572,0,0,0,0,0,0,0,0,0,water
45001,2,6,1.4,0.39119142056753,0.405001349113308,0.378233715838169,0,0,0,0,0,0,0,0,0,water
45003,1,2,6,0.242442295425839,0.392444629119501,0.236431444227005,0,0,0,0,0,0,0,0,0,water
45005,2,8,-4.8,0.468469032797831,0.570358659301354,0.478297972446783,0,0,0,0,0,0,0,0,0,water
45007,1,2,6.4,0.255313500582668,0.38667246971741,0.252028356217514,0,0,0,0,0,0,0,0,0,water
45011,2,8,-0.5,0.497341734440697,0.571101741494143,0.453655550662645,0,0,0,0,0,0,0,0,0,water
45013,1,3,7.4,0.528080748280047,0.392053677684218,0.172779101736771,0,0,0,0,0,0,0,0,0,water
45015,1,2,14.2,0.192166224636812,0.325315223285939,0.184914990473931,0,0,0,0,0,0,0,0,0,water
45017,2,2,1,0.485400582365451,0.452738614947951,0.478975005250345,0,0,0,0,0,0,0,0,0,water
45019,1,2,5.1,0.197506715657814,0.381370195676507,0.141771204732044,0,0,0,0,0,0,0,0,0,water
45021,1,6,2.7,0.654145592906989,0.436880139481855,0.332710280393046,0,0,0,0,0,0,0,0,0,water
45023,2,1,0.1,0.362284272727971,0.446551378014363,0.355768413909945,0,0,0,0,0,0,0,0,0,water
45025,2,6,2.9,0.752467324082269,0.46321182659511,0.404637483697168,0,0,0,0,0,0,0,0,0,water
45029,2,6,1.9,0.376599957497911,0.455568387179034,0.377677163165576,0,0,0,0,0,0,0,0,0,water
45031,2,3,-0.7,0.318696210237019,0.484775514608759,0.300841400076332,0,0,0,0,0,0,0,0,0,water
45033,2,6,-2.5,0.396684703678589,0.531745395948735,0.349916651957144,0,0,0,0,0,0,0,0,0,water
45035,1,2,7.8,0.194041209501581,0.352022767429072,0.16169850415369,0,0,0,0,0,0,0,0,0,water
45037,2,2,14.7,0.414031677841453,0.382002027391267,0.40750499026233,0,0,0,0,0,0,0,0,0,water
45039,2,2,-2.4,0.431935894484837,0.462857539999363,0.369459181772105,0,0,0,0,0,0,0,0,0,water
45041,2,3,0.9,0.27657409886082,0.450617212945524,0.243375602478526,0,0,0,0,0,0,0,0,0,water
45043,1,4,4,0.604336673325125,0.434702362949082,0.251758094943542,0,0,0,0,0,0,0,0,0,water
45045,5,2,8.2,0.164159209626799,0.349983015391078,0.150915298582958,0,0,0,0,0,0,0,0,0,water
45047,3,4,0.9,0.270515907448052,0.458310232285197,0.243957035661688,0,0,0,0,0,0,0,0,0,water
45049,2,8,-1.9,0.450610880991061,0.486552838524624,0.487773179936664,0,0,0,0,0,0,0,0,0,water
45051,1,2,16.9,0.553740111896078,0.444055008057014,0.19271069559626,0,0,0,0,0,0,0,0,0,water
45055,1,2,9.3,0.318041759498404,0.402764706933283,0.306248975219068,0,0,0,0,0,0,0,0,0,water
45057,1,1,15.6,0.234040275723054,0.373555691341272,0.238102415287873,0,0,0,0,0,0,0,0,0,water
45059,1,2,4.3,0.364527795160051,0.435909715267511,0.327163124488621,0,0,0,0,0,0,0,0,0,water
45061,2,8,-3.6,0.497529735634026,0.492645691839397,0.447010099353119,0,0,0,0,0,0,0,0,0,water
45063,1,2,6.4,0.533379132552649,0.336609874529426,0.19829200944277,0,0,0,0,0,0,0,0,0,water
45065,2,8,4.8,0.769272907774727,0.523233039994299,0.445437377136222,0,0,0,0,0,0,0,0,0,water
45067,2,6,-2.5,0.356220323902109,0.544672859126756,0.308033276083337,0,0,0,0,0,0,0,0,0,water
45069,2,6,-3.8,0.376013039947708,0.556696914950748,0.334580782974327,0,0,0,0,0,0,0,0,0,water
45071,2,6,3.9,0.356263980653179,0.427718215043081,0.357824600493737,0,0,0,0,0,0,0,0,0,water
45073,1,4,4.7,0.327646398698024,0.438981574838214,0.324087635739656,0,0,0,0,0,0,0,0,0,water
45075,2,4,-1,0.378756438024137,0.557204944285114,0.33955659695723,0,0,0,0,0,0,0,0,0,water
45077,1,2,4.9,0.616595937113318,0.439369095267521,0.235739048509884,0,0,0,0,0,0,0,0,0,water
45079,5,2,3.6,0.214653065327848,0.454714168240801,0.141569179404427,0,0,0,0,0,0,0,0,0,water
45081,2,2,2.9,0.492706546881609,0.451680743331607,0.500923729673082,0,0,0,0,0,0,0,0,0,water
45083,1,2,12.1,0.22418965478304,0.386431089484755,0.209739628115259,0,0,0,0,0,0,0,0,0,water
45085,2,3,-0.7,0.264325463327241,0.429080307736441,0.228242052755489,0,0,0,0,0,0,0,0,0,water
45087,2,2,-1.9,0.648561759668746,0.48380666687027,0.328558555019036,0,0,0,0,0,0,0,0,0,water
45089,2,6,-3.4,0.793324084285917,0.556949694606798,0.395560231047165,0,0,0,0,0,0,0,0,0,water
45091,1,1,6.7,0.518889647187354,0.305049817850435,0.188692298733829,0,0,0,0,0,0,0,0,0,water
46003,8,9,0.4,0.398535018825662,0.310570945732355,0.554780744561276,0,0,0,0,0,0,0,0,0,water
46005,8,7,1.5,0.208738891030296,0.392967593893658,0.217558545985729,0,0,0,0,0,0,0,0,0,water
46007,6,9,-3,0.466294579552302,0.545219854086866,0.520764265808515,0,0,0,0,0,0,0,0,0,water
46009,8,9,1.4,0.738098762497287,0.365825001974715,0.475055956813771,0,0,0,0,0,0,0,0,0,water
46015,8,9,0.2,0.42076842762607,0.32525599566971,0.47840414453059,0,0,0,0,0,0,0,0,0,water
46019,7,7,5.8,0.323064763702144,0.376283024166366,0.287903187768957,0,0,0,0,0,0,0,0,0,water
46023,6,9,-0.3,0.473865811724741,0.450920728756549,0.486093930748933,0,0,0,0,0,0,0,0,0,water
46025,8,9,3.2,0.455794067291764,0.41626721102867,0.609420260323318,0,0,0,0,0,0,0,0,0,water
46027,5,6,1.6,0.280488774277495,0.473585306357298,0.209811924744976,0,0,0,0,0,0,0,0,0,water
46029,8,5,3.3,0.561380223313729,0.375746217262673,0.214329915658979,0,0,0,0,0,0,0,0,0,water
46031,6,9,-3.6,0.499717000436171,0.554997533192878,0.481772241379473,0,0,0,0,0,0,0,0,0,water
46033,7,3,11.8,0.476620340456009,0.395970346234437,0.448916012317724,0,0,0,0,0,0,0,0,0,water
46035,8,7,-0.2,0.17491158324603,0.372877598667285,0.194861671869418,0,0,0,0,0,0,0,0,0,water
46037,8,9,-0.5,0.414267736022831,0.39857307988266,0.516442618982775,0,0,0,0,0,0,0,0,0,water
46039,8,9,0.8,0.390453924065931,0.277829439637762,0.541696744876814,0,0,0,0,0,0,0,0,0,water
46041,6,9,1.9,0.517156076846751,0.425252677989297,0.458365223497139,0,0,0,0,0,0,0,0,0,water
46043,8,9,0.5,0.438734880510364,0.35817347704666,0.506486856838437,0,0,0,0,0,0,0,0,0,water
46045,8,9,0.8,0.751625241191907,0.351864988571722,0.567983356509678,0,0,0,0,0,0,0,0,0,water
46047,7,9,5.5,0.498083015413783,0.536956351893955,0.472037712064661,0,0,0,0,0,0,0,0,0,water
46049,8,9,0.5,0.404151303905209,0.469192944972735,0.574435050624401,0,0,0,0,0,0,0,0,0,water
46051,8,9,1,0.440571042636007,0.358381123836422,0.503849326941879,0,0,0,0,0,0,0,0,0,water
46053,8,9,2.8,0.417088518237559,0.427466725033332,0.478601894969528,0,0,0,0,0,0,0,0,0,water
46057,8,9,7.1,0.73979535209759,0.242836164630033,0.484381501527485,0,0,0,0,0,0,0,0,0,water
46059,8,9,-1.6,0.42737711944836,0.326486311728481,0.560724638081484,0,0,0,0,0,0,0,0,0,water
46061,8,8,0.5,0.409467307157765,0.262261744674719,0.480288636731106,0,0,0,0,0,0,0,0,0,water
46067,8,8,-0.1,0.422380657790515,0.312016400184655,0.50339600931541,0,0,0,0,0,0,0,0,0,water
46071,6,9,-2.4,0.527222414874798,0.60602544989128,0.471980104543403,0,0,0,0,0,0,0,0,0,water
46077,8,9,1,0.441854224266837,0.355369690071347,0.551921975113174,0,0,0,0,0,0,0,0,0,water
46079,8,6,-0.1,0.246293472791822,0.383538861867356,0.284089999079367,0,0,0,0,0,0,0,0,0,water
46081,7,6,11.5,0.2322263749673,0.411963474505428,0.221654856216989,0,0,0,0,0,0,0,0,0,water
46083,1,2,14.6,0.493460885901211,0.229903968876023,0.199846918644752,0,0,0,0,0,0,0,0,0,water
46085,6,9,0.5,0.478656748966571,0.439533943654011,0.481009284282422,0,0,0,0,0,0,0,0,0,water
46087,8,2,1.7,0.395592713495901,0.284531109273517,0.557206612907052,0,0,0,0,0,0,0,0,0,water
46089,8,9,-4,0.71686836433705,0.441111788766365,0.577384004779923,0,0,0,0,0,0,0,0,0,water
46091,8,9,2.3,0.396861943287132,0.288641955952943,0.529421796883774,0,0,0,0,0,0,0,0,0,water
46093,7,3,3.4,0.172700878962117,0.281060695633572,0.218855918837129,0,0,0,0,0,0,0,0,0,water
46095,6,9,-4.6,0.502565999881692,0.572685793685739,0.496858386389611,0,0,0,0,0,0,0,0,0,water
46097,8,8,0,0.438523363576833,0.358637024326287,0.56090329512824,0,0,0,0,0,0,0,0,0,water
46099,5,2,5.5,0.15477715098026,0.300333659659995,0.15987125315168,0,0,0,0,0,0,0,0,0,water
46101,8,8,3,0.456758048783368,0.327220713502915,0.599416311959242,0,0,0,0,0,0,0,0,0,water
46103,7,3,5.8,0.508344381057312,0.377898290810636,0.17247265028366,0,0,0,0,0,0,0,0,0,water
46105,8,9,-0.6,0.429787547700835,0.379709969639321,0.465024794453163,0,0,0,0,0,0,0,0,0,water
46109,6,9,0.2,0.778725927658774,0.373427943935435,0.484778147373336,0,0,0,0,0,0,0,0,0,water
46111,8,9,2.7,0.40529274867597,0.35730487105545,0.536938626412192,0,0,0,0,0,0,0,0,0,water
46115,8,9,-3.7,0.750394603633086,0.346674375693504,0.544508276113913,0,0,0,0,0,0,0,0,0,water
46117,8,9,1.5,0.140378024032807,0.319443836479765,0.241243600241268,0,0,0,0,0,0,0,0,0,water
46121,6,9,-1.6,0.569178313821794,0.572148117787235,0.453366305574418,0,0,0,0,0,0,0,0,0,water
46123,8,9,2,0.435641444885419,0.444167024970123,0.477822004082055,0,0,0,0,0,0,0,0,0,water
46125,8,2,4.6,0.406502045424404,0.327961182538319,0.483710988242916,0,0,0,0,0,0,0,0,0,water
46127,8,3,3.2,0.281095425976748,0.301033743613766,0.318526386243097,0,0,0,0,0,0,0,0,0,water
46129,8,9,-0.5,0.429964938492822,0.377912321725855,0.451386291937412,0,0,0,0,0,0,0,0,0,water
47001,1,2,5.3,0.239496028548865,0.408866283357034,0.232106036382881,0,0,0,0,0,0,0,0,0,water
47003,1,4,7.6,0.648432618888184,0.396737063381012,0.304487375590904,0,0,0,0,0,0,0,0,0,water
47005,4,9,2,0.43201580530906,0.454311081194188,0.442359541218998,0,0,0,0,0,0,0,0,0,water
47007,4,8,4.3,0.461331691098411,0.480336281891229,0.452599941900605,0,0,0,0,0,0,0,0,0,water
47009,1,2,4.8,0.225161213512654,0.331633122910296,0.234285570902226,0,0,0,0,0,0,0,0,0,water
47011,1,3,4.5,0.231024492584489,0.394726852425283,0.221167291486918,0,0,0,0,0,0,0,0,0,water
47013,4,2,2.4,0.286106890504422,0.455911801428065,0.273056958417673,0,0,0,0,0,0,0,0,0,water
47015,4,1,4,0.441654336856008,0.408137319531845,0.441565339922507,0,0,0,0,0,0,0,0,0,water
47017,4,6,2.4,0.365722587070951,0.437011766729749,0.384181902439197,0,0,0,0,0,0,0,0,0,water
47019,4,3,1.9,0.2312972223598,0.452142877301265,0.246310198101364,0,0,0,0,0,0,0,0,0,water
47021,1,1,3.7,0.411660468177538,0.28486555068368,0.443727462739157,0,0,0,0,0,0,0,0,0,water
47023,1,3,2.8,0.302431844485752,0.378217687861518,0.327219075025425,0,0,0,0,0,0,0,0,0,water
47025,4,6,3.1,0.348928315640331,0.454088542497702,0.347712343176657,0,0,0,0,0,0,0,0,0,water
47027,4,8,3.5,0.76412637396654,0.494722074297676,0.479721473771644,0,0,0,0,0,0,0,0,0,water
47029,4,6,4.3,0.347535307974014,0.473627924370723,0.339874262585275,0,0,0,0,0,0,0,0,0,water
47031,3,4,5.4,0.27079588324183,0.405025096033065,0.266967170448847,0,0,0,0,0,0,0,0,0,water
47033,1,3,0.5,0.462531324604201,0.407126596475966,0.448640545179707,0,0,0,0,0,0,0,0,0,water
47035,1,4,6.9,0.270574436233127,0.439970033609931,0.301835212791291,0,0,0,0,0,0,0,0,0,water
47037,5,1,1.9,0.180109504951129,0.384055060288184,0.121525914366754,0,0,0,0,0,0,0,0,0,water
47039,4,9,3.2,0.44912882414724,0.513206809544839,0.442757123904089,0,0,0,0,0,0,0,0,0,water
47041,4,8,7.7,0.69935934352283,0.484528336182676,0.364048968009418,0,0,0,0,0,0,0,0,0,water
47043,1,1,5.9,0.325743218729316,0.309680200817282,0.340906040692465,0,0,0,0,0,0,0,0,0,water
47045,3,6,-0.8,0.291740130684145,0.435108289542007,0.293295578140149,0,0,0,0,0,0,0,0,0,water
47047,1,1,6.2,0.341268857278448,0.353828696669491,0.358362031968782,0,0,0,0,0,0,0,0,0,water
47049,4,8,8.6,0.417651227538664,0.449623116373707,0.447447883746417,0,0,0,0,0,0,0,0,0,water
47051,1,7,5.4,0.339540704663411,0.383041255962833,0.346395500265894,0,0,0,0,0,0,0,0,0,water
47053,3,3,1.9,0.335399866156901,0.380697238880815,0.345555980189135,0,0,0,0,0,0,0,0,0,water
47055,4,6,2.1,0.679281650578408,0.388985360867549,0.354508527146483,0,0,0,0,0,0,0,0,0,water
47057,4,2,6.4,0.399880211060253,0.456281096079041,0.390920496797542,0,0,0,0,0,0,0,0,0,water
47059,4,4,4.3,0.320125152308341,0.414049905928562,0.334343965061447,0,0,0,0,0,0,0,0,0,water
47061,4,8,4.4,0.761807234965364,0.44468691790228,0.453604639353608,0,0,0,0,0,0,0,0,0,water
47063,1,3,4.9,0.192128919626428,0.419037167895972,0.186306826963721,0,0,0,0,0,0,0,0,0,water
47065,5,2,5,0.167761851033305,0.372885421517289,0.153163403075545,0,0,0,0,0,0,0,0,0,water
47067,4,8,6.2,0.474158034677805,0.579966740741196,0.440938891575713,0,0,0,0,0,0,0,0,0,water
47069,2,6,0,0.391316959490008,0.476344811208222,0.378032416889571,0,0,0,0,0,0,0,0,0,water
47071,4,6,2.4,0.334182850772553,0.480648530003432,0.334255050611095,0,0,0,0,0,0,0,0,0,water
47073,4,2,4.7,0.644394871212396,0.415820785731406,0.316566153826975,0,0,0,0,0,0,0,0,0,water
47075,2,6,-4.1,0.291794267841229,0.527123991433055,0.263591251513593,0,0,0,0,0,0,0,0,0,water
47077,4,6,1.3,0.37021048269185,0.422018932363656,0.366383597426517,0,0,0,0,0,0,0,0,0,water
47079,4,7,2.3,0.333369349463788,0.449175902180545,0.336818259788642,0,0,0,0,0,0,0,0,0,water
47081,4,1,3.6,0.418721101771386,0.367410949703337,0.442947299019604,0,0,0,0,0,0,0,0,0,water
47083,4,8,2.8,0.427781666884056,0.412021412463402,0.441342945490872,0,0,0,0,0,0,0,0,0,water
47085,4,8,2.9,0.411056826598715,0.389658637209471,0.441428898383989,0,0,0,0,0,0,0,0,0,water
47087,4,8,6.4,0.771334448667722,0.493528870081303,0.441437565336274,0,0,0,0,0,0,0,0,0,water
47089,1,3,7.8,0.348463092694408,0.367849617970874,0.363493667462654,0,0,0,0,0,0,0,0,0,water
47091,4,8,2.8,0.449404076815208,0.451982865001581,0.442825926799601,0,0,0,0,0,0,0,0,0,water
47093,5,2,5.5,0.149558175288989,0.363501937583658,0.141878127728527,0,0,0,0,0,0,0,0,0,water
47095,4,9,-8.1,0.467676685400031,0.58605544483473,0.467722266978884,0,0,0,0,0,0,0,0,0,water
47097,2,6,-2,0.369129600959452,0.452018519720983,0.366959072087613,0,0,0,0,0,0,0,0,0,water
47099,4,6,5.2,0.369993528445437,0.403661793404922,0.357601055649118,0,0,0,0,0,0,0,0,0,water
47101,4,8,6.4,0.435951072522092,0.440940251646387,0.450660403560373,0,0,0,0,0,0,0,0,0,water
47103,1,6,4,0.345872244036776,0.369445652295009,0.353185206965408,0,0,0,0,0,0,0,0,0,water
47105,1,2,12.7,0.222088551472902,0.377086843376046,0.234948909429583,0,0,0,0,0,0,0,0,0,water
47107,1,4,6.4,0.316636545291819,0.378441469137587,0.317615298752682,0,0,0,0,0,0,0,0,0,water
47109,4,8,0.9,0.40016038962379,0.39805281080754,0.442186235285749,0,0,0,0,0,0,0,0,0,water
47111,1,1,7.6,0.410335212547046,0.414110639035822,0.372904701937399,0,0,0,0,0,0,0,0,0,water
47113,3,3,1.6,0.251275998259948,0.477988697492635,0.197568683095895,0,0,0,0,0,0,0,0,0,water
47115,4,2,3.2,0.397327487046324,0.4154295958821,0.416698748925109,0,0,0,0,0,0,0,0,0,water
47117,1,6,9.8,0.328149320353113,0.352978032537914,0.329062447744799,0,0,0,0,0,0,0,0,0,water
47119,1,1,11.4,0.22784100330101,0.341750993518914,0.235801753149096,0,0,0,0,0,0,0,0,0,water
47121,4,8,8.8,0.450028567004993,0.406729344472103,0.445515113513592,0,0,0,0,0,0,0,0,0,water
47123,4,6,5.9,0.684473664096804,0.428511285024766,0.353541015755323,0,0,0,0,0,0,0,0,0,water
47125,1,2,11.2,0.191694477861139,0.32698150342832,0.170041575255939,0,0,0,0,0,0,0,0,0,water
47127,4,9,4.7,0.43944307508195,0.372596980075144,0.445859588703427,0,0,0,0,0,0,0,0,0,water
47129,4,2,4.3,0.433164859449371,0.403074463033324,0.444856037288465,0,0,0,0,0,0,0,0,0,water
47131,3,7,-1.7,0.294391253720343,0.406552325979405,0.316870650077328,0,0,0,0,0,0,0,0,0,water
47133,4,9,4.3,0.43259446797684,0.468134978386922,0.462507928795615,0,0,0,0,0,0,0,0,0,water
47135,4,9,7.2,0.405792327001736,0.430858249539833,0.443941277260038,0,0,0,0,0,0,0,0,0,water
47137,4,9,2.2,0.398523400317653,0.530064826048882,0.456391281706247,0,0,0,0,0,0,0,0,0,water
47139,4,3,4.4,0.443797624394773,0.391277178417638,0.452507255241704,0,0,0,0,0,0,0,0,0,water
47141,3,4,6,0.250057832561217,0.444636720416407,0.23873223375301,0,0,0,0,0,0,0,0,0,water
47143,1,6,4.4,0.665251146442539,0.408859011678983,0.349643987812423,0,0,0,0,0,0,0,0,0,water
47145,1,2,5.7,0.60704088678919,0.385959222573409,0.283279598391329,0,0,0,0,0,0,0,0,0,water
47147,1,1,7.5,0.282019314252959,0.318749453288839,0.28657066697742,0,0,0,0,0,0,0,0,0,water
47149,1,1,9.8,0.510635354092959,0.295365664443512,0.164297735421909,0,0,0,0,0,0,0,0,0,water
47151,4,8,2.9,0.425260122303421,0.482317568394343,0.44506316054991,0,0,0,0,0,0,0,0,0,water
47153,4,2,11.2,0.42609155769972,0.498585988039049,0.444452403308815,0,0,0,0,0,0,0,0,0,water
47155,1,4,1.3,0.309272654085984,0.395519318308301,0.288622099756031,0,0,0,0,0,0,0,0,0,water
47157,5,1,-2.1,0.198677760606172,0.458957540888011,0.122252261841321,0,0,0,0,0,0,0,0,0,water
47159,4,1,4.1,0.808143811603593,0.378078518743464,0.445639541559822,0,0,0,0,0,0,0,0,0,water
47161,4,2,4.8,0.762718353693174,0.369807562433148,0.444359839680317,0,0,0,0,0,0,0,0,0,water
47163,1,2,2.8,0.196062990494715,0.420567434173774,0.199424017481578,0,0,0,0,0,0,0,0,0,water
47165,1,1,7.2,0.201483152033348,0.306182990563659,0.195386009550095,0,0,0,0,0,0,0,0,0,water
47167,1,1,1.9,0.331371187871698,0.342208906696656,0.336730874698363,0,0,0,0,0,0,0,0,0,water
47169,4,1,4.5,0.503302012264849,0.39838875314799,0.443549228766027,0,0,0,0,0,0,0,0,0,water
47171,4,3,0,0.259589715939355,0.430600425909361,0.283847103165468,0,0,0,0,0,0,0,0,0,water
47173,4,2,6.1,0.760632382211045,0.35238104723898,0.442482136535744,0,0,0,0,0,0,0,0,0,water
47175,4,9,8.3,0.763222899120986,0.360941944670129,0.44407323904193,0,0,0,0,0,0,0,0,0,water
47177,4,6,6.2,0.344516277474172,0.38884547999317,0.339178925257137,0,0,0,0,0,0,0,0,0,water
47179,3,3,4.8,0.206059427893448,0.424355056469098,0.196879761296382,0,0,0,0,0,0,0,0,0,water
47181,4,8,-1.5,0.768512248075238,0.405922382933205,0.449578331664666,0,0,0,0,0,0,0,0,0,water
47183,3,6,0.8,0.300036501823466,0.419986582148478,0.346664062233127,0,0,0,0,0,0,0,0,0,water
47185,4,7,6.1,0.367901680216839,0.424351015979161,0.37234805891901,0,0,0,0,0,0,0,0,0,water
47189,1,1,14.3,0.550489746446445,0.26703281181374,0.227741403855013,0,0,0,0,0,0,0,0,0,water
48001,6,7,2.7,0.700995690377466,0.407348681690713,0.346173457167321,0,0,0,0,0,0,0,0,0,water
48003,6,6,1.6,0.514073819036033,0.356071676440968,0.175029829153777,0,0,0,0,0,0,0,0,0,water
48005,3,5,1.8,0.651850639031402,0.423158601218697,0.291427938537521,0,0,0,0,0,0,0,0,0,water
48007,6,2,6.9,0.587542423971581,0.50420021646605,0.193542745548936,0,0,0,0,0,0,0,0,0,water
48009,6,3,7,0.399399601095009,0.379256427090444,0.434475027636338,0,0,0,0,0,0,0,0,0,water
48011,8,2,-2.3,0.38234624539703,0.337556099158552,0.464072691175702,0,0,0,0,0,0,0,0,0,water
48013,6,1,7.1,0.3979754679202,0.371359499285347,0.36678431621478,0,0,0,0,0,0,0,0,0,water
48015,1,1,8,0.749494369652656,0.399323603792105,0.376878630027601,0,0,0,0,0,0,0,0,0,water
48017,6,6,2.4,0.173686217652132,0.30355915280871,0.270682447346018,0,0,0,0,0,0,0,0,0,water
48019,6,1,8.7,0.459612752685956,0.451491413792153,0.463594875093857,0,0,0,0,0,0,0,0,0,water
48021,6,1,17.2,0.727978329030773,0.335923951776509,0.357158329931472,0.67,0.00656455142231947,0,0.00656455142231947,0.00157702088783472,0.00220519005542566,0.00234458422274489,0.00234458422274489,0.00612679516600527,land
48023,6,9,2.1,0.437874454756724,0.527297923835801,0.484939129797999,0,0,0,0,0,0,0,0,0,water
48025,6,6,0.6,0.6698902637557,0.425182014570289,0.297465411138943,0,0,0,0,0,0,0,0,0,water
48027,3,2,7.3,0.542158029172299,0.396532625449809,0.157694049491474,0.67,0.0196936542669584,0,0.0196936542669584,0.00352343401890969,0.00780917643117786,0.00310557209064172,0.00780917643117786,0.0144381825407293,power
48029,5,1,5.6,0.53024522532396,0.397840280421888,0.12733372499315,0.67,0.332603938730853,0,0.332603938730853,0.0581993446438727,0.132323244254107,0.042351698465993,0.132323244254107,0.232874287363973,power
48031,6,8,16.6,0.451337283946217,0.354403142863454,0.455787840012544,0,0,0,0,0,0,0,0,0,water
48035,6,2,4.2,0.787800445764963,0.338164703109559,0.441682128345082,0.67,0.0196936542669584,0,0.0196936542669584,0.0051198409713828,0.00665969874832829,0.00869833513152239,0.00869833513152239,0.0204778748512335,land
48037,3,3,-1,0.272116654771218,0.420427913992229,0.240119987249379,0,0,0,0,0,0,0,0,0,water
48039,1,1,10.6,0.534117960830757,0.258479867847129,0.188654966228251,0,0,0,0,0,0,0,0,0,water
48041,5,2,6.4,0.611062616992521,0.523931888701846,0.155012535763004,0.67,0,0,0,0,0,0,0,0,water
48043,6,7,-0.6,0.599945633182266,0.413563285201687,0.23375633461291,0,0,0,0,0,0,0,0,0,water
48047,6,9,-5,0.282274804684894,0.559928733064583,0.260147592933554,0,0,0,0,0,0,0,0,0,water
48049,3,5,1.5,0.277788639747663,0.430250787995852,0.258573928089467,0,0,0,0,0,0,0,0,0,water
48051,6,2,14.1,0.792455591668216,0.34857562059528,0.469290063889303,0,0,0,0,0,0,0,0,0,water
48053,1,6,12.6,0.694427059321224,0.360314480929849,0.339051427923981,0,0,0,0,0,0,0,0,0,water
48055,6,1,14.1,0.723967932382005,0.364731177209254,0.303743789807767,0,0,0,0,0,0,0,0,0,water
48057,6,6,-0.6,0.60426188888196,0.286368334925244,0.250600314098126,0,0,0,0,0,0,0,0,0,water
48059,6,3,6.3,0.72658117823946,0.3296366153634,0.444396556045417,0,0,0,0,0,0,0,0,0,water
48061,6,2,2.4,0.610968832617448,0.474246975832395,0.171550211718923,0,0,0,0,0,0,0,0,0,water
48063,6,8,5.9,0.497883658071944,0.472506307115144,0.45716385559823,0,0,0,0,0,0,0,0,0,water
48065,6,2,0.5,0.385359548710596,0.257923632323511,0.463209081001407,0,0,0,0,0,0,0,0,0,water
48067,2,6,0.6,0.739404433818281,0.447626229897433,0.404851297830909,0,0,0,0,0,0,0,0,0,water
48069,6,9,0.6,0.810783481948324,0.397724381212341,0.605838153883295,0,0,0,0,0,0,0,0,0,water
48071,1,1,19.5,0.680608517569343,0.253370437038694,0.297048150852181,0,0,0,0,0,0,0,0,0,water
48073,3,6,5.2,0.718902388571793,0.417949830493357,0.384810855333898,0,0,0,0,0,0,0,0,0,water
48075,6,9,0.3,0.186041391030536,0.380125314626079,0.238945768115512,0.67,0.0590809628008753,0,0.0590809628008753,0.00362719648595641,0.0224581695730944,0.0141171460374591,0.0224581695730944,0.0402025120965099,power
48077,6,3,4.6,0.446735432687626,0.345892114115713,0.475756478899994,0,0,0,0,0,0,0,0,0,water
48079,6,2,0.7,0.457736154468291,0.44553592975346,0.556634947163072,0,0,0,0,0,0,0,0,0,water
48081,6,8,2.3,0.713386001055237,0.426034330533791,0.443664062389775,0,0,0,0,0,0,0,0,0,water
48083,6,8,4,0.277887252417893,0.443549823866385,0.292866007290802,0,0,0,0,0,0,0,0,0,water
48085,1,1,16.6,0.161596998480876,0.2245125995302,0.131682027964873,0.34,0.306345733041576,0,0.306345733041576,0.0326730036315818,0.0687784768801489,0.0403402273853001,0.0687784768801489,0.141791707897031,power
48087,6,9,-1.2,0.502226057921576,0.425656802765793,0.457262249981589,0,0,0,0,0,0,0,0,0,water
48089,6,8,4,0.449878122977635,0.352939188893722,0.465846339239649,0,0,0,0,0,0,0,0,0,water
48091,1,1,23.2,0.613989349492307,0.293345155406589,0.266513440538173,0,0,0,0,0,0,0,0,0,water
48093,6,9,5.4,0.78005390520693,0.382592376118289,0.474619566730402,0,0,0,0,0,0,0,0,0,water
48095,6,8,0.3,0.728252014962956,0.344039393627547,0.484418372179562,0,0,0,0,0,0,0,0,0,water
48097,6,6,6,0.653853210049352,0.363328290158794,0.31395560917246,0,0,0,0,0,0,0,0,0,water
48099,3,2,3.9,0.520153889826139,0.315497083716023,0.175018310809055,0,0,0,0,0,0,0,0,0,water
48103,6,8,-1.7,0.453156015477497,0.312860536260611,0.44598272608292,0,0,0,0,0,0,0,0,0,water
48105,6,8,-9.5,0.404251898683884,0.210478548111176,0.479665813976626,0,0,0,0,0,0,0,0,0,water
48107,6,2,-1.3,0.800243967813697,0.437712370360336,0.448877474379102,0,0,0,0,0,0,0,0,0,water
48109,6,9,3.1,0.379414531586281,0.426084263552739,0.451469687012587,0,0,0,0,0,0,0,0,0,water
48111,6,7,5.4,0.489634802969864,0.246336897970493,0.473861064816535,0,0,0,0,0,0,0,0,0,water
48113,5,1,1.7,0.209892238890267,0.394031956452093,0.113204880372609,0,0.288840262582057,0,0.288840262582057,0.0606253293950005,0.113812293767344,0.0326981273723946,0.113812293767344,0.207135750534739,power
48115,6,6,-5.7,0.613322076769534,0.410966527194786,0.294580770747155,0,0,0,0,0,0,0,0,0,water
48117,6,6,-0.2,0.202251972529257,0.395939082791036,0.289881712881507,0,0,0,0,0,0,0,0,0,water
48119,4,8,8.1,0.415131440063822,0.394251272843193,0.505587802901011,0,0,0,0,0,0,0,0,0,water
48121,1,1,14.3,0.156048718144487,0.247176912063693,0.135395960848108,0.17,0.137855579868709,0,0.137855579868709,0.0178551148178888,0.0340747165426972,0.0186650886945969,0.0340747165426972,0.070594920055183,power
48123,6,6,2.1,0.301688629596913,0.418543490325219,0.291730297684014,0,0,0,0,0,0,0,0,0,water
48127,6,7,-4.7,0.400800234220628,0.703647211066548,0.241128983675979,0,0,0,0,0,0,0,0,0,water
48129,6,8,-2.7,0.481257755430936,0.38541761709116,0.515914915126777,0,0,0,0,0,0,0,0,0,water
48131,6,9,-2.3,0.787707249398242,0.456065811329302,0.447263738013722,0,0,0,0,0,0,0,0,0,water
48133,3,8,2.8,0.781929422201348,0.431935322134251,0.461414652284804,0,0,0,0,0,0,0,0,0,water
48135,6,3,2.7,0.523734095265319,0.366453116747863,0.141670145723486,0,0.0809628008752735,0,0.0809628008752735,0.0424029792665576,0.0296690707213806,0.0114700117981816,0.0424029792665576,0.0835420617861197,water
48139,1,1,19.6,0.564320932899536,0.278474302699421,0.214221186324627,0.67,0.107221006564551,0,0.107221006564551,0.0199673292888085,0.0298582950377935,0.0229690112251788,0.0298582950377935,0.0727946355517809,power
48141,6,2,1,0.536554142466487,0.44215351858847,0.125983693299514,0,0,0,0,0,0,0,0,0,water
48143,3,5,4.2,0.689657174438339,0.440257148180528,0.338182443593498,0,0,0,0,0,0,0,0,0,water
48145,6,2,4.7,0.724767738437329,0.397032517291728,0.344604087939764,0,0,0,0,0,0,0,0,0,water
48147,6,6,7.4,0.395041420540185,0.37977722766537,0.382287565656525,0,0,0,0,0,0,0,0,0,water
48149,6,6,4,0.705391713924916,0.361009448155953,0.391945786920376,0,0,0,0,0,0,0,0,0,water
48151,6,8,-0.3,0.72491991129107,0.337378256500821,0.435982184452256,0,0,0,0,0,0,0,0,0,water
48153,6,8,-6.2,0.417353808168135,0.40389052498933,0.570418190423765,0,0,0,0,0,0,0,0,0,water
48157,1,1,15.6,0.162952718272948,0.24398242330843,0.127642371646083,0,0,0,0,0,0,0,0,0,water
48159,6,9,5.2,0.412021093423319,0.357707467953164,0.49530557969102,0,0,0,0,0,0,0,0,0,water
48161,6,9,6.2,0.433501406366391,0.404632028018167,0.459020057077258,0,0.00218818380743982,0,0.00218818380743982,0.000948580757913328,0.000885409251680891,0.00100442025618656,0.00100442025618656,0.00283841026578078,land
48163,6,6,6,0.32734321333918,0.39915265389849,0.316590333366329,0,0,0,0,0,0,0,0,0,water
48165,6,6,5.5,0.706203355294591,0.285138270965749,0.427214927973516,0,0,0,0,0,0,0,0,0,water
48167,1,1,4.5,0.503682889183047,0.368471607636973,0.124745560135343,0,0,0,0,0,0,0,0,0,water
48169,6,2,-20.1,0.742716358367895,0.34747197382543,0.464101224289427,0,0,0,0,0,0,0,0,0,water
48171,6,7,5.2,0.664922784934215,0.423761481065088,0.302366513932186,0,0,0,0,0,0,0,0,0,water
48175,6,3,2.8,0.42932712881172,0.364502421925495,0.445916421642405,0,0,0,0,0,0,0,0,0,water
48177,6,6,1.8,0.381669866410824,0.379862742675386,0.466959987748758,0,0,0,0,0,0,0,0,0,water
48179,6,6,-1.4,0.213500599667079,0.411039326596403,0.217596018205715,0,0,0,0,0,0,0,0,0,water
48181,6,3,10.6,0.624288152060219,0.37341485230328,0.272476795499963,0,0,0,0,0,0,0,0,0,water
48183,3,2,1.9,0.527417735478741,0.408231226463363,0.155852613944853,0,0,0,0,0,0,0,0,0,water
48185,6,6,13.6,0.717860860199129,0.381052496109914,0.388379806375577,0,0,0,0,0,0,0,0,0,water
48187,1,1,12.4,0.534869961694424,0.261564726884517,0.196722034590354,0,0,0,0,0,0,0,0,0,water
48189,6,4,-1.6,0.587779251630572,0.431489559274617,0.263423578998276,0.67,0.0153172866520788,0,0.0153172866520788,0.00297105048417204,0.00660924926678844,0.00403493447043311,0.00660924926678844,0.0136152342213936,power
48191,6,9,1,0.758696785206355,0.394053112051428,0.559605431778509,0.67,0.037199124726477,0,0.037199124726477,0.00931354259301455,0.0146584308640575,0.0208168322543428,0.0208168322543428,0.0447888057114148,land
48193,6,8,4.8,0.797170044140489,0.444581184257217,0.490601329087132,0,0,0,0,0,0,0,0,0,water
48195,6,9,-4.7,0.45103072720596,0.300566548722436,0.731714124946574,0,0,0,0,0,0,0,0,0,water
48197,6,9,-4,0.7382658092337,0.373111676970213,0.462953417597979,0,0,0,0,0,0,0,0,0,water
48199,3,2,4.1,0.622870635840382,0.348426059202093,0.283991852013563,0,0,0,0,0,0,0,0,0,water
48201,5,1,5.8,0.544649700105771,0.404721983700518,0.115104167474299,0.67,0.194748358862144,0,0.194748358862144,0.0350029796326182,0.0788189421211074,0.0224163477138132,0.0788189421211074,0.136238269467539,power
48203,3,2,3.7,0.659456444184091,0.413926389890323,0.298038624191227,0,0,0,0,0,0,0,0,0,water
48205,6,9,-6.4,0.239310550740963,0.272527105583008,0.418744351957929,0,0,0,0,0,0,0,0,0,water
48207,6,8,0,0.767682883651032,0.389245324494982,0.49950829967753,0.34,0.00437636761487965,0,0.00437636761487965,0.00221737725693515,0.00170348063236316,0.00218603194607234,0.00221737725693515,0.00610688983537065,water
48209,1,1,19.7,0.3090529297237,0.359752343520769,0.21110135971782,0.67,0,0,0,0,0,0,0,0,water
48211,6,9,-6.9,0.452006997318516,0.320578417669027,0.552721953539784,0,0,0,0,0,0,0,0,0,water
48213,6,4,6.1,0.711493432764097,0.417543041368446,0.338595877633773,0,0,0,0,0,0,0,0,0,water
48215,6,2,4.8,0.612754456795623,0.487722758915359,0.146378386112345,0,0,0,0,0,0,0,0,0,water
48217,6,6,7.8,0.385790800356522,0.379104347692997,0.37565479597917,0.67,0,0,0,0,0,0,0,0,water
48219,6,2,0,0.612921883794783,0.385203528955813,0.277452925461286,0,0,0,0,0,0,0,0,0,water
48221,1,4,11.4,0.597851624874392,0.371718121021062,0.251703976186802,0.17,0,0,0,0,0,0,0,0,water
48223,6,6,5.3,0.349328627568579,0.384540099348736,0.344806424668488,0,0,0,0,0,0,0,0,0,water
48225,6,7,0.6,0.739502818172921,0.43841629992066,0.367066189692938,0,0,0,0,0,0,0,0,0,water
48227,6,4,-11.4,0.527582148946187,0.346909390863312,0.177217302434072,0,0,0,0,0,0,0,0,0,water
48229,6,2,13,0.564400269540406,0.424341153255283,0.477877737838444,0,0,0,0,0,0,0,0,0,water
48231,1,1,18.4,0.714116341321571,0.364757621502009,0.315885563527928,0,0,0,0,0,0,0,0,0,water
48233,3,6,-4.2,0.531953048142319,0.347340717739437,0.241093539778536,0,0,0,0,0,0,0,0,0,water
48235,6,3,0.9,0.533050294829942,0.34604017592162,0.483389201698442,0,0,0,0,0,0,0,0,0,water
48237,6,8,10.7,0.449200797927945,0.36977967027471,0.44985023214819,0,0,0,0,0,0,0,0,0,water
48239,6,6,1.9,0.317975233475525,0.399204947520141,0.326323617557495,0,0,0,0,0,0,0,0,0,water
48241,2,6,0,0.708403401045533,0.456485015074693,0.374339465228384,0,0,0,0,0,0,0,0,0,water
48243,6,9,-10.4,0.432302984686638,0.621153675752992,0.448366303891702,0,0,0,0,0,0,0,0,0,water
48245,3,2,-0.9,0.513733589007897,0.446666627478719,0.144420161589143,0,0,0,0,0,0,0,0,0,water
48247,6,8,-5.4,0.840618264366384,0.513366214145329,0.459728834263823,0,0,0,0,0,0,0,0,0,water
48249,6,6,0,0.671226178452717,0.502517562354636,0.294454579656159,0,0,0,0,0,0,0,0,0,water
48251,1,1,16.4,0.615751681982019,0.318594529438415,0.266627339838861,0,0,0,0,0,0,0,0,0,water
48253,6,3,5.9,0.778874840748703,0.386711518301718,0.471948409702553,0,0,0,0,0,0,0,0,0,water
48255,6,8,2.2,0.811683121058159,0.453023455278091,0.448940691211802,0,0,0,0,0,0,0,0,0,water
48257,1,1,34.4,0.289197973436606,0.288774552273283,0.250949444176463,0,0,0,0,0,0,0,0,0,water
48259,1,1,16.3,0.667750692455466,0.287024294550925,0.303370341425044,0,0,0,0,0,0,0,0,0,water
48265,6,4,2.3,0.604632300777732,0.433403232409992,0.246329154054292,0,0,0,0,0,0,0,0,0,water
48267,6,9,2.5,0.405064207957406,0.452714011427821,0.443582749661637,0,0,0,0,0,0,0,0,0,water
48271,6,9,2.1,0.333333333333333,0.319102803290641,0.444325965686614,0,0,0,0,0,0,0,0,0,water
48273,6,4,-1.8,0.646417115977577,0.532078641575305,0.192720718854362,0,0,0,0,0,0,0,0,0,water
48275,6,9,-2.9,0.723717128002681,0.346998859603907,0.515286361595076,0,0,0,0,0,0,0,0,0,water
48277,3,5,2.2,0.325128646599145,0.476523436762266,0.27451949359423,0,0,0,0,0,0,0,0,0,water
48279,6,6,-2.5,0.627860100113209,0.375405883654868,0.399909863215198,0,0,0,0,0,0,0,0,0,water
48281,6,2,8.5,0.669366915000145,0.374613726368201,0.328240307838089,0,0,0,0,0,0,0,0,0,water
48283,6,8,0.4,0.466294579552302,0.408213073051211,0.457372423031276,0,0,0,0,0,0,0,0,0,water
48285,6,8,1.2,0.376509766187499,0.383424566971157,0.39190726098311,0,0,0,0,0,0,0,0,0,water
48287,6,8,5.4,0.831416348747117,0.402575968624296,0.44394989495456,0,0,0,0,0,0,0,0,0,water
48289,6,8,5.8,0.430114831575725,0.396471263466022,0.476125191979836,0,0,0,0,0,0,0,0,0,water
48291,6,1,24.4,0.412990680878768,0.384150567481558,0.37247664842708,0,0,0,0,0,0,0,0,0,water
48293,6,6,1.9,0.722987535635178,0.47097758115899,0.352186925029043,0,0,0,0,0,0,0,0,0,water
48295,6,9,-5.2,0.460672607219588,0.354025011140135,0.528517191551375,0,0,0,0,0,0,0,0,0,water
48297,6,8,5.5,0.449781909529141,0.424952035358024,0.455037426917852,0,0,0,0,0,0,0,0,0,water
48299,6,7,8.7,0.64706979176458,0.462766892528756,0.281837359539613,0,0,0,0,0,0,0,0,0,water
48303,3,2,5.1,0.562984462423288,0.449090390103217,0.149371860471577,0,0,0,0,0,0,0,0,0,water
48305,6,2,6.2,0.801100298828979,0.395000446547562,0.532319086849332,0,0,0,0,0,0,0,0,0,water
48307,6,9,-1.8,0.571702287573528,0.431502145653085,0.25481656808963,0,0,0,0,0,0,0,0,0,water
48309,3,2,3.5,0.591640629151341,0.444479722201252,0.192220776799426,0,0,0,0,0,0,0,0,0,water
48313,6,8,3.1,0.495669965979073,0.381154354878703,0.529453409786142,0,0,0,0,0,0,0,0,0,water
48315,2,8,-1.7,0.79306933225192,0.475883797850783,0.445916091348187,0,0,0,0,0,0,0,0,0,water
48317,6,3,-1.6,0.802432774882669,0.226434443068125,0.485086403052853,0.34,0,0,0,0,0,0,0,0,water
48319,6,9,0.5,0.400690928363422,0.366890585979799,0.445842670094351,0,0,0,0,0,0,0,0,0,water
48321,6,6,0.3,0.680633660087841,0.492041419040036,0.303243823372226,0,0,0,0,0,0,0,0,0,water
48323,6,3,1.7,0.267104866969095,0.454826410335376,0.141138523717205,0,0,0,0,0,0,0,0,0,water
48325,6,1,8.9,0.424711724973088,0.341608338936432,0.407574696861304,0,0,0,0,0,0,0,0,0,water
48327,6,9,-2.5,0.485525705082165,0.538191504295886,0.454645015678336,0,0,0,0,0,0,0,0,0,water
48329,1,3,7.5,0.542182820652083,0.302034425623332,0.157724887881642,0,0,0,0,0,0,0,0,0,water
48331,6,6,5.6,0.66065344654978,0.430747153740398,0.329467441989786,0.67,1,0,1,0.218015637361427,0.430747153740398,0.329467441989786,0.430747153740398,0.978230233091611,power
48333,6,9,2.5,0.743224537700289,0.343164158882806,0.470317361648112,0,0,0,0,0,0,0,0,0,water
48335,6,7,-0.5,0.236713682888841,0.362523488195099,0.247443070917957,0,0.037199124726477,0,0.037199124726477,0.00880554181424572,0.013485556453647,0.00920466565777957,0.013485556453647,0.0314957639256723,power
48337,6,6,9.2,0.349254835740331,0.427206263827569,0.35678853779896,0.17,0,0,0,0,0,0,0,0,water
48339,1,1,19.9,0.547042652965249,0.283549849569677,0.187500285637524,0,0,0,0,0,0,0,0,0,water
48341,6,7,2.8,0.246918309284848,0.354916327916989,0.385098059044531,0,0,0,0,0,0,0,0,0,water
48343,6,8,1.8,0.442727290901802,0.413226380739087,0.46580386346568,0,0,0,0,0,0,0,0,0,water
48347,3,5,1.7,0.374928925911243,0.500395438539179,0.305993251121528,0,0,0,0,0,0,0,0,0,water
48349,3,4,6.9,0.680662982127985,0.42082312645795,0.301672770993331,0,0.0809628008752735,0,0.0809628008752735,0.0551083814851979,0.0340710189911251,0.024424272487425,0.0551083814851979,0.113603672963748,water
48351,2,8,-2.1,0.477383568781911,0.476883014401392,0.482897902328511,0,0,0,0,0,0,0,0,0,water
48353,6,6,-3.7,0.253101007616187,0.446778415921442,0.223505911257204,0,0.037199124726477,0,0.037199124726477,0.00941513595071154,0.0166197660189596,0.00831422426996164,0.0166197660189596,0.0343491262396327,power
48355,3,2,-0.1,0.207075661713205,0.434555514730967,0.132942746381954,0,0,0,0,0,0,0,0,0,water
48357,6,7,-2.4,0.209829750159732,0.348687278230795,0.32428553032407,0,0,0,0,0,0,0,0,0,water
48361,3,2,1.6,0.562810099435492,0.358789140763926,0.230846974148411,0,0,0,0,0,0,0,0,0,water
48363,6,6,6.3,0.641683759462991,0.445558451278198,0.282493122578639,0,0,0,0,0,0,0,0,0,water
48365,6,6,2.3,0.67173327822559,0.359423866745818,0.37204889513266,0,0,0,0,0,0,0,0,0,water
48367,1,1,20.2,0.669448099943162,0.265934103149005,0.330648042833381,0.17,0,0,0,0,0,0,0,0,water
48369,6,9,-1.9,0.432450424640051,0.292551090512453,0.576075463938934,0,0,0,0,0,0,0,0,0,water
48371,6,7,-3.1,0.570828262902184,0.438283520174645,0.276192246232884,0.67,0.190371991247265,0,0.190371991247265,0.0358610053127389,0.0834369064665079,0.052579267882409,0.0834369064665079,0.171877179661656,power
48373,2,6,7.4,0.781086870139816,0.421026345830613,0.415710021646321,0,0,0,0,0,0,0,0,0,water
48375,3,2,-3.1,0.233711488403244,0.484347593442919,0.150939961726679,0,0,0,0,0,0,0,0,0,water
48377,6,9,-6.9,0.804732889410951,0.680264365398367,0.517184302202222,0,0,0,0,0,0,0,0,0,water
48379,6,8,9.3,0.782416398774174,0.399850347652753,0.460753830529626,0,0,0,0,0,0,0,0,0,water
48381,1,2,6.5,0.173010216518146,0.320311292646512,0.180598337979982,0,0,0,0,0,0,0,0,0,water
48383,6,8,-8.3,0.475207225100354,0.334467294429571,0.468174910669763,0,0,0,0,0,0,0,0,0,water
48385,6,9,0.8,0.791370023071458,0.543459503940226,0.453007115802972,0,0,0,0,0,0,0,0,0,water
48387,6,8,1.2,0.488941242955695,0.534866927849357,0.457488107021849,0,0,0,0,0,0,0,0,0,water
48389,6,7,-19,0.511704326915164,0.430976682502178,0.156815448936707,0,0,0,0,0,0,0,0,0,water
48391,6,8,0,0.817046233838086,0.457055451248246,0.467838113770612,0,0,0,0,0,0,0,0,0,water
48395,6,2,5.3,0.48699988400773,0.414615990003949,0.495801603157474,0,0,0,0,0,0,0,0,0,water
48397,1,1,25.5,0.145088729718223,0.167123083483129,0.157117920776465,0,0,0,0,0,0,0,0,0,water
48399,6,8,-1.7,0.785431341703473,0.354705697542342,0.477808347538561,0,0,0,0,0,0,0,0,0,water
48401,6,2,2.2,0.67170721850703,0.367613190254136,0.339372654856953,0,0,0,0,0,0,0,0,0,water
48403,2,9,1.7,0.810954615030947,0.440459128322355,0.453572288702959,0,0,0,0,0,0,0,0,0,water
48405,2,9,-2,0.79578618244579,0.56798606558183,0.487175265736741,0,0,0,0,0,0,0,0,0,water
48407,6,1,6.5,0.839186855284041,0.443104414453627,0.442143731121256,0,0,0,0,0,0,0,0,0,water
48409,6,2,3.8,0.599301303375937,0.388558871920698,0.212312423895284,0,0,0,0,0,0,0,0,0,water
48411,6,9,-3.8,0.44099357958306,0.416774181161911,0.511226142499905,0,0,0,0,0,0,0,0,0,water
48413,6,8,-5.8,0.370659878382268,0.292533090720128,0.458277267683396,0,0,0,0,0,0,0,0,0,water
48415,6,7,-4.2,0.224090158322686,0.300826429755694,0.225824350083048,0,0,0,0,0,0,0,0,0,water
48417,6,8,1.9,0.735049830533147,0.351622356066231,0.460532176207232,0,0,0,0,0,0,0,0,0,water
48419,6,7,0.6,0.747559784193876,0.457609194138968,0.476767800403339,0,0,0,0,0,0,0,0,0,water
48421,6,9,-0.7,0.504558437527887,0.355194611194144,0.963781750558282,0,0,0,0,0,0,0,0,0,water
48423,3,3,6.4,0.59448537961079,0.368328848218232,0.230694158782377,0,0,0,0,0,0,0,0,0,water
48425,6,8,9.7,0.820844845636098,0.307448649517345,0.45119522806782,0,0,0,0,0,0,0,0,0,water
48427,6,4,1.1,0.642185566718973,0.541334626454378,0.209370132953112,0,0,0,0,0,0,0,0,0,water
48429,6,7,4.2,0.264457149077322,0.4305405065572,0.252427794908503,0,0,0,0,0,0,0,0,0,water
48433,6,9,-0.8,0.399133054345342,0.365415536188435,0.446912395721174,0,0,0,0,0,0,0,0,0,water
48435,6,9,-2.6,0.463115735892723,0.352805396135074,0.484963491012465,0,0,0,0,0,0,0,0,0,water
48437,6,8,-1,0.467354194070528,0.562651014335254,0.593351991671069,0,0,0,0,0,0,0,0,0,water
48439,5,1,5.4,0.504068679351938,0.344391974395239,0.1152807534777,0.17,0,0,0,0,0,0,0,0,water
48441,3,3,3.7,0.520084568870358,0.3789069129439,0.16971543846773,0,0.693654266958425,0,0.693654266958425,0.360758880376157,0.262830396943581,0.117723838061861,0.360758880376157,0.741313115381598,water
48445,6,6,-1.6,0.614008446159234,0.521234732328687,0.308451161527979,0,0,0,0,0,0,0,0,0,water
48449,6,7,0.8,0.373881641415285,0.416655955731301,0.307231454131652,0,0,0,0,0,0,0,0,0,water
48451,3,3,-0.1,0.528902803805238,0.374493141293254,0.172675313444236,0,0,0,0,0,0,0,0,0,water
48453,5,1,5.2,0.53130760765577,0.314376088442847,0.128305951345464,0.67,0.153172866520788,0,0.153172866520788,0.026856030058749,0.0481538866323835,0.0196529903592614,0.0481538866323835,0.0946629070503939,power
48455,2,8,6.2,0.782355114805502,0.456600827737326,0.447351988770061,0,0,0,0,0,0,0,0,0,water
48457,2,8,3.7,0.788410614231266,0.480241490668428,0.4624013235398,0,0,0,0,0,0,0,0,0,water
48459,6,2,7.3,0.412546049656325,0.389527977738489,0.384767704312028,0,0,0,0,0,0,0,0,0,water
48461,6,8,-5.3,0.386039972036082,0.402537790970748,0.447120401690726,0,0,0,0,0,0,0,0,0,water
48463,6,6,2.3,0.579703303255495,0.424988612654398,0.256557511118101,0,0,0,0,0,0,0,0,0,water
48465,6,5,0.8,0.574953223276555,0.413145140766287,0.145041002708946,0,0,0,0,0,0,0,0,0,water
48467,6,8,9.3,0.453154542236079,0.361663585175645,0.46980042640599,0,0,0,0,0,0,0,0,0,water
48469,3,3,0.7,0.565007793929428,0.395448375920496,0.207878408174733,0,0,0,0,0,0,0,0,0,water
48471,3,4,9.4,0.680228304379868,0.481227702595987,0.257631325606883,0,0,0,0,0,0,0,0,0,water
48473,3,1,13.7,0.739210437458126,0.323180406220863,0.374641194676919,0,0,0,0,0,0,0,0,0,water
48475,6,6,-5.5,0.223197527835261,0.332797537446368,0.174540606357239,0,0.0809628008752735,0,0.0809628008752735,0.0180706970019796,0.0269442207560517,0.0141312963571506,0.0269442207560517,0.0591462141151819,power
48477,6,6,5.6,0.642881109675262,0.386186584374166,0.287298816799695,0,0,0,0,0,0,0,0,0,water
48479,6,2,2,0.590424554731181,0.438144610025029,0.131265616926987,0,0,0,0,0,0,0,0,0,water
48481,3,4,1.1,0.342892618271383,0.404353830140767,0.336552397349177,0,0,0,0,0,0,0,0,0,water
48483,6,9,-3.1,0.437093574493579,0.354623702710692,0.483506894775925,0,0,0,0,0,0,0,0,0,water
48485,3,3,0.3,0.182438668303542,0.391860586074329,0.153809988824838,0,0,0,0,0,0,0,0,0,water
48487,6,6,-3,0.570388982498864,0.460227388904099,0.218983252037382,0,0,0,0,0,0,0,0,0,water
48489,6,6,-0.6,0.338107421182306,0.462775086205654,0.241284924543074,0,0,0,0,0,0,0,0,0,water
48491,1,1,18.2,0.157991875965397,0.238793458986039,0.141886579844517,0,0.0153172866520788,0,0.0153172866520788,0.00242000685286166,0.00365766786193057,0.00217331741556153,0.00365766786193057,0.00825099213035377,power
48493,1,1,10.7,0.436601821434694,0.293533326193595,0.405644362768272,0,0,0,0,0,0,0,0,0,water
48495,6,6,-4.8,0.171501977543596,0.221708623986064,0.171712227716271,0,0,0,0,0,0,0,0,0,water
48497,1,1,17.9,0.765387436023,0.276517536815116,0.413297374655185,0.17,0,0,0,0,0,0,0,0,water
48499,6,6,8.2,0.422264361377976,0.437737365338443,0.421920252548292,0,0,0,0,0,0,0,0,0,water
48501,6,9,-1.2,0.811192735595194,0.276404706264519,0.505186094814431,0,0,0,0,0,0,0,0,0,water
48503,6,7,2.2,0.298986911534679,0.404184925951421,0.286718875496683,0,0,0,0,0,0,0,0,0,water
48505,6,6,-0.4,0.64368343973736,0.571569924040772,0.180842152911824,0,0,0,0,0,0,0,0,0,water
48507,6,7,-4.7,0.22639184551566,0.513342672651659,0.253430082703445,0,0,0,0,0,0,0,0,0,water
49001,7,9,4.7,0.436787431381271,0.297886992972954,0.407011351598532,0,0,0,0,0,0,0,0,0,water
49003,7,4,10.7,0.551843219822784,0.298954294358425,0.222937074144934,0,0,0,0,0,0,0,0,0,water
49005,7,3,8.9,0.526418366855004,0.323989579340415,0.165480196984487,0,0,0,0,0,0,0,0,0,water
49007,7,7,0.6,0.295910646577659,0.458622486543324,0.226393332435259,0,0,0,0,0,0,0,0,0,water
49011,7,2,4,0.425353017796529,0.193649620766075,0.115793787968334,0,0,0,0,0,0,0,0,0,water
49013,7,7,6,0.689947742426056,0.336401943763046,0.345362269060069,0,0,0,0,0,0,0,0,0,water
49015,7,9,3.2,0.426628139939161,0.313801218109384,0.454910510466718,0,0,0,0,0,0,0,0,0,water
49017,7,9,3.8,0.443955582855518,0.363654417404011,0.459863179725976,0,0,0,0,0,0,0,0,0,water
49019,7,7,1.1,0.628765993737919,0.431012794524391,0.171504711769228,0,0,0,0,0,0,0,0,0,water
49021,7,4,14.3,0.554950914486232,0.353802261999113,0.220352205502726,0,0,0,0,0,0,0,0,0,water
49023,7,2,12.4,0.279094447321787,0.259751399798713,0.296901227785091,0,0,0,0,0,0,0,0,0,water
49025,7,8,10.9,0.768289063854343,0.359707859792256,0.446021971881191,0,0,0,0,0,0,0,0,0,water
49027,7,9,4,0.756367669306038,0.328844539860088,0.461917216124238,0,0,0,0,0,0,0,0,0,water
49029,7,2,5.7,0.738885245462716,0.118527442396406,0.442575002419793,0,0,0,0,0,0,0,0,0,water
49035,7,1,2.5,0.471503226807271,0.274845019949148,0.113526867591547,0,0,0,0,0,0,0,0,0,water
49037,6,9,0.6,0.912927912329677,0.41703217279054,0.445995730123134,0,0,0,0,0,0,0,0,0,water
49039,7,6,7.7,0.73385416918304,0.372481518429995,0.42252575006414,0,0,0,0,0,0,0,0,0,water
49041,7,7,4.4,0.296710517681933,0.317341249281736,0.329727105881991,0,0,0,0,0,0,0,0,0,water
49045,7,1,15.2,0.48859181265924,0.172555819126401,0.177458652622678,0,0,0,0,0,0,0,0,0,water
49047,7,7,7.4,0.609370291786798,0.309055280305282,0.263971282840941,0,0,0,0,0,0,0,0,0,water
49049,7,2,12.6,0.489563596857655,0.245916943365742,0.127615611364993,0,0,0,0,0,0,0,0,0,water
49051,7,4,8,0.570903257123418,0.221621370369373,0.205185418991015,0,0,0,0,0,0,0,0,0,water
49053,7,3,14.2,0.539531405594035,0.383605524166937,0.160592197036436,0,0,0,0,0,0,0,0,0,water
49055,7,9,4.1,0.751041322522418,0.348582998575031,0.458012072397212,0,0,0,0,0,0,0,0,0,water
49057,7,2,5,0.472474344546323,0.272048637830918,0.131672020304154,0,0,0,0,0,0,0,0,0,water
50001,9,6,1.9,0.399561735680714,0.32774545445827,0.420915448467363,0,0,0,0,0,0,0,0,0,water
50003,9,6,-0.7,0.368474205373208,0.447194041901938,0.321299664354655,0,0,0,0,0,0,0,0,0,water
50005,10,9,1.2,0.757268594454251,0.411311676512783,0.398496470458299,0,0,0,0,0,0,0,0,0,water
50007,9,3,1.4,0.249979377502017,0.340889385925259,0.1988525130341,0,0,0,0,0,0,0,0,0,water
50009,1,9,2,0.501925573529134,0.470597859993617,0.508440921588359,0,0,0,0,0,0,0,0,0,water
50011,10,3,2,0.38871364875566,0.351260185787705,0.383419875236277,0,0,0,0,0,0,0,0,0,water
50013,1,3,3.5,0.47925448027092,0.350903698025329,0.444907732783309,0,0,0,0,0,0,0,0,0,water
50015,9,8,1.2,0.839165330266025,0.374923785110666,0.458709198617666,0,0,0,0,0,0,0,0,0,water
50017,9,9,2.6,0.463002801615705,0.373671206968249,0.471213126259374,0,0,0,0,0,0,0,0,0,water
50019,10,9,1.2,0.487444821903148,0.432417746045297,0.445822404113691,0,0,0,0,0,0,0,0,0,water
50021,10,7,-0.4,0.717466840818711,0.443034407210978,0.339245115909802,0,0,0,0,0,0,0,0,0,water
50023,9,4,0.1,0.675246587612778,0.354399469766941,0.335995300793596,0,0,0,0,0,0,0,0,0,water
50025,9,7,-0.5,0.737534195609561,0.445167012401651,0.347308991348946,0,0,0,0,0,0,0,0,0,water
50027,9,7,-0.1,0.744046880925387,0.375342846224862,0.378631113649818,0,0,0,0,0,0,0,0,0,water
51001,1,9,0,0.758612187843848,0.44354849973322,0.42552535364065,0,0,0,0,0,0,0,0,0,water
51007,1,1,3.4,0.475849485137046,0.379333103783699,0.448063004738285,0,0,0,0,0,0,0,0,0,water
51009,10,2,1.1,0.299440105727362,0.375588333836772,0.32164064693584,0,0,0,0,0,0,0,0,0,water
51011,10,2,4.9,0.415682352838499,0.355534783737506,0.442967007183133,0,0,0,0,0,0,0,0,0,water
51017,10,9,-2.8,0.432459490886332,0.485770244670772,0.449174528544002,0,0,0,0,0,0,0,0,0,water
51019,1,2,3.3,0.313790187548175,0.3288795691908,0.34606701682812,0,0,0,0,0,0,0,0,0,water
51021,4,8,-1.1,0.425363451873021,0.372420218664225,0.446100239976546,0,0,0,0,0,0,0,0,0,water
51023,1,2,1.5,0.275092504195205,0.315348788544406,0.308242464515993,0,0,0,0,0,0,0,0,0,water
51025,2,8,-0.5,0.422730156622811,0.433533630381039,0.440941413356294,0,0,0,0,0,0,0,0,0,water
51027,4,9,-8,0.767967656160831,0.513975852492926,0.444025478180461,0,0,0,0,0,0,0,0,0,water
51029,2,8,1.7,0.821491138414163,0.39647870004202,0.44327877981263,0,0,0,0,0,0,0,0,0,water
51033,1,8,8.2,0.428148456476564,0.3023675979931,0.443842730218505,0,0,0,0,0,0,0,0,0,water
51036,2,1,-2.7,0.459296783942959,0.411728122964965,0.444694825416121,0,0,0,0,0,0,0,0,0,water
51037,2,8,-2.4,0.47245553039715,0.558458503829968,0.44014567706977,0,0,0,0,0,0,0,0,0,water
51041,1,1,6.7,0.137118878638455,0.26406554985926,0.138509893440273,0,0,0,0,0,0,0,0,0,water
51043,1,1,5.3,0.807756590175127,0.262912342144805,0.443363495022774,0,0,0,0,0,0,0,0,0,water
51045,4,2,-1,0.431392843224354,0.368380151350496,0.445745210460389,0,0,0,0,0,0,0,0,0,water
51047,1,1,6.4,0.32689892120512,0.292632014140784,0.311640676120622,0,0,0,0,0,0,0,0,0,water
51049,1,8,4,0.412658583813314,0.411601698223535,0.445971071414355,0,0,0,0,0,0,0,0,0,water
51051,4,9,-4.7,0.77230126187955,0.494444576539446,0.443785609081384,0,0,0,0,0,0,0,0,0,water
51057,2,8,0.8,0.517193040163415,0.467825743829213,0.454588811732171,0,0,0,0,0,0,0,0,0,water
51061,1,1,3.9,0.303140135432188,0.20614892303897,0.301732861415519,0,0,0,0,0,0,0,0,0,water
51063,1,3,1.2,0.438411444434905,0.3802564956873,0.441884436708467,0,0,0,0,0,0,0,0,0,water
51065,1,3,5.3,0.296082896606632,0.29923278857753,0.323402893263531,0,0,0,0,0,0,0,0,0,water
51067,1,2,2.1,0.74034615534487,0.376874603776082,0.410338704050308,0,0,0,0,0,0,0,0,0,water
51071,10,3,-1.5,0.427764200623068,0.348100484869138,0.444241227708157,0,0,0,0,0,0,0,0,0,water
51073,1,1,3.7,0.663495770979478,0.301102545015195,0.352714626358412,0,0,0,0,0,0,0,0,0,water
51075,1,1,13.5,0.391095888388314,0.212965376374749,0.421608153648972,0,0,0,0,0,0,0,0,0,water
51077,10,9,-0.1,0.411296761336378,0.456882991610064,0.442821491581852,0,0,0,0,0,0,0,0,0,water
51079,1,3,5.5,0.764475007463572,0.31214438784507,0.44404892751852,0,0,0,0,0,0,0,0,0,water
51083,2,6,-1.4,0.387327424812734,0.50249081479103,0.369246282459238,0,0,0,0,0,0,0,0,0,water
51085,1,1,4.6,0.212811108770523,0.224795596946682,0.238928241875185,0,0,0,0,0,0,0,0,0,water
51087,1,1,1.1,0.151821196139977,0.324197073805436,0.123135583211655,0,0,0,0,0,0,0,0,0,water
51091,1,8,4.8,0.38714621510675,0.370581510923052,0.476702226873737,0,0,0,0,0,0,0,0,0,water
51093,1,1,5.8,0.63403407241414,0.289407603785011,0.305572382690868,0,0,0,0,0,0,0,0,0,water
51097,2,1,2.4,0.50275778540884,0.49506325163035,0.496201974988359,0,0,0,0,0,0,0,0,0,water
51099,1,8,7.4,0.762092652831273,0.210129798966391,0.444093275513406,0,0,0,0,0,0,0,0,0,water
51101,1,1,7.3,0.419255802491455,0.298192995639983,0.452160134909111,0,0,0,0,0,0,0,0,0,water
51103,1,9,1.4,0.429259063044101,0.455115584837933,0.446837801231164,0,0,0,0,0,0,0,0,0,water
51105,4,8,-1.5,0.47401517903963,0.556679738756487,0.444510590093463,0,0,0,0,0,0,0,0,0,water
51109,1,8,11.4,0.770426907826913,0.336011514115732,0.443852245152834,0,0,0,0,0,0,0,0,0,water
51111,2,9,0.9,0.432900107665226,0.416431112911903,0.453432960200923,0,0,0,0,0,0,0,0,0,water
51113,1,8,2.8,0.785300081599804,0.31652984761599,0.460128899266166,0,0,0,0,0,0,0,0,0,water
51115,1,1,1,0.404280341558531,0.341913080385752,0.457385321236537,0,0,0,0,0,0,0,0,0,water
51117,2,7,1.8,0.422451041841204,0.480741079363546,0.38429879706109,0,0,0,0,0,0,0,0,0,water
51119,1,8,3.2,0.46754390673735,0.388202542645508,0.44394556962094,0,0,0,0,0,0,0,0,0,water
51125,1,3,0.2,0.799007650659544,0.460936095733876,0.444082776515859,0,0,0,0,0,0,0,0,0,water
51127,1,1,17.7,0.436927117200597,0.196965126544183,0.4438146359492,0,0,0,0,0,0,0,0,0,water
51131,2,8,-1.7,0.433304312386615,0.4773293663329,0.562213564288595,0,0,0,0,0,0,0,0,0,water
51133,1,9,4.7,0.462433447517453,0.444290107995371,0.489729804453383,0,0,0,0,0,0,0,0,0,water
51135,2,8,-0.1,0.781039759675948,0.434549355717778,0.44758055539925,0,0,0,0,0,0,0,0,0,water
51137,1,6,7.1,0.633462917628241,0.299752797783977,0.301995749178423,0,0,0,0,0,0,0,0,0,water
51139,10,8,0,0.385531831292714,0.412838082141658,0.390396099698451,0,0,0,0,0,0,0,0,0,water
51141,10,8,-1.6,0.429098408396306,0.4204332594268,0.459639286381978,0,0,0,0,0,0,0,0,0,water
51145,1,1,6.4,0.370215535724944,0.204907121191751,0.437662277726498,0,0,0,0,0,0,0,0,0,water
51147,2,6,1.7,0.407719144262841,0.485123884749041,0.333636331039004,0,0,0,0,0,0,0,0,0,water
51155,4,3,-0.7,0.57888972736887,0.42909034562537,0.253041093791646,0,0,0,0,0,0,0,0,0,water
51157,1,1,2.1,0.752976235357318,0.329419922307887,0.47408146857469,0,0,0,0,0,0,0,0,0,water
51159,2,9,3.3,0.397909848242553,0.369238374695613,0.450287814006013,0,0,0,0,0,0,0,0,0,water
51167,4,8,-1.3,0.41592440629728,0.455347627126368,0.446559832554475,0,0,0,0,0,0,0,0,0,water
51169,4,2,-0.9,0.773387366565996,0.485072709555005,0.440069415886433,0,0,0,0,0,0,0,0,0,water
51171,1,6,2.7,0.690300570380865,0.418202984966244,0.344999704586985,0,0,0,0,0,0,0,0,0,water
51173,4,7,-2.2,0.360811700642633,0.449045773536458,0.362568428686581,0,0,0,0,0,0,0,0,0,water
51179,1,1,7.1,0.156929002136845,0.138884091803682,0.172826862191877,0,0,0,0,0,0,0,0,0,water
51181,2,1,0.4,0.464015629179712,0.392529383907098,0.441106002416242,0,0,0,0,0,0,0,0,0,water
51183,2,1,-0.4,0.433745134563308,0.369995455661378,0.472123248894765,0,0,0,0,0,0,0,0,0,water
51185,4,7,-3.8,0.274387345157127,0.47383906995299,0.28713708389465,0,0,0,0,0,0,0,0,0,water
51187,1,1,4.1,0.334014656318839,0.338853395757633,0.311346319375009,0,0,0,0,0,0,0,0,0,water
51193,2,8,3.9,0.432699652285923,0.469610302533299,0.413932430838059,0,0,0,0,0,0,0,0,0,water
51197,4,6,-0.8,0.670050513431426,0.432855069759555,0.362287171392927,0,0,0,0,0,0,0,0,0,water
51510,5,1,0,0.257282582543145,0.271140384266021,0.110817900070975,0,0,0,0,0,0,0,0,0,water
51550,1,1,2.1,0.242098806315245,0.309248725155278,0.1370706067951,0,0,0,0,0,0,0,0,0,water
51650,2,1,0.2,0.278204742884907,0.435416661157709,0.111870291170975,0,0,0,0,0,0,0,0,0,water
51700,2,1,-1.6,0.282877479518228,0.429867311273897,0.112063557704308,0,0,0,0,0,0,0,0,0,water
51710,2,1,-2.8,0.296441093958893,0.460479053968254,0.110817900070975,0,0,0,0,0,0,0,0,0,water
51740,2,1,-1.5,0.315043395804029,0.500401561156195,0.110817900070975,0,0,0,0,0,0,0,0,0,water
51760,5,1,3,0.31774377824506,0.492785703760081,0.110895279757484,0,0,0,0,0,0,0,0,0,water
51770,2,2,-2,0.257723012120106,0.497692693388832,0.110831231937641,0,0,0,0,0,0,0,0,0,water
51800,1,1,8.8,0.343566925432935,0.33386610585519,0.201311838621993,0,0,0,0,0,0,0,0,0,water
51810,1,1,-1.1,0.216980926708593,0.331711598477903,0.116796448676483,0,0,0,0,0,0,0,0,0,water
53001,7,6,2.1,0.349348236831067,0.403425992155414,0.277460712251386,0,0,0,0,0,0,0,0,0,water
53003,7,3,0.9,0.131049113046342,0.421044656287162,0.140067679049728,0,0,0,0,0,0,0,0,0,water
53005,7,2,5.2,0.493634956677497,0.313620877952737,0.19686427344916,0,0,0,0,0,0,0,0,0,water
53007,7,3,2.4,0.250599507586694,0.344807770963934,0.219790703409458,0,0,0,0,0,0,0,0,0,water
53009,7,5,0.8,0.59496908766068,0.444247521152652,0.235187190812104,0,0,0,0,0,0,0,0,0,water
53011,7,1,4.3,0.199628995282611,0.306103526485565,0.155701206803912,0,0,0,0,0,0,0,0,0,water
53013,7,8,1.8,0.442324380564196,0.37697836054292,0.508591833786425,0,0,0,0,0,0,0,0,0,water
53015,7,3,2.7,0.27125877729016,0.399385064726967,0.220949794006196,0,0,0,0,0,0,0,0,0,water
53017,7,3,6.4,0.22143338619107,0.318670230145022,0.191787524167852,0,0,0,0,0,0,0,0,0,water
53019,7,8,4.8,0.828140027781695,0.467631743576194,0.451675394107414,0,0,0,0,0,0,0,0,0,water
53021,7,2,4.2,0.211225489901944,0.305756146316433,0.150259736959744,0,0,0,0,0,0,0,0,0,water
53023,7,8,4.7,0.755740893200294,0.419853621753451,0.484005438141839,0,0,0,0,0,0,0,0,0,water
53025,7,5,5.3,0.629340976332891,0.371470125765978,0.249720137816601,0,0,0,0,0,0,0,0,0,water
53027,7,4,2.7,0.599068456371993,0.419676359237034,0.242088983397231,0,0,0,0,0,0,0,0,0,water
53029,7,4,-0.6,0.64778876553048,0.377795041031653,0.270199765251652,0,0,0,0,0,0,0,0,0,water
53031,7,6,2.7,0.331614633995615,0.509502181014408,0.288353610526231,0,0,0,0,0,0,0,0,0,water
53033,7,1,2.9,0.522242156653371,0.25522758714386,0.122750497773516,0,0,0,0,0,0,0,0,0,water
53035,7,2,2,0.198229320937492,0.310290547564992,0.170205754532509,0,0,0,0,0,0,0,0,0,water
53037,7,4,2.9,0.360019917861372,0.454658084743418,0.253109731692665,0,0,0,0,0,0,0,0,0,water
53039,7,9,5.7,0.413021255511171,0.410045357468479,0.375128183400133,0,0,0,0,0,0,0,0,0,water
53041,7,4,5.4,0.350590527925343,0.405288647613936,0.337395987130596,0,0,0,0,0,0,0,0,0,water
53043,7,8,8.6,0.43783533791022,0.371933717187792,0.502622013043459,0,0,0,0,0,0,0,0,0,water
53045,7,4,5.5,0.381737044302393,0.399187512788304,0.34260741619525,0,0,0,0,0,0,0,0,0,water
53047,7,6,6.6,0.418197188748548,0.467620003120318,0.374583595581841,0,0,0,0,0,0,0,0,0,water
53049,7,7,3.2,0.340871216908389,0.444568355927618,0.321258925288927,0,0,0,0,0,0,0,0,0,water
53051,7,8,6.1,0.464228752789799,0.409775958075383,0.445608140250039,0,0,0,0,0,0,0,0,0,water
53053,7,1,1.9,0.517066648665453,0.311948787021015,0.135559502064461,0,0,0,0,0,0,0,0,0,water
53055,7,9,4.7,0.801135924139561,0.463374407041169,0.386417499678345,0,0,0,0,0,0,0,0,0,water
53057,7,3,2.2,0.272332127514753,0.378703966808404,0.25416602138964,0,0,0,0,0,0,0,0,0,water
53059,7,1,5.1,0.473106387244398,0.350896535313186,0.443978494004386,0,0,0,0,0,0,0,0,0,water
53061,7,1,4.1,0.197594978526382,0.279792443051639,0.154085885093069,0,0,0,0,0,0,0,0,0,water
53063,7,2,2.7,0.194838626060918,0.38265504567776,0.163827363556065,0,0,0,0,0,0,0,0,0,water
53065,7,2,5.2,0.769398468016189,0.403638411243629,0.409111846263421,0,0,0,0,0,0,0,0,0,water
53067,7,2,2.3,0.555725586651163,0.341044668003984,0.182279716114885,0,0,0,0,0,0,0,0,0,water
53071,7,3,-0.9,0.554952064306492,0.390786900772103,0.173594794387112,0,0,0,0,0,0,0,0,0,water
53073,7,3,3.3,0.620309449866892,0.408942287802846,0.20618567275614,0,0,0,0,0,0,0,0,0,water
53075,5,4,1.2,0.362866708660775,0.560587380640628,0.220646056646587,0,0,0,0,0,0,0,0,0,water
53077,7,2,0.7,0.632978846314372,0.384572318371239,0.37863515955164,0,0,0,0,0,0,0,0,0,water
54001,4,9,-0.6,0.420661910823915,0.457384115981605,0.44378011732504,0,0,0,0,0,0,0,0,0,water
54003,1,2,11.1,0.553613255935543,0.327231835640365,0.219084950180913,0,0,0,0,0,0,0,0,0,water
54005,4,3,-5.7,0.423855798141427,0.422874064537489,0.444120682808124,0,0,0,0,0,0,0,0,0,water
54007,4,8,-2.8,0.404296603651316,0.442468138244954,0.445916300424682,0,0,0,0,0,0,0,0,0,water
54009,10,3,-5.3,0.205667520681305,0.386473298447887,0.249445981233767,0,0,0,0,0,0,0,0,0,water
54011,10,2,-2.9,0.221892882617675,0.492094725562831,0.184264439735146,0,0,0,0,0,0,0,0,0,water
54013,4,8,-5.2,0.72241792534349,0.514556540017068,0.44317000493479,0,0,0,0,0,0,0,0,0,water
54015,4,3,-4,0.446447395422813,0.535000744635254,0.444339177967237,0,0,0,0,0,0,0,0,0,water
54017,4,9,-2.2,0.375470477060955,0.35258462873352,0.441159279943758,0,0,0,0,0,0,0,0,0,water
54019,4,3,-4.6,0.643718758926908,0.447433960580142,0.323889589673119,0,0,0,0,0,0,0,0,0,water
54021,4,9,-3.8,0.404699810231714,0.340614854099948,0.442489177118801,0,0,0,0,0,0,0,0,0,water
54023,10,9,-0.2,0.400436149387245,0.402134504029895,0.442331543483107,0,0,0,0,0,0,0,0,0,water
54025,4,6,-3.2,0.69256423603095,0.477793421828807,0.378496476702918,0,0,0,0,0,0,0,0,0,water
54027,10,3,3.1,0.425363451873021,0.40761309585576,0.446779289983091,0,0,0,0,0,0,0,0,0,water
54029,10,3,-3.4,0.535103167450858,0.41990970540807,0.220365915597678,0,0,0,0,0,0,0,0,0,water
54031,10,8,0.7,0.752521235906975,0.436674001303854,0.458524306981202,0,0,0,0,0,0,0,0,0,water
54033,10,5,-2.1,0.581836414838006,0.380965544024924,0.258401175995237,0,0,0,0,0,0,0,0,0,water
54035,10,8,0,0.442056790136305,0.415932448278731,0.443449995296329,0,0,0,0,0,0,0,0,0,water
54037,1,1,6,0.653592776124893,0.28149706052152,0.317774435958274,0,0,0,0,0,0,0,0,0,water
54039,10,3,-3.5,0.21193961119336,0.425532937790597,0.208862680181841,0,0,0,0,0,0,0,0,0,water
54041,4,9,-3.2,0.357047517158743,0.444179318643692,0.361141347312375,0,0,0,0,0,0,0,0,0,water
54043,4,8,-4.9,0.774188971299934,0.446680559524564,0.443587267221404,0,0,0,0,0,0,0,0,0,water
54045,4,6,-6,0.690854625167439,0.463690575342711,0.353877411305384,0,0,0,0,0,0,0,0,0,water
54047,4,9,-9.5,0.761236500988331,0.574332995316262,0.444647277190238,0,0,0,0,0,0,0,0,0,water
54049,10,4,-1,0.245020976388169,0.365814903119238,0.25535127928897,0,0,0,0,0,0,0,0,0,water
54051,10,3,-3.8,0.580076430305295,0.423267586317825,0.272123933794783,0,0,0,0,0,0,0,0,0,water
54053,4,6,-2.5,0.30035186834549,0.404787801706606,0.343951321693425,0,0,0,0,0,0,0,0,0,water
54055,4,4,-3.4,0.577168322986642,0.460243959265386,0.251059143025637,0,0,0,0,0,0,0,0,0,water
54057,10,7,-0.5,0.633454566244184,0.386051517692372,0.341658945331202,0,0,0,0,0,0,0,0,0,water
54059,4,8,-7.6,0.7901541912532,0.552581115594878,0.447368810712293,0,0,0,0,0,0,0,0,0,water
54061,5,3,2.6,0.248696664926093,0.446761714738634,0.199688577255307,0,0,0,0,0,0,0,0,0,water
54063,10,8,0.6,0.378089625983558,0.396152862088755,0.460867814959966,0,0,0,0,0,0,0,0,0,water
54065,10,2,4.1,0.416006690859964,0.36583933521836,0.444111460525769,0,0,0,0,0,0,0,0,0,water
54067,4,8,-2.2,0.748152320649074,0.443335053843402,0.450545284203367,0,0,0,0,0,0,0,0,0,water
54069,10,3,-2.9,0.550124567957214,0.442839811530716,0.220492875799263,0,0,0,0,0,0,0,0,0,water
54071,10,8,-3,0.413098299770033,0.436839750084112,0.455489264291914,0,0,0,0,0,0,0,0,0,water
54073,10,8,-3.9,0.399290701667234,0.307739794101634,0.443013845131631,0,0,0,0,0,0,0,0,0,water
54075,4,9,-2.7,0.768331050710243,0.510145180822546,0.446172735411922,0,0,0,0,0,0,0,0,0,water
54077,10,3,-0.4,0.750496865092168,0.379420179524142,0.444163903480971,0,0,0,0,0,0,0,0,0,water
54079,1,2,-0.7,0.199512751590562,0.316062553345192,0.22721215169276,0,0,0,0,0,0,0,0,0,water
54081,4,3,-2.7,0.631651572688667,0.514471993579494,0.255473463042441,0,0,0,0,0,0,0,0,0,water
54083,4,7,-2.5,0.2891666966045,0.402799304651669,0.31438781779529,0,0,0,0,0,0,0,0,0,water
54085,4,8,-3,0.757447103767799,0.450742067218938,0.444490260587202,0,0,0,0,0,0,0,0,0,water
54087,4,8,-3.2,0.764897198549264,0.458026242988158,0.44491296264085,0,0,0,0,0,0,0,0,0,water
54089,4,8,-3.3,0.444368218642558,0.469452395982392,0.445845597549878,0,0,0,0,0,0,0,0,0,water
54091,10,6,-1.5,0.290303014911744,0.377965908456971,0.338902469617143,0,0,0,0,0,0,0,0,0,water
54093,4,9,-2.7,0.389045262212922,0.412713542282194,0.450427450762248,0,0,0,0,0,0,0,0,0,water
54095,10,9,-5.4,0.379411678361179,0.41168558307236,0.44401827019986,0,0,0,0,0,0,0,0,0,water
54097,4,7,-0.7,0.330923908043242,0.468769716409327,0.327016972624907,0,0,0,0,0,0,0,0,0,water
54099,4,2,-3.3,0.629504221992686,0.408413991863597,0.310272662702778,0,0,0,0,0,0,0,0,0,water
54101,4,9,-4.8,0.798100138142231,0.54582137712092,0.444865788482017,0,0,0,0,0,0,0,0,0,water
54103,4,7,-4.5,0.617366629339728,0.404225060723514,0.319458075888269,0,0,0,0,0,0,0,0,0,water
54105,4,3,-5.1,0.441765521999773,0.426300139536073,0.44197144542616,0,0,0,0,0,0,0,0,0,water
54107,10,3,-1.7,0.521188921774352,0.398200124367417,0.209417985135052,0,0,0,0,0,0,0,0,0,water
54109,4,8,-6.4,0.774333778951517,0.471009597166923,0.446913038364174,0,0,0,0,0,0,0,0,0,water
55001,10,8,3.2,0.791513448746223,0.470829586649005,0.516372280563237,0,0,0,0,0,0,0,0,0,water
55003,8,7,1.1,0.630611476132509,0.420433089170416,0.294592693274014,0,0,0,0,0,0,0,0,0,water
55005,8,6,0.2,0.377130387070633,0.373118823484149,0.386320174136428,0,0,0,0,0,0,0,0,0,water
55007,8,8,3.7,0.455086564395922,0.389832859055174,0.450299866680271,0,0,0,0,0,0,0,0,0,water
55009,1,2,1.8,0.499051880580563,0.321113778725445,0.169014152431687,0,0,0,0,0,0,0,0,0,water
55011,8,8,1.1,0.418697840418143,0.376968260907342,0.504897251301713,0,0,0,0,0,0,0,0,0,water
55013,8,8,3.7,0.444806688290624,0.454047003778581,0.44679238966627,0,0,0,0,0,0,0,0,0,water
55015,8,3,2.1,0.263250155669085,0.261676268771627,0.289136557511275,0,0,0,0,0,0,0,0,0,water
55017,8,3,1.5,0.319305278142526,0.334002458052508,0.321346697127024,0,0,0,0,0,0,0,0,0,water
55019,8,8,0.5,0.798643203525086,0.347253739775375,0.496623726144278,0,0,0,0,0,0,0,0,0,water
55021,8,2,-0.7,0.664396947716536,0.308074162022366,0.333250483797133,0,0,0,0,0,0,0,0,0,water
55023,8,6,-0.5,0.654923724925548,0.397169390402048,0.325409611891335,0,0,0,0,0,0,0,0,0,water
55025,5,2,4.6,0.512210589425644,0.325602369433073,0.160972404227733,0,0,0,0,0,0,0,0,0,water
55027,8,4,-0.8,0.619752371071152,0.326945891905912,0.310517258182052,0,0,0,0,0,0,0,0,0,water
55029,8,6,1.3,0.34665780255503,0.427826054507564,0.340322579384288,0,0,0,0,0,0,0,0,0,water
55031,8,2,-0.2,0.578464414736063,0.357101068948195,0.239800132301949,0,0,0,0,0,0,0,0,0,water
55033,8,6,1.5,0.340170725575902,0.354299559146601,0.321414281473958,0,0,0,0,0,0,0,0,0,water
55035,8,3,2.8,0.532667905622076,0.343662594662007,0.190403446896737,0,0,0,0,0,0,0,0,0,water
55037,4,9,2.4,0.482495191992607,0.41935769391908,0.446059108240001,0,0,0,0,0,0,0,0,0,water
55039,1,3,0.1,0.200489895781195,0.322116244215875,0.247364585561998,0,0,0,0,0,0,0,0,0,water
55041,4,9,3.7,0.445058862134547,0.424320202294846,0.443944624921884,0,0,0,0,0,0,0,0,0,water
55043,8,6,0.7,0.69173969408622,0.378019738357021,0.381148498817826,0,0,0,0,0,0,0,0,0,water
55045,8,2,0.4,0.671305191838288,0.303966285802512,0.351383756634257,0,0,0,0,0,0,0,0,0,water
55047,8,6,1.8,0.352276703733675,0.392079429855064,0.371536297067187,0,0,0,0,0,0,0,0,0,water
55049,8,2,1,0.355520010981325,0.301391752537772,0.379508644139965,0,0,0,0,0,0,0,0,0,water
55051,8,9,1.5,0.668841258294281,0.443915867196918,0.339019810897714,0,0,0,0,0,0,0,0,0,water
55053,8,8,-0.3,0.397475493891315,0.398973083582076,0.412828538196214,0,0,0,0,0,0,0,0,0,water
55055,1,4,0,0.577846919150319,0.312287310282504,0.26026586863274,0,0,0,0,0,0,0,0,0,water
55057,8,8,-0.7,0.438623459127659,0.39616641237393,0.458465081856396,0,0,0,0,0,0,0,0,0,water
55059,1,3,-0.3,0.521243410376538,0.347631017234006,0.154368179972812,0,0,0,0,0,0,0,0,0,water
55061,8,2,0.9,0.735531365847618,0.305889006576724,0.461261793680994,0,0,0,0,0,0,0,0,0,water
55063,8,3,0.1,0.193762569058517,0.38308122200491,0.17219645394009,0,0,0,0,0,0,0,0,0,water
55065,8,8,4.2,0.763606583259463,0.347311355878694,0.460917969442442,0,0,0,0,0,0,0,0,0,water
55067,8,6,0.4,0.275703516458646,0.397096395907282,0.309119874242749,0,0,0,0,0,0,0,0,0,water
55069,8,6,0.1,0.309041927849185,0.362588789287868,0.333669668934967,0,0,0,0,0,0,0,0,0,water
55071,8,4,0.1,0.561590935955126,0.350079415433047,0.276843016379894,0,0,0,0,0,0,0,0,0,water
55073,1,3,0.7,0.565929429729549,0.320617412975406,0.258106164598275,0,0,0,0,0,0,0,0,0,water
55075,8,6,1.1,0.619564295978682,0.362271984351736,0.316398080851596,0,0,0,0,0,0,0,0,0,water
55077,8,8,1,0.444769674516176,0.402336735978345,0.443335424339118,0,0,0,0,0,0,0,0,0,water
55078,2,9,0.7,0.579207103705429,0.435616354749501,0.444151233404308,0,0,0,0,0,0,0,0,0,water
55079,5,1,-1.5,0.187485117494955,0.448597216067793,0.111824724604583,0,0,0,0,0,0,0,0,0,water
55081,8,4,0.2,0.639660624826623,0.35386383712186,0.317729833905434,0,0,0,0,0,0,0,0,0,water
55083,8,2,2.5,0.412108420007675,0.323250371052718,0.447070742814833,0,0,0,0,0,0,0,0,0,water
55085,8,7,0.8,0.66086785572339,0.385557446294182,0.359573798582882,0,0,0,0,0,0,0,0,0,water
55087,1,3,2.3,0.16259194075224,0.265752778373594,0.196545848627055,0,0,0,0,0,0,0,0,0,water
55089,1,1,2.5,0.170622064904745,0.275378396031183,0.192417633429005,0,0,0,0,0,0,0,0,0,water
55091,8,8,2.9,0.745712232450822,0.318133355975934,0.491180487338589,0,0,0,0,0,0,0,0,0,water
55093,8,1,2.7,0.336196918450489,0.296942970492344,0.34579927281394,0,0,0,0,0,0,0,0,0,water
55095,8,8,1.8,0.435241463302237,0.337954064908147,0.451722032569839,0,0,0,0,0,0,0,0,0,water
55097,8,4,2.3,0.219760135006749,0.32742281200915,0.234596291330788,0,0,0,0,0,0,0,0,0,water
55099,8,9,0.4,0.458063429426525,0.432181249368838,0.458090525128655,0,0,0,0,0,0,0,0,0,water
55101,1,3,0.3,0.50651082825133,0.353498169710678,0.160581132006386,0,0,0,0,0,0,0,0,0,water
55103,8,8,-0.9,0.362544988171009,0.418563287962457,0.358105116187277,0,0,0,0,0,0,0,0,0,water
55105,1,3,1,0.509751319408432,0.337773463384869,0.178030636299387,0,0,0,0,0,0,0,0,0,water
55107,8,8,-0.1,0.788896367543755,0.434107311426929,0.449074518364403,0,0,0,0,0,0,0,0,0,water
55109,1,1,4.3,0.291107218700848,0.240832209448982,0.324969785465604,0,0,0,0,0,0,0,0,0,water
55111,1,4,1.1,0.25906715864526,0.325456321270708,0.261181899581592,0,0,0,0,0,0,0,0,0,water
55113,8,9,4,0.445610048703022,0.453528972790596,0.444680831117819,0,0,0,0,0,0,0,0,0,water
55115,8,6,1.1,0.658446367014933,0.3590547481519,0.36926951825917,0,0,0,0,0,0,0,0,0,water
55117,1,3,0.2,0.193325130034908,0.318856670918648,0.209201276541409,0,0,0,0,0,0,0,0,0,water
55119,8,8,1.1,0.722762897385718,0.3598158635479,0.409797926764369,0,0,0,0,0,0,0,0,0,water
55121,8,8,0,0.759762087502256,0.322696667886414,0.451089653347583,0,0,0,0,0,0,0,0,0,water
55123,8,3,2.1,0.765589921501525,0.379675840302838,0.408126245015169,0,0,0,0,0,0,0,0,0,water
55125,8,9,3.7,0.774905247765929,0.428151572999468,0.44666052862625,0,0,0,0,0,0,0,0,0,water
55127,1,4,0.7,0.245618466404671,0.358365126673639,0.234028749327387,0,0,0,0,0,0,0,0,0,water
55129,8,8,2.2,0.427630239926472,0.401712949323735,0.447101514616716,0,0,0,0,0,0,0,0,0,water
55131,1,1,1.4,0.195505680778694,0.257691921666464,0.24439537919891,0,0,0,0,0,0,0,0,0,water
55133,1,1,2.3,0.489711882617349,0.264872914976613,0.162294642221506,0,0,0,0,0,0,0,0,0,water
55135,8,6,-1.2,0.310147060020393,0.36916871892158,0.337853747958407,0,0,0,0,0,0,0,0,0,water
55137,8,8,2.2,0.44463510215074,0.406921430981656,0.490780105659451,0,0,0,0,0,0,0,0,0,water
55139,1,3,0.9,0.491387580991796,0.332288748457052,0.169078931974299,0,0,0,0,0,0,0,0,0,water
55141,8,4,-0.3,0.214922315876732,0.363290339435951,0.23930730153154,0,0,0,0,0,0,0,0,0,water
56001,5,4,5.9,0.261727313341423,0.488644797467386,0.155808071678814,0,0,0,0,0,0,0,0,0,water
56003,7,9,5.3,0.416575655772395,0.382604056551543,0.45815419975623,0,0,0,0,0,0,0,0,0,water
56005,7,5,1.7,0.524567995724594,0.265455495972965,0.203362644744045,0,0,0,0,0,0,0,0,0,water
56007,7,7,-1.8,0.586069713245507,0.361650958252469,0.280030195445998,0,0,0,0,0,0,0,0,0,water
56009,7,6,0.1,0.22716399839607,0.292054105971461,0.303412987134936,0,0,0,0,0,0,0,0,0,water
56011,7,9,8.3,0.79793703854729,0.378767409836622,0.454505204263215,0,0,0,0,0,0,0,0,0,water
56013,7,7,1.4,0.643754912775927,0.366970306213475,0.295830138584334,0,0,0,0,0,0,0,0,0,water
56015,7,7,0.9,0.579041380705425,0.407499467192646,0.276616527555013,0,0,0,0,0,0,0,0,0,water
56017,7,9,0.1,0.381106145272783,0.387504784100374,0.447251501306105,0,0,0,0,0,0,0,0,0,water
56019,7,9,3.9,0.586700728341239,0.374328190463348,0.281998687270355,0,0,0,0,0,0,0,0,0,water
56021,7,3,1,0.516538259335272,0.345748257308559,0.184758854301588,0,0,0,0,0,0,0,0,0,water
56023,7,9,6.8,0.774479106286808,0.264089975068766,0.448679557502747,0,0,0,0,0,0,0,0,0,water
56025,7,3,0.1,0.498522392113776,0.340862245140451,0.163462803697062,0,0,0,0,0,0,0,0,0,water
56029,7,7,4.8,0.247203836201668,0.373764690210844,0.278438255138023,0,0,0,0,0,0,0,0,0,water
56031,7,8,-1.4,0.403408760753204,0.405484054671552,0.494599709476707,0,0,0,0,0,0,0,0,0,water
56033,7,7,6.4,0.274306873999378,0.410531937199682,0.240627815943371,0,0,0,0,0,0,0,0,0,water
56035,7,9,2.6,0.409747384366181,0.307242815169544,0.459254621948227,0,0,0,0,0,0,0,0,0,water
56037,7,5,-2.2,0.472236507980249,0.335280256220261,0.148288036561339,0,0,0,0,0,0,0,0,0,water
56039,7,7,-0.5,0.670715249274662,0.266624144348588,0.290307072167901,0,0,0,0,0,0,0,0,0,water
56041,7,7,0.8,0.565492626003466,0.266459997940302,0.259284103410979,0,0,0,0,0,0,0,0,0,water
56043,8,9,0,0.199903700759161,0.366752730185506,0.248898110919658,0,0,0,0,0,0,0,0,0,water
56045,7,9,0.7,0.772714473053174,0.316959761852972,0.449461138293345,0,0,0,0,0,0,0,0,0,water
